pos	chrom	position	base	paired
16S_rRNA_1_+	16S_rRNA	1	A	0
16S_rRNA_2_+	16S_rRNA	2	A	0
16S_rRNA_3_+	16S_rRNA	3	A	0
16S_rRNA_4_+	16S_rRNA	4	U	0
16S_rRNA_5_+	16S_rRNA	5	U	0
16S_rRNA_6_+	16S_rRNA	6	G	0
16S_rRNA_7_+	16S_rRNA	7	A	0
16S_rRNA_8_+	16S_rRNA	8	A	0
16S_rRNA_9_+	16S_rRNA	9	G	1
16S_rRNA_10_+	16S_rRNA	10	A	1
16S_rRNA_11_+	16S_rRNA	11	G	1
16S_rRNA_12_+	16S_rRNA	12	U	1
16S_rRNA_13_+	16S_rRNA	13	U	1
16S_rRNA_14_+	16S_rRNA	14	U	0
16S_rRNA_15_+	16S_rRNA	15	G	0
16S_rRNA_16_+	16S_rRNA	16	A	0
16S_rRNA_17_+	16S_rRNA	17	U	1
16S_rRNA_18_+	16S_rRNA	18	C	1
16S_rRNA_19_+	16S_rRNA	19	A	1
16S_rRNA_20_+	16S_rRNA	20	U	0
16S_rRNA_21_+	16S_rRNA	21	G	1
16S_rRNA_22_+	16S_rRNA	22	G	1
16S_rRNA_23_+	16S_rRNA	23	C	1
16S_rRNA_24_+	16S_rRNA	24	U	1
16S_rRNA_25_+	16S_rRNA	25	C	1
16S_rRNA_26_+	16S_rRNA	26	A	0
16S_rRNA_27_+	16S_rRNA	27	G	1
16S_rRNA_28_+	16S_rRNA	28	A	1
16S_rRNA_29_+	16S_rRNA	29	U	1
16S_rRNA_30_+	16S_rRNA	30	U	1
16S_rRNA_31_+	16S_rRNA	31	G	0
16S_rRNA_32_+	16S_rRNA	32	A	1
16S_rRNA_33_+	16S_rRNA	33	A	1
16S_rRNA_34_+	16S_rRNA	34	C	1
16S_rRNA_35_+	16S_rRNA	35	G	1
16S_rRNA_36_+	16S_rRNA	36	C	1
16S_rRNA_37_+	16S_rRNA	37	U	1
16S_rRNA_38_+	16S_rRNA	38	G	0
16S_rRNA_39_+	16S_rRNA	39	G	1
16S_rRNA_40_+	16S_rRNA	40	C	1
16S_rRNA_41_+	16S_rRNA	41	G	1
16S_rRNA_42_+	16S_rRNA	42	G	1
16S_rRNA_43_+	16S_rRNA	43	C	1
16S_rRNA_44_+	16S_rRNA	44	A	1
16S_rRNA_45_+	16S_rRNA	45	G	1
16S_rRNA_46_+	16S_rRNA	46	G	1
16S_rRNA_47_+	16S_rRNA	47	C	1
16S_rRNA_48_+	16S_rRNA	48	C	0
16S_rRNA_49_+	16S_rRNA	49	U	0
16S_rRNA_50_+	16S_rRNA	50	A	0
16S_rRNA_51_+	16S_rRNA	51	A	0
16S_rRNA_52_+	16S_rRNA	52	C	1
16S_rRNA_53_+	16S_rRNA	53	A	1
16S_rRNA_54_+	16S_rRNA	54	C	1
16S_rRNA_55_+	16S_rRNA	55	A	0
16S_rRNA_56_+	16S_rRNA	56	U	1
16S_rRNA_57_+	16S_rRNA	57	G	1
16S_rRNA_58_+	16S_rRNA	58	C	1
16S_rRNA_59_+	16S_rRNA	59	A	0
16S_rRNA_60_+	16S_rRNA	60	A	0
16S_rRNA_61_+	16S_rRNA	61	G	1
16S_rRNA_62_+	16S_rRNA	62	U	1
16S_rRNA_63_+	16S_rRNA	63	C	1
16S_rRNA_64_+	16S_rRNA	64	G	0
16S_rRNA_65_+	16S_rRNA	65	A	0
16S_rRNA_66_+	16S_rRNA	66	A	1
16S_rRNA_67_+	16S_rRNA	67	C	1
16S_rRNA_68_+	16S_rRNA	68	G	1
16S_rRNA_69_+	16S_rRNA	69	G	1
16S_rRNA_70_+	16S_rRNA	70	U	1
16S_rRNA_71_+	16S_rRNA	71	A	0
16S_rRNA_72_+	16S_rRNA	72	A	0
16S_rRNA_73_+	16S_rRNA	73	C	1
16S_rRNA_74_+	16S_rRNA	74	A	1
16S_rRNA_75_+	16S_rRNA	75	G	1
16S_rRNA_76_+	16S_rRNA	76	G	1
16S_rRNA_77_+	16S_rRNA	77	A	1
16S_rRNA_78_+	16S_rRNA	78	A	1
16S_rRNA_79_+	16S_rRNA	79	G	1
16S_rRNA_80_+	16S_rRNA	80	A	1
16S_rRNA_81_+	16S_rRNA	81	A	1
16S_rRNA_82_+	16S_rRNA	82	G	1
16S_rRNA_83_+	16S_rRNA	83	C	0
16S_rRNA_84_+	16S_rRNA	84	U	0
16S_rRNA_85_+	16S_rRNA	85	U	0
16S_rRNA_86_+	16S_rRNA	86	G	0
16S_rRNA_87_+	16S_rRNA	87	C	1
16S_rRNA_88_+	16S_rRNA	88	U	1
16S_rRNA_89_+	16S_rRNA	89	U	1
16S_rRNA_90_+	16S_rRNA	90	C	1
16S_rRNA_91_+	16S_rRNA	91	U	1
16S_rRNA_92_+	16S_rRNA	92	U	1
16S_rRNA_93_+	16S_rRNA	93	U	1
16S_rRNA_94_+	16S_rRNA	94	G	0
16S_rRNA_95_+	16S_rRNA	95	C	1
16S_rRNA_96_+	16S_rRNA	96	U	1
16S_rRNA_97_+	16S_rRNA	97	G	1
16S_rRNA_98_+	16S_rRNA	98	A	1
16S_rRNA_99_+	16S_rRNA	99	C	1
16S_rRNA_100_+	16S_rRNA	100	G	0
16S_rRNA_101_+	16S_rRNA	101	A	1
16S_rRNA_102_+	16S_rRNA	102	G	1
16S_rRNA_103_+	16S_rRNA	103	U	1
16S_rRNA_104_+	16S_rRNA	104	G	1
16S_rRNA_105_+	16S_rRNA	105	G	1
16S_rRNA_106_+	16S_rRNA	106	C	1
16S_rRNA_107_+	16S_rRNA	107	G	0
16S_rRNA_108_+	16S_rRNA	108	G	0
16S_rRNA_109_+	16S_rRNA	109	A	0
16S_rRNA_110_+	16S_rRNA	110	C	0
16S_rRNA_111_+	16S_rRNA	111	G	0
16S_rRNA_112_+	16S_rRNA	112	G	0
16S_rRNA_113_+	16S_rRNA	113	G	1
16S_rRNA_114_+	16S_rRNA	114	U	1
16S_rRNA_115_+	16S_rRNA	115	G	1
16S_rRNA_116_+	16S_rRNA	116	A	0
16S_rRNA_117_+	16S_rRNA	117	G	0
16S_rRNA_118_+	16S_rRNA	118	U	0
16S_rRNA_119_+	16S_rRNA	119	A	0
16S_rRNA_120_+	16S_rRNA	120	A	0
16S_rRNA_121_+	16S_rRNA	121	U	0
16S_rRNA_122_+	16S_rRNA	122	G	1
16S_rRNA_123_+	16S_rRNA	123	U	1
16S_rRNA_124_+	16S_rRNA	124	C	1
16S_rRNA_125_+	16S_rRNA	125	U	1
16S_rRNA_126_+	16S_rRNA	126	G	1
16S_rRNA_127_+	16S_rRNA	127	G	1
16S_rRNA_128_+	16S_rRNA	128	G	1
16S_rRNA_129_+	16S_rRNA	129	A	1
16S_rRNA_130_+	16S_rRNA	130	A	0
16S_rRNA_131_+	16S_rRNA	131	A	1
16S_rRNA_132_+	16S_rRNA	132	C	1
16S_rRNA_133_+	16S_rRNA	133	U	0
16S_rRNA_134_+	16S_rRNA	134	G	0
16S_rRNA_135_+	16S_rRNA	135	C	0
16S_rRNA_136_+	16S_rRNA	136	C	1
16S_rRNA_137_+	16S_rRNA	137	U	1
16S_rRNA_138_+	16S_rRNA	138	G	1
16S_rRNA_139_+	16S_rRNA	139	A	1
16S_rRNA_140_+	16S_rRNA	140	U	1
16S_rRNA_141_+	16S_rRNA	141	G	1
16S_rRNA_142_+	16S_rRNA	142	G	1
16S_rRNA_143_+	16S_rRNA	143	A	0
16S_rRNA_144_+	16S_rRNA	144	G	1
16S_rRNA_145_+	16S_rRNA	145	G	1
16S_rRNA_146_+	16S_rRNA	146	G	1
16S_rRNA_147_+	16S_rRNA	147	G	1
16S_rRNA_148_+	16S_rRNA	148	G	0
16S_rRNA_149_+	16S_rRNA	149	A	0
16S_rRNA_150_+	16S_rRNA	150	U	0
16S_rRNA_151_+	16S_rRNA	151	A	0
16S_rRNA_152_+	16S_rRNA	152	A	1
16S_rRNA_153_+	16S_rRNA	153	C	1
16S_rRNA_154_+	16S_rRNA	154	U	1
16S_rRNA_155_+	16S_rRNA	155	A	1
16S_rRNA_156_+	16S_rRNA	156	C	1
16S_rRNA_157_+	16S_rRNA	157	U	1
16S_rRNA_158_+	16S_rRNA	158	G	1
16S_rRNA_159_+	16S_rRNA	159	G	0
16S_rRNA_160_+	16S_rRNA	160	A	0
16S_rRNA_161_+	16S_rRNA	161	A	0
16S_rRNA_162_+	16S_rRNA	162	A	0
16S_rRNA_163_+	16S_rRNA	163	C	1
16S_rRNA_164_+	16S_rRNA	164	G	1
16S_rRNA_165_+	16S_rRNA	165	G	1
16S_rRNA_166_+	16S_rRNA	166	U	1
16S_rRNA_167_+	16S_rRNA	167	A	1
16S_rRNA_168_+	16S_rRNA	168	G	1
16S_rRNA_169_+	16S_rRNA	169	C	1
16S_rRNA_170_+	16S_rRNA	170	U	0
16S_rRNA_171_+	16S_rRNA	171	A	0
16S_rRNA_172_+	16S_rRNA	172	A	0
16S_rRNA_173_+	16S_rRNA	173	U	0
16S_rRNA_174_+	16S_rRNA	174	A	0
16S_rRNA_175_+	16S_rRNA	175	C	1
16S_rRNA_176_+	16S_rRNA	176	C	1
16S_rRNA_177_+	16S_rRNA	177	G	1
16S_rRNA_178_+	16S_rRNA	178	C	1
16S_rRNA_179_+	16S_rRNA	179	A	0
16S_rRNA_180_+	16S_rRNA	180	U	0
16S_rRNA_181_+	16S_rRNA	181	A	0
16S_rRNA_182_+	16S_rRNA	182	A	0
16S_rRNA_183_+	16S_rRNA	183	C	0
16S_rRNA_184_+	16S_rRNA	184	G	1
16S_rRNA_185_+	16S_rRNA	185	U	1
16S_rRNA_186_+	16S_rRNA	186	C	1
16S_rRNA_187_+	16S_rRNA	187	G	0
16S_rRNA_188_+	16S_rRNA	188	C	0
16S_rRNA_189_+	16S_rRNA	189	A	0
16S_rRNA_190_+	16S_rRNA	190	A	0
16S_rRNA_191_+	16S_rRNA	191	G	1
16S_rRNA_192_+	16S_rRNA	192	A	1
16S_rRNA_193_+	16S_rRNA	193	C	1
16S_rRNA_194_+	16S_rRNA	194	C	0
16S_rRNA_195_+	16S_rRNA	195	A	0
16S_rRNA_196_+	16S_rRNA	196	A	0
16S_rRNA_197_+	16S_rRNA	197	A	0
16S_rRNA_198_+	16S_rRNA	198	G	1
16S_rRNA_199_+	16S_rRNA	199	A	1
16S_rRNA_200_+	16S_rRNA	200	G	1
16S_rRNA_201_+	16S_rRNA	201	G	1
16S_rRNA_202_+	16S_rRNA	202	G	1
16S_rRNA_203_+	16S_rRNA	203	G	1
16S_rRNA_204_+	16S_rRNA	204	G	0
16S_rRNA_205_+	16S_rRNA	205	A	0
16S_rRNA_206_+	16S_rRNA	206	C	1
16S_rRNA_207_+	16S_rRNA	207	C	1
16S_rRNA_208_+	16S_rRNA	208	U	0
16S_rRNA_209_+	16S_rRNA	209	U	0
16S_rRNA_210_+	16S_rRNA	210	C	0
16S_rRNA_211_+	16S_rRNA	211	G	0
16S_rRNA_212_+	16S_rRNA	212	G	1
16S_rRNA_213_+	16S_rRNA	213	G	1
16S_rRNA_214_+	16S_rRNA	214	C	1
16S_rRNA_215_+	16S_rRNA	215	C	1
16S_rRNA_216_+	16S_rRNA	216	U	1
16S_rRNA_217_+	16S_rRNA	217	C	1
16S_rRNA_218_+	16S_rRNA	218	U	1
16S_rRNA_219_+	16S_rRNA	219	U	1
16S_rRNA_220_+	16S_rRNA	220	G	0
16S_rRNA_221_+	16S_rRNA	221	C	1
16S_rRNA_222_+	16S_rRNA	222	C	1
16S_rRNA_223_+	16S_rRNA	223	A	1
16S_rRNA_224_+	16S_rRNA	224	U	1
16S_rRNA_225_+	16S_rRNA	225	C	1
16S_rRNA_226_+	16S_rRNA	226	G	1
16S_rRNA_227_+	16S_rRNA	227	G	1
16S_rRNA_228_+	16S_rRNA	228	A	0
16S_rRNA_229_+	16S_rRNA	229	U	0
16S_rRNA_230_+	16S_rRNA	230	G	1
16S_rRNA_231_+	16S_rRNA	231	U	1
16S_rRNA_232_+	16S_rRNA	232	G	1
16S_rRNA_233_+	16S_rRNA	233	C	1
16S_rRNA_234_+	16S_rRNA	234	C	1
16S_rRNA_235_+	16S_rRNA	235	C	1
16S_rRNA_236_+	16S_rRNA	236	A	1
16S_rRNA_237_+	16S_rRNA	237	G	1
16S_rRNA_238_+	16S_rRNA	238	A	1
16S_rRNA_239_+	16S_rRNA	239	U	1
16S_rRNA_240_+	16S_rRNA	240	G	1
16S_rRNA_241_+	16S_rRNA	241	G	1
16S_rRNA_242_+	16S_rRNA	242	G	1
16S_rRNA_243_+	16S_rRNA	243	A	0
16S_rRNA_244_+	16S_rRNA	244	U	0
16S_rRNA_245_+	16S_rRNA	245	U	1
16S_rRNA_246_+	16S_rRNA	246	A	0
16S_rRNA_247_+	16S_rRNA	247	G	1
16S_rRNA_248_+	16S_rRNA	248	C	1
16S_rRNA_249_+	16S_rRNA	249	U	1
16S_rRNA_250_+	16S_rRNA	250	A	0
16S_rRNA_251_+	16S_rRNA	251	G	0
16S_rRNA_252_+	16S_rRNA	252	U	1
16S_rRNA_253_+	16S_rRNA	253	A	1
16S_rRNA_254_+	16S_rRNA	254	G	1
16S_rRNA_255_+	16S_rRNA	255	G	1
16S_rRNA_256_+	16S_rRNA	256	U	1
16S_rRNA_257_+	16S_rRNA	257	G	1
16S_rRNA_258_+	16S_rRNA	258	G	1
16S_rRNA_259_+	16S_rRNA	259	G	1
16S_rRNA_260_+	16S_rRNA	260	G	0
16S_rRNA_261_+	16S_rRNA	261	U	0
16S_rRNA_262_+	16S_rRNA	262	A	0
16S_rRNA_263_+	16S_rRNA	263	A	0
16S_rRNA_264_+	16S_rRNA	264	C	0
16S_rRNA_265_+	16S_rRNA	265	G	0
16S_rRNA_266_+	16S_rRNA	266	G	0
16S_rRNA_267_+	16S_rRNA	267	C	1
16S_rRNA_268_+	16S_rRNA	268	U	1
16S_rRNA_269_+	16S_rRNA	269	C	1
16S_rRNA_270_+	16S_rRNA	270	A	1
16S_rRNA_271_+	16S_rRNA	271	C	1
16S_rRNA_272_+	16S_rRNA	272	C	1
16S_rRNA_273_+	16S_rRNA	273	U	1
16S_rRNA_274_+	16S_rRNA	274	A	1
16S_rRNA_275_+	16S_rRNA	275	G	1
16S_rRNA_276_+	16S_rRNA	276	G	1
16S_rRNA_277_+	16S_rRNA	277	C	1
16S_rRNA_278_+	16S_rRNA	278	G	0
16S_rRNA_279_+	16S_rRNA	279	A	0
16S_rRNA_280_+	16S_rRNA	280	C	0
16S_rRNA_281_+	16S_rRNA	281	G	0
16S_rRNA_282_+	16S_rRNA	282	A	0
16S_rRNA_283_+	16S_rRNA	283	U	1
16S_rRNA_284_+	16S_rRNA	284	C	1
16S_rRNA_285_+	16S_rRNA	285	C	1
16S_rRNA_286_+	16S_rRNA	286	C	1
16S_rRNA_287_+	16S_rRNA	287	U	0
16S_rRNA_288_+	16S_rRNA	288	A	0
16S_rRNA_289_+	16S_rRNA	289	G	1
16S_rRNA_290_+	16S_rRNA	290	C	1
16S_rRNA_291_+	16S_rRNA	291	U	1
16S_rRNA_292_+	16S_rRNA	292	G	1
16S_rRNA_293_+	16S_rRNA	293	G	1
16S_rRNA_294_+	16S_rRNA	294	U	1
16S_rRNA_295_+	16S_rRNA	295	C	1
16S_rRNA_296_+	16S_rRNA	296	U	1
16S_rRNA_297_+	16S_rRNA	297	G	0
16S_rRNA_298_+	16S_rRNA	298	A	0
16S_rRNA_299_+	16S_rRNA	299	G	0
16S_rRNA_300_+	16S_rRNA	300	A	0
16S_rRNA_301_+	16S_rRNA	301	G	1
16S_rRNA_302_+	16S_rRNA	302	G	1
16S_rRNA_303_+	16S_rRNA	303	A	1
16S_rRNA_304_+	16S_rRNA	304	U	1
16S_rRNA_305_+	16S_rRNA	305	G	0
16S_rRNA_306_+	16S_rRNA	306	A	0
16S_rRNA_307_+	16S_rRNA	307	C	0
16S_rRNA_308_+	16S_rRNA	308	C	1
16S_rRNA_309_+	16S_rRNA	309	A	1
16S_rRNA_310_+	16S_rRNA	310	G	1
16S_rRNA_311_+	16S_rRNA	311	C	1
16S_rRNA_312_+	16S_rRNA	312	C	1
16S_rRNA_313_+	16S_rRNA	313	A	1
16S_rRNA_314_+	16S_rRNA	314	C	1
16S_rRNA_315_+	16S_rRNA	315	A	0
16S_rRNA_316_+	16S_rRNA	316	C	1
16S_rRNA_317_+	16S_rRNA	317	U	1
16S_rRNA_318_+	16S_rRNA	318	G	1
16S_rRNA_319_+	16S_rRNA	319	G	1
16S_rRNA_320_+	16S_rRNA	320	A	1
16S_rRNA_321_+	16S_rRNA	321	A	1
16S_rRNA_322_+	16S_rRNA	322	C	0
16S_rRNA_323_+	16S_rRNA	323	U	0
16S_rRNA_324_+	16S_rRNA	324	G	0
16S_rRNA_325_+	16S_rRNA	325	A	0
16S_rRNA_326_+	16S_rRNA	326	G	0
16S_rRNA_327_+	16S_rRNA	327	A	0
16S_rRNA_328_+	16S_rRNA	328	C	0
16S_rRNA_329_+	16S_rRNA	329	A	0
16S_rRNA_330_+	16S_rRNA	330	C	0
16S_rRNA_331_+	16S_rRNA	331	G	0
16S_rRNA_332_+	16S_rRNA	332	G	1
16S_rRNA_333_+	16S_rRNA	333	U	1
16S_rRNA_334_+	16S_rRNA	334	C	1
16S_rRNA_335_+	16S_rRNA	335	C	1
16S_rRNA_336_+	16S_rRNA	336	A	1
16S_rRNA_337_+	16S_rRNA	337	G	1
16S_rRNA_338_+	16S_rRNA	338	A	0
16S_rRNA_339_+	16S_rRNA	339	C	1
16S_rRNA_340_+	16S_rRNA	340	U	1
16S_rRNA_341_+	16S_rRNA	341	C	1
16S_rRNA_342_+	16S_rRNA	342	C	1
16S_rRNA_343_+	16S_rRNA	343	U	0
16S_rRNA_344_+	16S_rRNA	344	A	0
16S_rRNA_345_+	16S_rRNA	345	C	0
16S_rRNA_346_+	16S_rRNA	346	G	0
16S_rRNA_347_+	16S_rRNA	347	G	1
16S_rRNA_348_+	16S_rRNA	348	G	1
16S_rRNA_349_+	16S_rRNA	349	A	1
16S_rRNA_350_+	16S_rRNA	350	G	1
16S_rRNA_351_+	16S_rRNA	351	G	0
16S_rRNA_352_+	16S_rRNA	352	C	0
16S_rRNA_353_+	16S_rRNA	353	A	0
16S_rRNA_354_+	16S_rRNA	354	G	1
16S_rRNA_355_+	16S_rRNA	355	C	1
16S_rRNA_356_+	16S_rRNA	356	A	1
16S_rRNA_357_+	16S_rRNA	357	G	1
16S_rRNA_358_+	16S_rRNA	358	U	1
16S_rRNA_359_+	16S_rRNA	359	G	1
16S_rRNA_360_+	16S_rRNA	360	G	0
16S_rRNA_361_+	16S_rRNA	361	G	1
16S_rRNA_362_+	16S_rRNA	362	G	0
16S_rRNA_363_+	16S_rRNA	363	A	0
16S_rRNA_364_+	16S_rRNA	364	A	0
16S_rRNA_365_+	16S_rRNA	365	U	0
16S_rRNA_366_+	16S_rRNA	366	A	0
16S_rRNA_367_+	16S_rRNA	367	U	1
16S_rRNA_368_+	16S_rRNA	368	U	0
16S_rRNA_369_+	16S_rRNA	369	G	1
16S_rRNA_370_+	16S_rRNA	370	C	1
16S_rRNA_371_+	16S_rRNA	371	A	1
16S_rRNA_372_+	16S_rRNA	372	C	0
16S_rRNA_373_+	16S_rRNA	373	A	0
16S_rRNA_374_+	16S_rRNA	374	A	0
16S_rRNA_375_+	16S_rRNA	375	U	1
16S_rRNA_376_+	16S_rRNA	376	G	1
16S_rRNA_377_+	16S_rRNA	377	G	1
16S_rRNA_378_+	16S_rRNA	378	G	1
16S_rRNA_379_+	16S_rRNA	379	C	1
16S_rRNA_380_+	16S_rRNA	380	G	0
16S_rRNA_381_+	16S_rRNA	381	C	0
16S_rRNA_382_+	16S_rRNA	382	A	0
16S_rRNA_383_+	16S_rRNA	383	A	0
16S_rRNA_384_+	16S_rRNA	384	G	1
16S_rRNA_385_+	16S_rRNA	385	C	1
16S_rRNA_386_+	16S_rRNA	386	C	1
16S_rRNA_387_+	16S_rRNA	387	U	1
16S_rRNA_388_+	16S_rRNA	388	G	1
16S_rRNA_389_+	16S_rRNA	389	A	0
16S_rRNA_390_+	16S_rRNA	390	U	1
16S_rRNA_391_+	16S_rRNA	391	G	1
16S_rRNA_392_+	16S_rRNA	392	C	1
16S_rRNA_393_+	16S_rRNA	393	A	1
16S_rRNA_394_+	16S_rRNA	394	G	0
16S_rRNA_395_+	16S_rRNA	395	C	1
16S_rRNA_396_+	16S_rRNA	396	C	1
16S_rRNA_397_+	16S_rRNA	397	A	0
16S_rRNA_398_+	16S_rRNA	398	U	1
16S_rRNA_399_+	16S_rRNA	399	G	1
16S_rRNA_400_+	16S_rRNA	400	C	1
16S_rRNA_401_+	16S_rRNA	401	C	1
16S_rRNA_402_+	16S_rRNA	402	G	1
16S_rRNA_403_+	16S_rRNA	403	C	1
16S_rRNA_404_+	16S_rRNA	404	G	0
16S_rRNA_405_+	16S_rRNA	405	U	0
16S_rRNA_406_+	16S_rRNA	406	G	1
16S_rRNA_407_+	16S_rRNA	407	U	1
16S_rRNA_408_+	16S_rRNA	408	A	1
16S_rRNA_409_+	16S_rRNA	409	U	1
16S_rRNA_410_+	16S_rRNA	410	G	0
16S_rRNA_411_+	16S_rRNA	411	A	0
16S_rRNA_412_+	16S_rRNA	412	A	0
16S_rRNA_413_+	16S_rRNA	413	G	0
16S_rRNA_414_+	16S_rRNA	414	A	0
16S_rRNA_415_+	16S_rRNA	415	A	0
16S_rRNA_416_+	16S_rRNA	416	G	1
16S_rRNA_417_+	16S_rRNA	417	G	1
16S_rRNA_418_+	16S_rRNA	418	C	1
16S_rRNA_419_+	16S_rRNA	419	C	1
16S_rRNA_420_+	16S_rRNA	420	U	0
16S_rRNA_421_+	16S_rRNA	421	U	0
16S_rRNA_422_+	16S_rRNA	422	C	0
16S_rRNA_423_+	16S_rRNA	423	G	0
16S_rRNA_424_+	16S_rRNA	424	G	1
16S_rRNA_425_+	16S_rRNA	425	G	1
16S_rRNA_426_+	16S_rRNA	426	U	1
16S_rRNA_427_+	16S_rRNA	427	U	1
16S_rRNA_428_+	16S_rRNA	428	G	0
16S_rRNA_429_+	16S_rRNA	429	U	0
16S_rRNA_430_+	16S_rRNA	430	A	0
16S_rRNA_431_+	16S_rRNA	431	A	0
16S_rRNA_432_+	16S_rRNA	432	A	0
16S_rRNA_433_+	16S_rRNA	433	G	1
16S_rRNA_434_+	16S_rRNA	434	U	1
16S_rRNA_435_+	16S_rRNA	435	A	1
16S_rRNA_436_+	16S_rRNA	436	C	1
16S_rRNA_437_+	16S_rRNA	437	U	0
16S_rRNA_438_+	16S_rRNA	438	U	1
16S_rRNA_439_+	16S_rRNA	439	U	0
16S_rRNA_440_+	16S_rRNA	440	C	1
16S_rRNA_441_+	16S_rRNA	441	A	1
16S_rRNA_442_+	16S_rRNA	442	G	1
16S_rRNA_443_+	16S_rRNA	443	C	1
16S_rRNA_444_+	16S_rRNA	444	G	1
16S_rRNA_445_+	16S_rRNA	445	G	1
16S_rRNA_446_+	16S_rRNA	446	G	1
16S_rRNA_447_+	16S_rRNA	447	G	0
16S_rRNA_448_+	16S_rRNA	448	A	0
16S_rRNA_449_+	16S_rRNA	449	G	0
16S_rRNA_450_+	16S_rRNA	450	G	1
16S_rRNA_451_+	16S_rRNA	451	A	0
16S_rRNA_452_+	16S_rRNA	452	A	0
16S_rRNA_453_+	16S_rRNA	453	G	0
16S_rRNA_454_+	16S_rRNA	454	G	0
16S_rRNA_455_+	16S_rRNA	455	G	1
16S_rRNA_456_+	16S_rRNA	456	A	1
16S_rRNA_457_+	16S_rRNA	457	G	1
16S_rRNA_458_+	16S_rRNA	458	U	1
16S_rRNA_459_+	16S_rRNA	459	A	1
16S_rRNA_460_+	16S_rRNA	460	A	1
16S_rRNA_461_+	16S_rRNA	461	A	1
16S_rRNA_462_+	16S_rRNA	462	G	1
16S_rRNA_463_+	16S_rRNA	463	U	0
16S_rRNA_464_+	16S_rRNA	464	U	0
16S_rRNA_465_+	16S_rRNA	465	A	0
16S_rRNA_466_+	16S_rRNA	466	A	0
16S_rRNA_467_+	16S_rRNA	467	U	0
16S_rRNA_468_+	16S_rRNA	468	A	0
16S_rRNA_469_+	16S_rRNA	469	C	0
16S_rRNA_470_+	16S_rRNA	470	C	1
16S_rRNA_471_+	16S_rRNA	471	U	1
16S_rRNA_472_+	16S_rRNA	472	U	1
16S_rRNA_473_+	16S_rRNA	473	U	1
16S_rRNA_474_+	16S_rRNA	474	G	1
16S_rRNA_475_+	16S_rRNA	475	C	1
16S_rRNA_476_+	16S_rRNA	476	U	1
16S_rRNA_477_+	16S_rRNA	477	C	1
16S_rRNA_478_+	16S_rRNA	478	A	0
16S_rRNA_479_+	16S_rRNA	479	U	0
16S_rRNA_480_+	16S_rRNA	480	U	0
16S_rRNA_481_+	16S_rRNA	481	G	0
16S_rRNA_482_+	16S_rRNA	482	A	0
16S_rRNA_483_+	16S_rRNA	483	C	1
16S_rRNA_484_+	16S_rRNA	484	G	0
16S_rRNA_485_+	16S_rRNA	485	U	0
16S_rRNA_486_+	16S_rRNA	486	U	0
16S_rRNA_487_+	16S_rRNA	487	A	0
16S_rRNA_488_+	16S_rRNA	488	C	1
16S_rRNA_489_+	16S_rRNA	489	C	1
16S_rRNA_490_+	16S_rRNA	490	C	1
16S_rRNA_491_+	16S_rRNA	491	G	1
16S_rRNA_492_+	16S_rRNA	492	C	1
16S_rRNA_493_+	16S_rRNA	493	A	1
16S_rRNA_494_+	16S_rRNA	494	G	0
16S_rRNA_495_+	16S_rRNA	495	A	0
16S_rRNA_496_+	16S_rRNA	496	A	1
16S_rRNA_497_+	16S_rRNA	497	G	1
16S_rRNA_498_+	16S_rRNA	498	A	0
16S_rRNA_499_+	16S_rRNA	499	A	0
16S_rRNA_500_+	16S_rRNA	500	G	1
16S_rRNA_501_+	16S_rRNA	501	C	1
16S_rRNA_502_+	16S_rRNA	502	A	1
16S_rRNA_503_+	16S_rRNA	503	C	1
16S_rRNA_504_+	16S_rRNA	504	C	1
16S_rRNA_505_+	16S_rRNA	505	G	1
16S_rRNA_506_+	16S_rRNA	506	G	1
16S_rRNA_507_+	16S_rRNA	507	C	1
16S_rRNA_508_+	16S_rRNA	508	U	0
16S_rRNA_509_+	16S_rRNA	509	A	0
16S_rRNA_510_+	16S_rRNA	510	A	0
16S_rRNA_511_+	16S_rRNA	511	C	1
16S_rRNA_512_+	16S_rRNA	512	U	1
16S_rRNA_513_+	16S_rRNA	513	C	1
16S_rRNA_514_+	16S_rRNA	514	C	1
16S_rRNA_515_+	16S_rRNA	515	G	1
16S_rRNA_516_+	16S_rRNA	516	U	0
16S_rRNA_517_+	16S_rRNA	517	G	0
16S_rRNA_518_+	16S_rRNA	518	C	0
16S_rRNA_519_+	16S_rRNA	519	C	0
16S_rRNA_520_+	16S_rRNA	520	A	0
16S_rRNA_521_+	16S_rRNA	521	G	1
16S_rRNA_522_+	16S_rRNA	522	C	1
16S_rRNA_523_+	16S_rRNA	523	A	0
16S_rRNA_524_+	16S_rRNA	524	G	1
16S_rRNA_525_+	16S_rRNA	525	C	1
16S_rRNA_526_+	16S_rRNA	526	C	1
16S_rRNA_527_+	16S_rRNA	527	G	1
16S_rRNA_528_+	16S_rRNA	528	C	1
16S_rRNA_529_+	16S_rRNA	529	G	0
16S_rRNA_530_+	16S_rRNA	530	G	0
16S_rRNA_531_+	16S_rRNA	531	U	0
16S_rRNA_532_+	16S_rRNA	532	A	0
16S_rRNA_533_+	16S_rRNA	533	A	0
16S_rRNA_534_+	16S_rRNA	534	U	0
16S_rRNA_535_+	16S_rRNA	535	A	0
16S_rRNA_536_+	16S_rRNA	536	C	1
16S_rRNA_537_+	16S_rRNA	537	G	1
16S_rRNA_538_+	16S_rRNA	538	G	1
16S_rRNA_539_+	16S_rRNA	539	A	1
16S_rRNA_540_+	16S_rRNA	540	G	1
16S_rRNA_541_+	16S_rRNA	541	G	1
16S_rRNA_542_+	16S_rRNA	542	G	1
16S_rRNA_543_+	16S_rRNA	543	U	1
16S_rRNA_544_+	16S_rRNA	544	G	1
16S_rRNA_545_+	16S_rRNA	545	C	1
16S_rRNA_546_+	16S_rRNA	546	A	0
16S_rRNA_547_+	16S_rRNA	547	A	1
16S_rRNA_548_+	16S_rRNA	548	G	1
16S_rRNA_549_+	16S_rRNA	549	C	1
16S_rRNA_550_+	16S_rRNA	550	G	1
16S_rRNA_551_+	16S_rRNA	551	U	1
16S_rRNA_552_+	16S_rRNA	552	U	1
16S_rRNA_553_+	16S_rRNA	553	A	1
16S_rRNA_554_+	16S_rRNA	554	A	1
16S_rRNA_555_+	16S_rRNA	555	U	1
16S_rRNA_556_+	16S_rRNA	556	C	1
16S_rRNA_557_+	16S_rRNA	557	G	0
16S_rRNA_558_+	16S_rRNA	558	G	0
16S_rRNA_559_+	16S_rRNA	559	A	0
16S_rRNA_560_+	16S_rRNA	560	A	0
16S_rRNA_561_+	16S_rRNA	561	U	0
16S_rRNA_562_+	16S_rRNA	562	U	0
16S_rRNA_563_+	16S_rRNA	563	A	0
16S_rRNA_564_+	16S_rRNA	564	C	0
16S_rRNA_565_+	16S_rRNA	565	U	0
16S_rRNA_566_+	16S_rRNA	566	G	0
16S_rRNA_567_+	16S_rRNA	567	G	1
16S_rRNA_568_+	16S_rRNA	568	G	1
16S_rRNA_569_+	16S_rRNA	569	C	1
16S_rRNA_570_+	16S_rRNA	570	G	1
16S_rRNA_571_+	16S_rRNA	571	U	1
16S_rRNA_572_+	16S_rRNA	572	A	0
16S_rRNA_573_+	16S_rRNA	573	A	0
16S_rRNA_574_+	16S_rRNA	574	A	0
16S_rRNA_575_+	16S_rRNA	575	G	1
16S_rRNA_576_+	16S_rRNA	576	C	0
16S_rRNA_577_+	16S_rRNA	577	G	1
16S_rRNA_578_+	16S_rRNA	578	C	1
16S_rRNA_579_+	16S_rRNA	579	A	1
16S_rRNA_580_+	16S_rRNA	580	C	1
16S_rRNA_581_+	16S_rRNA	581	G	0
16S_rRNA_582_+	16S_rRNA	582	C	1
16S_rRNA_583_+	16S_rRNA	583	A	0
16S_rRNA_584_+	16S_rRNA	584	G	1
16S_rRNA_585_+	16S_rRNA	585	G	1
16S_rRNA_586_+	16S_rRNA	586	C	1
16S_rRNA_587_+	16S_rRNA	587	G	0
16S_rRNA_588_+	16S_rRNA	588	G	1
16S_rRNA_589_+	16S_rRNA	589	U	1
16S_rRNA_590_+	16S_rRNA	590	U	1
16S_rRNA_591_+	16S_rRNA	591	U	1
16S_rRNA_592_+	16S_rRNA	592	G	1
16S_rRNA_593_+	16S_rRNA	593	U	1
16S_rRNA_594_+	16S_rRNA	594	U	1
16S_rRNA_595_+	16S_rRNA	595	A	0
16S_rRNA_596_+	16S_rRNA	596	A	1
16S_rRNA_597_+	16S_rRNA	597	G	1
16S_rRNA_598_+	16S_rRNA	598	U	1
16S_rRNA_599_+	16S_rRNA	599	C	1
16S_rRNA_600_+	16S_rRNA	600	A	1
16S_rRNA_601_+	16S_rRNA	601	G	1
16S_rRNA_602_+	16S_rRNA	602	A	1
16S_rRNA_603_+	16S_rRNA	603	U	1
16S_rRNA_604_+	16S_rRNA	604	G	1
16S_rRNA_605_+	16S_rRNA	605	U	1
16S_rRNA_606_+	16S_rRNA	606	G	1
16S_rRNA_607_+	16S_rRNA	607	A	0
16S_rRNA_608_+	16S_rRNA	608	A	0
16S_rRNA_609_+	16S_rRNA	609	A	0
16S_rRNA_610_+	16S_rRNA	610	U	0
16S_rRNA_611_+	16S_rRNA	611	C	1
16S_rRNA_612_+	16S_rRNA	612	C	1
16S_rRNA_613_+	16S_rRNA	613	C	1
16S_rRNA_614_+	16S_rRNA	614	C	1
16S_rRNA_615_+	16S_rRNA	615	G	1
16S_rRNA_616_+	16S_rRNA	616	G	1
16S_rRNA_617_+	16S_rRNA	617	G	1
16S_rRNA_618_+	16S_rRNA	618	C	0
16S_rRNA_619_+	16S_rRNA	619	U	0
16S_rRNA_620_+	16S_rRNA	620	C	0
16S_rRNA_621_+	16S_rRNA	621	A	0
16S_rRNA_622_+	16S_rRNA	622	A	0
16S_rRNA_623_+	16S_rRNA	623	C	1
16S_rRNA_624_+	16S_rRNA	624	C	1
16S_rRNA_625_+	16S_rRNA	625	U	1
16S_rRNA_626_+	16S_rRNA	626	G	1
16S_rRNA_627_+	16S_rRNA	627	G	1
16S_rRNA_628_+	16S_rRNA	628	G	1
16S_rRNA_629_+	16S_rRNA	629	A	1
16S_rRNA_630_+	16S_rRNA	630	A	0
16S_rRNA_631_+	16S_rRNA	631	C	0
16S_rRNA_632_+	16S_rRNA	632	U	1
16S_rRNA_633_+	16S_rRNA	633	G	1
16S_rRNA_634_+	16S_rRNA	634	C	1
16S_rRNA_635_+	16S_rRNA	635	A	1
16S_rRNA_636_+	16S_rRNA	636	U	1
16S_rRNA_637_+	16S_rRNA	637	C	1
16S_rRNA_638_+	16S_rRNA	638	U	1
16S_rRNA_639_+	16S_rRNA	639	G	1
16S_rRNA_640_+	16S_rRNA	640	A	1
16S_rRNA_641_+	16S_rRNA	641	U	0
16S_rRNA_642_+	16S_rRNA	642	A	0
16S_rRNA_643_+	16S_rRNA	643	C	1
16S_rRNA_644_+	16S_rRNA	644	U	1
16S_rRNA_645_+	16S_rRNA	645	G	1
16S_rRNA_646_+	16S_rRNA	646	G	1
16S_rRNA_647_+	16S_rRNA	647	C	1
16S_rRNA_648_+	16S_rRNA	648	A	1
16S_rRNA_649_+	16S_rRNA	649	A	1
16S_rRNA_650_+	16S_rRNA	650	G	1
16S_rRNA_651_+	16S_rRNA	651	C	1
16S_rRNA_652_+	16S_rRNA	652	U	0
16S_rRNA_653_+	16S_rRNA	653	U	0
16S_rRNA_654_+	16S_rRNA	654	G	0
16S_rRNA_655_+	16S_rRNA	655	A	1
16S_rRNA_656_+	16S_rRNA	656	G	1
16S_rRNA_657_+	16S_rRNA	657	U	1
16S_rRNA_658_+	16S_rRNA	658	C	1
16S_rRNA_659_+	16S_rRNA	659	U	1
16S_rRNA_660_+	16S_rRNA	660	C	1
16S_rRNA_661_+	16S_rRNA	661	G	1
16S_rRNA_662_+	16S_rRNA	662	U	1
16S_rRNA_663_+	16S_rRNA	663	A	1
16S_rRNA_664_+	16S_rRNA	664	G	0
16S_rRNA_665_+	16S_rRNA	665	A	0
16S_rRNA_666_+	16S_rRNA	666	G	1
16S_rRNA_667_+	16S_rRNA	667	G	1
16S_rRNA_668_+	16S_rRNA	668	G	1
16S_rRNA_669_+	16S_rRNA	669	G	1
16S_rRNA_670_+	16S_rRNA	670	G	1
16S_rRNA_671_+	16S_rRNA	671	G	1
16S_rRNA_672_+	16S_rRNA	672	U	1
16S_rRNA_673_+	16S_rRNA	673	A	1
16S_rRNA_674_+	16S_rRNA	674	G	1
16S_rRNA_675_+	16S_rRNA	675	A	0
16S_rRNA_676_+	16S_rRNA	676	A	0
16S_rRNA_677_+	16S_rRNA	677	U	1
16S_rRNA_678_+	16S_rRNA	678	U	1
16S_rRNA_679_+	16S_rRNA	679	C	1
16S_rRNA_680_+	16S_rRNA	680	C	1
16S_rRNA_681_+	16S_rRNA	681	A	1
16S_rRNA_682_+	16S_rRNA	682	G	1
16S_rRNA_683_+	16S_rRNA	683	G	1
16S_rRNA_684_+	16S_rRNA	684	U	1
16S_rRNA_685_+	16S_rRNA	685	G	0
16S_rRNA_686_+	16S_rRNA	686	U	0
16S_rRNA_687_+	16S_rRNA	687	A	0
16S_rRNA_688_+	16S_rRNA	688	G	1
16S_rRNA_689_+	16S_rRNA	689	C	1
16S_rRNA_690_+	16S_rRNA	690	G	1
16S_rRNA_691_+	16S_rRNA	691	G	0
16S_rRNA_692_+	16S_rRNA	692	U	0
16S_rRNA_693_+	16S_rRNA	693	G	0
16S_rRNA_694_+	16S_rRNA	694	A	0
16S_rRNA_695_+	16S_rRNA	695	A	0
16S_rRNA_696_+	16S_rRNA	696	A	0
16S_rRNA_697_+	16S_rRNA	697	U	1
16S_rRNA_698_+	16S_rRNA	698	G	1
16S_rRNA_699_+	16S_rRNA	699	C	1
16S_rRNA_700_+	16S_rRNA	700	G	0
16S_rRNA_701_+	16S_rRNA	701	U	0
16S_rRNA_702_+	16S_rRNA	702	A	0
16S_rRNA_703_+	16S_rRNA	703	G	0
16S_rRNA_704_+	16S_rRNA	704	A	0
16S_rRNA_705_+	16S_rRNA	705	G	0
16S_rRNA_706_+	16S_rRNA	706	A	1
16S_rRNA_707_+	16S_rRNA	707	U	1
16S_rRNA_708_+	16S_rRNA	708	C	1
16S_rRNA_709_+	16S_rRNA	709	U	1
16S_rRNA_710_+	16S_rRNA	710	G	1
16S_rRNA_711_+	16S_rRNA	711	G	1
16S_rRNA_712_+	16S_rRNA	712	A	1
16S_rRNA_713_+	16S_rRNA	713	G	1
16S_rRNA_714_+	16S_rRNA	714	G	0
16S_rRNA_715_+	16S_rRNA	715	A	0
16S_rRNA_716_+	16S_rRNA	716	A	1
16S_rRNA_717_+	16S_rRNA	717	U	1
16S_rRNA_718_+	16S_rRNA	718	A	0
16S_rRNA_719_+	16S_rRNA	719	C	0
16S_rRNA_720_+	16S_rRNA	720	C	0
16S_rRNA_721_+	16S_rRNA	721	G	0
16S_rRNA_722_+	16S_rRNA	722	G	1
16S_rRNA_723_+	16S_rRNA	723	U	0
16S_rRNA_724_+	16S_rRNA	724	G	0
16S_rRNA_725_+	16S_rRNA	725	G	1
16S_rRNA_726_+	16S_rRNA	726	C	1
16S_rRNA_727_+	16S_rRNA	727	G	0
16S_rRNA_728_+	16S_rRNA	728	A	0
16S_rRNA_729_+	16S_rRNA	729	A	0
16S_rRNA_730_+	16S_rRNA	730	G	0
16S_rRNA_731_+	16S_rRNA	731	G	1
16S_rRNA_732_+	16S_rRNA	732	C	1
16S_rRNA_733_+	16S_rRNA	733	G	1
16S_rRNA_734_+	16S_rRNA	734	G	1
16S_rRNA_735_+	16S_rRNA	735	C	1
16S_rRNA_736_+	16S_rRNA	736	C	1
16S_rRNA_737_+	16S_rRNA	737	C	1
16S_rRNA_738_+	16S_rRNA	738	C	1
16S_rRNA_739_+	16S_rRNA	739	C	1
16S_rRNA_740_+	16S_rRNA	740	U	1
16S_rRNA_741_+	16S_rRNA	741	G	0
16S_rRNA_742_+	16S_rRNA	742	G	1
16S_rRNA_743_+	16S_rRNA	743	A	1
16S_rRNA_744_+	16S_rRNA	744	C	1
16S_rRNA_745_+	16S_rRNA	745	G	1
16S_rRNA_746_+	16S_rRNA	746	A	1
16S_rRNA_747_+	16S_rRNA	747	A	0
16S_rRNA_748_+	16S_rRNA	748	G	1
16S_rRNA_749_+	16S_rRNA	749	A	1
16S_rRNA_750_+	16S_rRNA	750	C	1
16S_rRNA_751_+	16S_rRNA	751	U	1
16S_rRNA_752_+	16S_rRNA	752	G	0
16S_rRNA_753_+	16S_rRNA	753	A	0
16S_rRNA_754_+	16S_rRNA	754	C	0
16S_rRNA_755_+	16S_rRNA	755	G	1
16S_rRNA_756_+	16S_rRNA	756	C	1
16S_rRNA_757_+	16S_rRNA	757	U	1
16S_rRNA_758_+	16S_rRNA	758	C	1
16S_rRNA_759_+	16S_rRNA	759	A	0
16S_rRNA_760_+	16S_rRNA	760	G	0
16S_rRNA_761_+	16S_rRNA	761	G	1
16S_rRNA_762_+	16S_rRNA	762	U	1
16S_rRNA_763_+	16S_rRNA	763	G	1
16S_rRNA_764_+	16S_rRNA	764	C	1
16S_rRNA_765_+	16S_rRNA	765	G	0
16S_rRNA_766_+	16S_rRNA	766	A	0
16S_rRNA_767_+	16S_rRNA	767	A	0
16S_rRNA_768_+	16S_rRNA	768	A	0
16S_rRNA_769_+	16S_rRNA	769	G	1
16S_rRNA_770_+	16S_rRNA	770	C	1
16S_rRNA_771_+	16S_rRNA	771	G	1
16S_rRNA_772_+	16S_rRNA	772	U	1
16S_rRNA_773_+	16S_rRNA	773	G	1
16S_rRNA_774_+	16S_rRNA	774	G	1
16S_rRNA_775_+	16S_rRNA	775	G	0
16S_rRNA_776_+	16S_rRNA	776	G	0
16S_rRNA_777_+	16S_rRNA	777	A	0
16S_rRNA_778_+	16S_rRNA	778	G	1
16S_rRNA_779_+	16S_rRNA	779	C	1
16S_rRNA_780_+	16S_rRNA	780	A	0
16S_rRNA_781_+	16S_rRNA	781	A	0
16S_rRNA_782_+	16S_rRNA	782	A	0
16S_rRNA_783_+	16S_rRNA	783	C	1
16S_rRNA_784_+	16S_rRNA	784	A	1
16S_rRNA_785_+	16S_rRNA	785	G	1
16S_rRNA_786_+	16S_rRNA	786	G	1
16S_rRNA_787_+	16S_rRNA	787	A	0
16S_rRNA_788_+	16S_rRNA	788	U	0
16S_rRNA_789_+	16S_rRNA	789	U	0
16S_rRNA_790_+	16S_rRNA	790	A	0
16S_rRNA_791_+	16S_rRNA	791	G	0
16S_rRNA_792_+	16S_rRNA	792	A	0
16S_rRNA_793_+	16S_rRNA	793	U	0
16S_rRNA_794_+	16S_rRNA	794	A	0
16S_rRNA_795_+	16S_rRNA	795	C	0
16S_rRNA_796_+	16S_rRNA	796	C	1
16S_rRNA_797_+	16S_rRNA	797	C	1
16S_rRNA_798_+	16S_rRNA	798	U	1
16S_rRNA_799_+	16S_rRNA	799	G	1
16S_rRNA_800_+	16S_rRNA	800	G	0
16S_rRNA_801_+	16S_rRNA	801	U	0
16S_rRNA_802_+	16S_rRNA	802	A	0
16S_rRNA_803_+	16S_rRNA	803	G	1
16S_rRNA_804_+	16S_rRNA	804	U	1
16S_rRNA_805_+	16S_rRNA	805	C	1
16S_rRNA_806_+	16S_rRNA	806	C	1
16S_rRNA_807_+	16S_rRNA	807	A	1
16S_rRNA_808_+	16S_rRNA	808	C	1
16S_rRNA_809_+	16S_rRNA	809	G	1
16S_rRNA_810_+	16S_rRNA	810	C	1
16S_rRNA_811_+	16S_rRNA	811	C	0
16S_rRNA_812_+	16S_rRNA	812	G	0
16S_rRNA_813_+	16S_rRNA	813	U	0
16S_rRNA_814_+	16S_rRNA	814	A	0
16S_rRNA_815_+	16S_rRNA	815	A	0
16S_rRNA_816_+	16S_rRNA	816	A	0
16S_rRNA_817_+	16S_rRNA	817	C	0
16S_rRNA_818_+	16S_rRNA	818	G	0
16S_rRNA_819_+	16S_rRNA	819	A	0
16S_rRNA_820_+	16S_rRNA	820	U	0
16S_rRNA_821_+	16S_rRNA	821	G	1
16S_rRNA_822_+	16S_rRNA	822	U	1
16S_rRNA_823_+	16S_rRNA	823	C	1
16S_rRNA_824_+	16S_rRNA	824	G	1
16S_rRNA_825_+	16S_rRNA	825	A	1
16S_rRNA_826_+	16S_rRNA	826	C	1
16S_rRNA_827_+	16S_rRNA	827	U	0
16S_rRNA_828_+	16S_rRNA	828	U	0
16S_rRNA_829_+	16S_rRNA	829	G	1
16S_rRNA_830_+	16S_rRNA	830	G	1
16S_rRNA_831_+	16S_rRNA	831	A	1
16S_rRNA_832_+	16S_rRNA	832	G	1
16S_rRNA_833_+	16S_rRNA	833	G	1
16S_rRNA_834_+	16S_rRNA	834	U	1
16S_rRNA_835_+	16S_rRNA	835	U	1
16S_rRNA_836_+	16S_rRNA	836	G	1
16S_rRNA_837_+	16S_rRNA	837	U	1
16S_rRNA_838_+	16S_rRNA	838	G	1
16S_rRNA_839_+	16S_rRNA	839	C	1
16S_rRNA_840_+	16S_rRNA	840	C	1
16S_rRNA_841_+	16S_rRNA	841	C	0
16S_rRNA_842_+	16S_rRNA	842	U	0
16S_rRNA_843_+	16S_rRNA	843	U	0
16S_rRNA_844_+	16S_rRNA	844	G	0
16S_rRNA_845_+	16S_rRNA	845	A	0
16S_rRNA_846_+	16S_rRNA	846	G	1
16S_rRNA_847_+	16S_rRNA	847	G	1
16S_rRNA_848_+	16S_rRNA	848	C	1
16S_rRNA_849_+	16S_rRNA	849	G	1
16S_rRNA_850_+	16S_rRNA	850	U	1
16S_rRNA_851_+	16S_rRNA	851	G	1
16S_rRNA_852_+	16S_rRNA	852	G	1
16S_rRNA_853_+	16S_rRNA	853	C	1
16S_rRNA_854_+	16S_rRNA	854	U	1
16S_rRNA_855_+	16S_rRNA	855	U	1
16S_rRNA_856_+	16S_rRNA	856	C	1
16S_rRNA_857_+	16S_rRNA	857	C	1
16S_rRNA_858_+	16S_rRNA	858	G	0
16S_rRNA_859_+	16S_rRNA	859	G	0
16S_rRNA_860_+	16S_rRNA	860	A	0
16S_rRNA_861_+	16S_rRNA	861	G	1
16S_rRNA_862_+	16S_rRNA	862	C	1
16S_rRNA_863_+	16S_rRNA	863	U	0
16S_rRNA_864_+	16S_rRNA	864	A	0
16S_rRNA_865_+	16S_rRNA	865	A	1
16S_rRNA_866_+	16S_rRNA	866	C	1
16S_rRNA_867_+	16S_rRNA	867	G	1
16S_rRNA_868_+	16S_rRNA	868	C	1
16S_rRNA_869_+	16S_rRNA	869	G	0
16S_rRNA_870_+	16S_rRNA	870	U	0
16S_rRNA_871_+	16S_rRNA	871	U	0
16S_rRNA_872_+	16S_rRNA	872	A	0
16S_rRNA_873_+	16S_rRNA	873	A	0
16S_rRNA_874_+	16S_rRNA	874	G	1
16S_rRNA_875_+	16S_rRNA	875	U	1
16S_rRNA_876_+	16S_rRNA	876	C	1
16S_rRNA_877_+	16S_rRNA	877	G	1
16S_rRNA_878_+	16S_rRNA	878	A	1
16S_rRNA_879_+	16S_rRNA	879	C	1
16S_rRNA_880_+	16S_rRNA	880	C	1
16S_rRNA_881_+	16S_rRNA	881	G	1
16S_rRNA_882_+	16S_rRNA	882	C	1
16S_rRNA_883_+	16S_rRNA	883	C	1
16S_rRNA_884_+	16S_rRNA	884	U	0
16S_rRNA_885_+	16S_rRNA	885	G	1
16S_rRNA_886_+	16S_rRNA	886	G	1
16S_rRNA_887_+	16S_rRNA	887	G	1
16S_rRNA_888_+	16S_rRNA	888	G	0
16S_rRNA_889_+	16S_rRNA	889	A	0
16S_rRNA_890_+	16S_rRNA	890	G	0
16S_rRNA_891_+	16S_rRNA	891	U	0
16S_rRNA_892_+	16S_rRNA	892	A	0
16S_rRNA_893_+	16S_rRNA	893	C	0
16S_rRNA_894_+	16S_rRNA	894	G	1
16S_rRNA_895_+	16S_rRNA	895	G	1
16S_rRNA_896_+	16S_rRNA	896	C	1
16S_rRNA_897_+	16S_rRNA	897	C	1
16S_rRNA_898_+	16S_rRNA	898	G	0
16S_rRNA_899_+	16S_rRNA	899	C	0
16S_rRNA_900_+	16S_rRNA	900	A	0
16S_rRNA_901_+	16S_rRNA	901	A	0
16S_rRNA_902_+	16S_rRNA	902	G	1
16S_rRNA_903_+	16S_rRNA	903	G	1
16S_rRNA_904_+	16S_rRNA	904	U	1
16S_rRNA_905_+	16S_rRNA	905	U	1
16S_rRNA_906_+	16S_rRNA	906	A	0
16S_rRNA_907_+	16S_rRNA	907	A	0
16S_rRNA_908_+	16S_rRNA	908	A	0
16S_rRNA_909_+	16S_rRNA	909	A	0
16S_rRNA_910_+	16S_rRNA	910	C	1
16S_rRNA_911_+	16S_rRNA	911	U	1
16S_rRNA_912_+	16S_rRNA	912	C	1
16S_rRNA_913_+	16S_rRNA	913	A	0
16S_rRNA_914_+	16S_rRNA	914	A	0
16S_rRNA_915_+	16S_rRNA	915	A	0
16S_rRNA_916_+	16S_rRNA	916	U	1
16S_rRNA_917_+	16S_rRNA	917	G	1
16S_rRNA_918_+	16S_rRNA	918	A	1
16S_rRNA_919_+	16S_rRNA	919	A	0
16S_rRNA_920_+	16S_rRNA	920	U	0
16S_rRNA_921_+	16S_rRNA	921	U	1
16S_rRNA_922_+	16S_rRNA	922	G	1
16S_rRNA_923_+	16S_rRNA	923	A	1
16S_rRNA_924_+	16S_rRNA	924	C	1
16S_rRNA_925_+	16S_rRNA	925	G	1
16S_rRNA_926_+	16S_rRNA	926	G	0
16S_rRNA_927_+	16S_rRNA	927	G	1
16S_rRNA_928_+	16S_rRNA	928	G	1
16S_rRNA_929_+	16S_rRNA	929	G	1
16S_rRNA_930_+	16S_rRNA	930	C	1
16S_rRNA_931_+	16S_rRNA	931	C	1
16S_rRNA_932_+	16S_rRNA	932	C	1
16S_rRNA_933_+	16S_rRNA	933	G	1
16S_rRNA_934_+	16S_rRNA	934	C	0
16S_rRNA_935_+	16S_rRNA	935	A	1
16S_rRNA_936_+	16S_rRNA	936	C	1
16S_rRNA_937_+	16S_rRNA	937	A	0
16S_rRNA_938_+	16S_rRNA	938	A	0
16S_rRNA_939_+	16S_rRNA	939	G	1
16S_rRNA_940_+	16S_rRNA	940	C	1
16S_rRNA_941_+	16S_rRNA	941	G	1
16S_rRNA_942_+	16S_rRNA	942	G	1
16S_rRNA_943_+	16S_rRNA	943	U	1
16S_rRNA_944_+	16S_rRNA	944	G	1
16S_rRNA_945_+	16S_rRNA	945	G	1
16S_rRNA_946_+	16S_rRNA	946	A	1
16S_rRNA_947_+	16S_rRNA	947	G	1
16S_rRNA_948_+	16S_rRNA	948	C	1
16S_rRNA_949_+	16S_rRNA	949	A	1
16S_rRNA_950_+	16S_rRNA	950	U	1
16S_rRNA_951_+	16S_rRNA	951	G	1
16S_rRNA_952_+	16S_rRNA	952	U	1
16S_rRNA_953_+	16S_rRNA	953	G	1
16S_rRNA_954_+	16S_rRNA	954	G	1
16S_rRNA_955_+	16S_rRNA	955	U	1
16S_rRNA_956_+	16S_rRNA	956	U	0
16S_rRNA_957_+	16S_rRNA	957	U	0
16S_rRNA_958_+	16S_rRNA	958	A	0
16S_rRNA_959_+	16S_rRNA	959	A	0
16S_rRNA_960_+	16S_rRNA	960	U	1
16S_rRNA_961_+	16S_rRNA	961	U	1
16S_rRNA_962_+	16S_rRNA	962	C	1
16S_rRNA_963_+	16S_rRNA	963	G	1
16S_rRNA_964_+	16S_rRNA	964	A	0
16S_rRNA_965_+	16S_rRNA	965	U	0
16S_rRNA_966_+	16S_rRNA	966	G	0
16S_rRNA_967_+	16S_rRNA	967	C	0
16S_rRNA_968_+	16S_rRNA	968	A	0
16S_rRNA_969_+	16S_rRNA	969	A	0
16S_rRNA_970_+	16S_rRNA	970	C	0
16S_rRNA_971_+	16S_rRNA	971	G	0
16S_rRNA_972_+	16S_rRNA	972	C	1
16S_rRNA_973_+	16S_rRNA	973	G	1
16S_rRNA_974_+	16S_rRNA	974	A	1
16S_rRNA_975_+	16S_rRNA	975	A	1
16S_rRNA_976_+	16S_rRNA	976	G	0
16S_rRNA_977_+	16S_rRNA	977	A	0
16S_rRNA_978_+	16S_rRNA	978	A	0
16S_rRNA_979_+	16S_rRNA	979	C	0
16S_rRNA_980_+	16S_rRNA	980	C	0
16S_rRNA_981_+	16S_rRNA	981	U	0
16S_rRNA_982_+	16S_rRNA	982	U	0
16S_rRNA_983_+	16S_rRNA	983	A	0
16S_rRNA_984_+	16S_rRNA	984	C	1
16S_rRNA_985_+	16S_rRNA	985	C	1
16S_rRNA_986_+	16S_rRNA	986	U	1
16S_rRNA_987_+	16S_rRNA	987	G	1
16S_rRNA_988_+	16S_rRNA	988	G	1
16S_rRNA_989_+	16S_rRNA	989	U	1
16S_rRNA_990_+	16S_rRNA	990	C	1
16S_rRNA_991_+	16S_rRNA	991	U	0
16S_rRNA_992_+	16S_rRNA	992	U	0
16S_rRNA_993_+	16S_rRNA	993	G	0
16S_rRNA_994_+	16S_rRNA	994	A	0
16S_rRNA_995_+	16S_rRNA	995	C	0
16S_rRNA_996_+	16S_rRNA	996	A	1
16S_rRNA_997_+	16S_rRNA	997	U	1
16S_rRNA_998_+	16S_rRNA	998	C	1
16S_rRNA_999_+	16S_rRNA	999	C	1
16S_rRNA_1000_+	16S_rRNA	1000	A	1
16S_rRNA_1001_+	16S_rRNA	1001	C	1
16S_rRNA_1002_+	16S_rRNA	1002	G	1
16S_rRNA_1003_+	16S_rRNA	1003	G	1
16S_rRNA_1004_+	16S_rRNA	1004	A	0
16S_rRNA_1005_+	16S_rRNA	1005	A	0
16S_rRNA_1006_+	16S_rRNA	1006	G	1
16S_rRNA_1007_+	16S_rRNA	1007	U	1
16S_rRNA_1008_+	16S_rRNA	1008	U	1
16S_rRNA_1009_+	16S_rRNA	1009	U	1
16S_rRNA_1010_+	16S_rRNA	1010	U	1
16S_rRNA_1011_+	16S_rRNA	1011	C	1
16S_rRNA_1012_+	16S_rRNA	1012	A	1
16S_rRNA_1013_+	16S_rRNA	1013	G	0
16S_rRNA_1014_+	16S_rRNA	1014	A	0
16S_rRNA_1015_+	16S_rRNA	1015	G	0
16S_rRNA_1016_+	16S_rRNA	1016	A	0
16S_rRNA_1017_+	16S_rRNA	1017	U	1
16S_rRNA_1018_+	16S_rRNA	1018	G	1
16S_rRNA_1019_+	16S_rRNA	1019	A	1
16S_rRNA_1020_+	16S_rRNA	1020	G	1
16S_rRNA_1021_+	16S_rRNA	1021	A	1
16S_rRNA_1022_+	16S_rRNA	1022	A	1
16S_rRNA_1023_+	16S_rRNA	1023	U	1
16S_rRNA_1024_+	16S_rRNA	1024	G	0
16S_rRNA_1025_+	16S_rRNA	1025	U	1
16S_rRNA_1026_+	16S_rRNA	1026	G	1
16S_rRNA_1027_+	16S_rRNA	1027	C	1
16S_rRNA_1028_+	16S_rRNA	1028	C	1
16S_rRNA_1029_+	16S_rRNA	1029	U	0
16S_rRNA_1030_+	16S_rRNA	1030	U	0
16S_rRNA_1031_+	16S_rRNA	1031	C	0
16S_rRNA_1032_+	16S_rRNA	1032	G	0
16S_rRNA_1033_+	16S_rRNA	1033	G	1
16S_rRNA_1034_+	16S_rRNA	1034	G	1
16S_rRNA_1035_+	16S_rRNA	1035	A	1
16S_rRNA_1036_+	16S_rRNA	1036	A	1
16S_rRNA_1037_+	16S_rRNA	1037	C	1
16S_rRNA_1038_+	16S_rRNA	1038	C	1
16S_rRNA_1039_+	16S_rRNA	1039	G	1
16S_rRNA_1040_+	16S_rRNA	1040	U	1
16S_rRNA_1041_+	16S_rRNA	1041	G	1
16S_rRNA_1042_+	16S_rRNA	1042	A	0
16S_rRNA_1043_+	16S_rRNA	1043	G	1
16S_rRNA_1044_+	16S_rRNA	1044	A	1
16S_rRNA_1045_+	16S_rRNA	1045	C	1
16S_rRNA_1046_+	16S_rRNA	1046	A	0
16S_rRNA_1047_+	16S_rRNA	1047	G	1
16S_rRNA_1048_+	16S_rRNA	1048	G	1
16S_rRNA_1049_+	16S_rRNA	1049	U	0
16S_rRNA_1050_+	16S_rRNA	1050	G	1
16S_rRNA_1051_+	16S_rRNA	1051	C	1
16S_rRNA_1052_+	16S_rRNA	1052	U	1
16S_rRNA_1053_+	16S_rRNA	1053	G	1
16S_rRNA_1054_+	16S_rRNA	1054	C	0
16S_rRNA_1055_+	16S_rRNA	1055	A	0
16S_rRNA_1056_+	16S_rRNA	1056	U	1
16S_rRNA_1057_+	16S_rRNA	1057	G	1
16S_rRNA_1058_+	16S_rRNA	1058	G	1
16S_rRNA_1059_+	16S_rRNA	1059	C	1
16S_rRNA_1060_+	16S_rRNA	1060	U	1
16S_rRNA_1061_+	16S_rRNA	1061	G	1
16S_rRNA_1062_+	16S_rRNA	1062	U	1
16S_rRNA_1063_+	16S_rRNA	1063	C	1
16S_rRNA_1064_+	16S_rRNA	1064	G	1
16S_rRNA_1065_+	16S_rRNA	1065	U	0
16S_rRNA_1066_+	16S_rRNA	1066	C	0
16S_rRNA_1067_+	16S_rRNA	1067	A	0
16S_rRNA_1068_+	16S_rRNA	1068	G	1
16S_rRNA_1069_+	16S_rRNA	1069	C	1
16S_rRNA_1070_+	16S_rRNA	1070	U	1
16S_rRNA_1071_+	16S_rRNA	1071	C	1
16S_rRNA_1072_+	16S_rRNA	1072	G	1
16S_rRNA_1073_+	16S_rRNA	1073	U	1
16S_rRNA_1074_+	16S_rRNA	1074	G	1
16S_rRNA_1075_+	16S_rRNA	1075	U	1
16S_rRNA_1076_+	16S_rRNA	1076	U	1
16S_rRNA_1077_+	16S_rRNA	1077	G	0
16S_rRNA_1078_+	16S_rRNA	1078	U	0
16S_rRNA_1079_+	16S_rRNA	1079	G	0
16S_rRNA_1080_+	16S_rRNA	1080	A	0
16S_rRNA_1081_+	16S_rRNA	1081	A	1
16S_rRNA_1082_+	16S_rRNA	1082	A	1
16S_rRNA_1083_+	16S_rRNA	1083	U	1
16S_rRNA_1084_+	16S_rRNA	1084	G	0
16S_rRNA_1085_+	16S_rRNA	1085	U	0
16S_rRNA_1086_+	16S_rRNA	1086	U	1
16S_rRNA_1087_+	16S_rRNA	1087	G	1
16S_rRNA_1088_+	16S_rRNA	1088	G	1
16S_rRNA_1089_+	16S_rRNA	1089	G	1
16S_rRNA_1090_+	16S_rRNA	1090	U	0
16S_rRNA_1091_+	16S_rRNA	1091	U	0
16S_rRNA_1092_+	16S_rRNA	1092	A	0
16S_rRNA_1093_+	16S_rRNA	1093	A	0
16S_rRNA_1094_+	16S_rRNA	1094	G	0
16S_rRNA_1095_+	16S_rRNA	1095	U	0
16S_rRNA_1096_+	16S_rRNA	1096	C	1
16S_rRNA_1097_+	16S_rRNA	1097	C	1
16S_rRNA_1098_+	16S_rRNA	1098	C	1
16S_rRNA_1099_+	16S_rRNA	1099	G	1
16S_rRNA_1100_+	16S_rRNA	1100	C	0
16S_rRNA_1101_+	16S_rRNA	1101	A	0
16S_rRNA_1102_+	16S_rRNA	1102	A	1
16S_rRNA_1103_+	16S_rRNA	1103	C	1
16S_rRNA_1104_+	16S_rRNA	1104	G	1
16S_rRNA_1105_+	16S_rRNA	1105	A	1
16S_rRNA_1106_+	16S_rRNA	1106	G	1
16S_rRNA_1107_+	16S_rRNA	1107	C	1
16S_rRNA_1108_+	16S_rRNA	1108	G	0
16S_rRNA_1109_+	16S_rRNA	1109	C	0
16S_rRNA_1110_+	16S_rRNA	1110	A	0
16S_rRNA_1111_+	16S_rRNA	1111	A	0
16S_rRNA_1112_+	16S_rRNA	1112	C	0
16S_rRNA_1113_+	16S_rRNA	1113	C	1
16S_rRNA_1114_+	16S_rRNA	1114	C	1
16S_rRNA_1115_+	16S_rRNA	1115	U	1
16S_rRNA_1116_+	16S_rRNA	1116	U	1
16S_rRNA_1117_+	16S_rRNA	1117	A	0
16S_rRNA_1118_+	16S_rRNA	1118	U	1
16S_rRNA_1119_+	16S_rRNA	1119	C	1
16S_rRNA_1120_+	16S_rRNA	1120	C	1
16S_rRNA_1121_+	16S_rRNA	1121	U	1
16S_rRNA_1122_+	16S_rRNA	1122	U	1
16S_rRNA_1123_+	16S_rRNA	1123	U	1
16S_rRNA_1124_+	16S_rRNA	1124	G	1
16S_rRNA_1125_+	16S_rRNA	1125	U	0
16S_rRNA_1126_+	16S_rRNA	1126	U	0
16S_rRNA_1127_+	16S_rRNA	1127	G	0
16S_rRNA_1128_+	16S_rRNA	1128	C	1
16S_rRNA_1129_+	16S_rRNA	1129	C	1
16S_rRNA_1130_+	16S_rRNA	1130	A	0
16S_rRNA_1131_+	16S_rRNA	1131	G	0
16S_rRNA_1132_+	16S_rRNA	1132	C	1
16S_rRNA_1133_+	16S_rRNA	1133	G	1
16S_rRNA_1134_+	16S_rRNA	1134	G	1
16S_rRNA_1135_+	16S_rRNA	1135	U	0
16S_rRNA_1136_+	16S_rRNA	1136	C	0
16S_rRNA_1137_+	16S_rRNA	1137	C	0
16S_rRNA_1138_+	16S_rRNA	1138	G	0
16S_rRNA_1139_+	16S_rRNA	1139	G	0
16S_rRNA_1140_+	16S_rRNA	1140	C	1
16S_rRNA_1141_+	16S_rRNA	1141	C	1
16S_rRNA_1142_+	16S_rRNA	1142	G	1
16S_rRNA_1143_+	16S_rRNA	1143	G	1
16S_rRNA_1144_+	16S_rRNA	1144	G	1
16S_rRNA_1145_+	16S_rRNA	1145	A	0
16S_rRNA_1146_+	16S_rRNA	1146	A	0
16S_rRNA_1147_+	16S_rRNA	1147	C	0
16S_rRNA_1148_+	16S_rRNA	1148	U	0
16S_rRNA_1149_+	16S_rRNA	1149	C	1
16S_rRNA_1150_+	16S_rRNA	1150	A	1
16S_rRNA_1151_+	16S_rRNA	1151	A	1
16S_rRNA_1152_+	16S_rRNA	1152	A	1
16S_rRNA_1153_+	16S_rRNA	1153	G	1
16S_rRNA_1154_+	16S_rRNA	1154	G	1
16S_rRNA_1155_+	16S_rRNA	1155	A	1
16S_rRNA_1156_+	16S_rRNA	1156	G	0
16S_rRNA_1157_+	16S_rRNA	1157	A	0
16S_rRNA_1158_+	16S_rRNA	1158	C	1
16S_rRNA_1159_+	16S_rRNA	1159	U	1
16S_rRNA_1160_+	16S_rRNA	1160	G	1
16S_rRNA_1161_+	16S_rRNA	1161	C	1
16S_rRNA_1162_+	16S_rRNA	1162	C	1
16S_rRNA_1163_+	16S_rRNA	1163	A	1
16S_rRNA_1164_+	16S_rRNA	1164	G	1
16S_rRNA_1165_+	16S_rRNA	1165	U	1
16S_rRNA_1166_+	16S_rRNA	1166	G	0
16S_rRNA_1167_+	16S_rRNA	1167	A	0
16S_rRNA_1168_+	16S_rRNA	1168	U	0
16S_rRNA_1169_+	16S_rRNA	1169	A	0
16S_rRNA_1170_+	16S_rRNA	1170	A	0
16S_rRNA_1171_+	16S_rRNA	1171	A	1
16S_rRNA_1172_+	16S_rRNA	1172	C	1
16S_rRNA_1173_+	16S_rRNA	1173	U	1
16S_rRNA_1174_+	16S_rRNA	1174	G	1
16S_rRNA_1175_+	16S_rRNA	1175	G	1
16S_rRNA_1176_+	16S_rRNA	1176	A	1
16S_rRNA_1177_+	16S_rRNA	1177	G	1
16S_rRNA_1178_+	16S_rRNA	1178	G	1
16S_rRNA_1179_+	16S_rRNA	1179	A	0
16S_rRNA_1180_+	16S_rRNA	1180	A	0
16S_rRNA_1181_+	16S_rRNA	1181	G	0
16S_rRNA_1182_+	16S_rRNA	1182	G	0
16S_rRNA_1183_+	16S_rRNA	1183	U	0
16S_rRNA_1184_+	16S_rRNA	1184	G	1
16S_rRNA_1185_+	16S_rRNA	1185	G	1
16S_rRNA_1186_+	16S_rRNA	1186	G	1
16S_rRNA_1187_+	16S_rRNA	1187	G	1
16S_rRNA_1188_+	16S_rRNA	1188	A	0
16S_rRNA_1189_+	16S_rRNA	1189	U	0
16S_rRNA_1190_+	16S_rRNA	1190	G	0
16S_rRNA_1191_+	16S_rRNA	1191	A	0
16S_rRNA_1192_+	16S_rRNA	1192	C	1
16S_rRNA_1193_+	16S_rRNA	1193	G	1
16S_rRNA_1194_+	16S_rRNA	1194	U	1
16S_rRNA_1195_+	16S_rRNA	1195	C	1
16S_rRNA_1196_+	16S_rRNA	1196	A	0
16S_rRNA_1197_+	16S_rRNA	1197	A	1
16S_rRNA_1198_+	16S_rRNA	1198	G	1
16S_rRNA_1199_+	16S_rRNA	1199	U	1
16S_rRNA_1200_+	16S_rRNA	1200	C	0
16S_rRNA_1201_+	16S_rRNA	1201	A	0
16S_rRNA_1202_+	16S_rRNA	1202	U	0
16S_rRNA_1203_+	16S_rRNA	1203	C	1
16S_rRNA_1204_+	16S_rRNA	1204	A	1
16S_rRNA_1205_+	16S_rRNA	1205	U	1
16S_rRNA_1206_+	16S_rRNA	1206	G	1
16S_rRNA_1207_+	16S_rRNA	1207	G	1
16S_rRNA_1208_+	16S_rRNA	1208	C	1
16S_rRNA_1209_+	16S_rRNA	1209	C	1
16S_rRNA_1210_+	16S_rRNA	1210	C	1
16S_rRNA_1211_+	16S_rRNA	1211	U	0
16S_rRNA_1212_+	16S_rRNA	1212	U	0
16S_rRNA_1213_+	16S_rRNA	1213	A	0
16S_rRNA_1214_+	16S_rRNA	1214	C	0
16S_rRNA_1215_+	16S_rRNA	1215	G	1
16S_rRNA_1216_+	16S_rRNA	1216	A	1
16S_rRNA_1217_+	16S_rRNA	1217	C	1
16S_rRNA_1218_+	16S_rRNA	1218	C	1
16S_rRNA_1219_+	16S_rRNA	1219	A	1
16S_rRNA_1220_+	16S_rRNA	1220	G	1
16S_rRNA_1221_+	16S_rRNA	1221	G	1
16S_rRNA_1222_+	16S_rRNA	1222	G	0
16S_rRNA_1223_+	16S_rRNA	1223	C	0
16S_rRNA_1224_+	16S_rRNA	1224	U	0
16S_rRNA_1225_+	16S_rRNA	1225	A	1
16S_rRNA_1226_+	16S_rRNA	1226	C	1
16S_rRNA_1227_+	16S_rRNA	1227	A	0
16S_rRNA_1228_+	16S_rRNA	1228	C	1
16S_rRNA_1229_+	16S_rRNA	1229	A	1
16S_rRNA_1230_+	16S_rRNA	1230	C	1
16S_rRNA_1231_+	16S_rRNA	1231	G	1
16S_rRNA_1232_+	16S_rRNA	1232	U	1
16S_rRNA_1233_+	16S_rRNA	1233	G	1
16S_rRNA_1234_+	16S_rRNA	1234	C	1
16S_rRNA_1235_+	16S_rRNA	1235	U	1
16S_rRNA_1236_+	16S_rRNA	1236	A	1
16S_rRNA_1237_+	16S_rRNA	1237	C	1
16S_rRNA_1238_+	16S_rRNA	1238	A	0
16S_rRNA_1239_+	16S_rRNA	1239	A	0
16S_rRNA_1240_+	16S_rRNA	1240	U	0
16S_rRNA_1241_+	16S_rRNA	1241	G	1
16S_rRNA_1242_+	16S_rRNA	1242	G	1
16S_rRNA_1243_+	16S_rRNA	1243	C	1
16S_rRNA_1244_+	16S_rRNA	1244	G	1
16S_rRNA_1245_+	16S_rRNA	1245	C	1
16S_rRNA_1246_+	16S_rRNA	1246	A	1
16S_rRNA_1247_+	16S_rRNA	1247	U	1
16S_rRNA_1248_+	16S_rRNA	1248	A	0
16S_rRNA_1249_+	16S_rRNA	1249	C	0
16S_rRNA_1250_+	16S_rRNA	1250	A	0
16S_rRNA_1251_+	16S_rRNA	1251	A	0
16S_rRNA_1252_+	16S_rRNA	1252	A	0
16S_rRNA_1253_+	16S_rRNA	1253	G	1
16S_rRNA_1254_+	16S_rRNA	1254	A	1
16S_rRNA_1255_+	16S_rRNA	1255	G	1
16S_rRNA_1256_+	16S_rRNA	1256	A	0
16S_rRNA_1257_+	16S_rRNA	1257	A	0
16S_rRNA_1258_+	16S_rRNA	1258	G	1
16S_rRNA_1259_+	16S_rRNA	1259	C	1
16S_rRNA_1260_+	16S_rRNA	1260	G	0
16S_rRNA_1261_+	16S_rRNA	1261	A	0
16S_rRNA_1262_+	16S_rRNA	1262	C	0
16S_rRNA_1263_+	16S_rRNA	1263	C	1
16S_rRNA_1264_+	16S_rRNA	1264	U	1
16S_rRNA_1265_+	16S_rRNA	1265	C	1
16S_rRNA_1266_+	16S_rRNA	1266	G	0
16S_rRNA_1267_+	16S_rRNA	1267	C	0
16S_rRNA_1268_+	16S_rRNA	1268	G	0
16S_rRNA_1269_+	16S_rRNA	1269	A	0
16S_rRNA_1270_+	16S_rRNA	1270	G	1
16S_rRNA_1271_+	16S_rRNA	1271	A	1
16S_rRNA_1272_+	16S_rRNA	1272	G	1
16S_rRNA_1273_+	16S_rRNA	1273	C	0
16S_rRNA_1274_+	16S_rRNA	1274	A	0
16S_rRNA_1275_+	16S_rRNA	1275	A	0
16S_rRNA_1276_+	16S_rRNA	1276	G	1
16S_rRNA_1277_+	16S_rRNA	1277	C	1
16S_rRNA_1278_+	16S_rRNA	1278	G	0
16S_rRNA_1279_+	16S_rRNA	1279	G	0
16S_rRNA_1280_+	16S_rRNA	1280	A	0
16S_rRNA_1281_+	16S_rRNA	1281	C	0
16S_rRNA_1282_+	16S_rRNA	1282	C	1
16S_rRNA_1283_+	16S_rRNA	1283	U	1
16S_rRNA_1284_+	16S_rRNA	1284	C	1
16S_rRNA_1285_+	16S_rRNA	1285	A	0
16S_rRNA_1286_+	16S_rRNA	1286	U	0
16S_rRNA_1287_+	16S_rRNA	1287	A	0
16S_rRNA_1288_+	16S_rRNA	1288	A	0
16S_rRNA_1289_+	16S_rRNA	1289	A	0
16S_rRNA_1290_+	16S_rRNA	1290	G	1
16S_rRNA_1291_+	16S_rRNA	1291	U	1
16S_rRNA_1292_+	16S_rRNA	1292	G	1
16S_rRNA_1293_+	16S_rRNA	1293	C	1
16S_rRNA_1294_+	16S_rRNA	1294	G	1
16S_rRNA_1295_+	16S_rRNA	1295	U	1
16S_rRNA_1296_+	16S_rRNA	1296	C	1
16S_rRNA_1297_+	16S_rRNA	1297	G	0
16S_rRNA_1298_+	16S_rRNA	1298	U	0
16S_rRNA_1299_+	16S_rRNA	1299	A	0
16S_rRNA_1300_+	16S_rRNA	1300	G	0
16S_rRNA_1301_+	16S_rRNA	1301	U	0
16S_rRNA_1302_+	16S_rRNA	1302	C	0
16S_rRNA_1303_+	16S_rRNA	1303	C	1
16S_rRNA_1304_+	16S_rRNA	1304	G	0
16S_rRNA_1305_+	16S_rRNA	1305	G	0
16S_rRNA_1306_+	16S_rRNA	1306	A	0
16S_rRNA_1307_+	16S_rRNA	1307	U	1
16S_rRNA_1308_+	16S_rRNA	1308	U	1
16S_rRNA_1309_+	16S_rRNA	1309	G	1
16S_rRNA_1310_+	16S_rRNA	1310	G	1
16S_rRNA_1311_+	16S_rRNA	1311	A	1
16S_rRNA_1312_+	16S_rRNA	1312	G	1
16S_rRNA_1313_+	16S_rRNA	1313	U	1
16S_rRNA_1314_+	16S_rRNA	1314	C	1
16S_rRNA_1315_+	16S_rRNA	1315	U	0
16S_rRNA_1316_+	16S_rRNA	1316	G	0
16S_rRNA_1317_+	16S_rRNA	1317	C	0
16S_rRNA_1318_+	16S_rRNA	1318	A	0
16S_rRNA_1319_+	16S_rRNA	1319	A	0
16S_rRNA_1320_+	16S_rRNA	1320	C	0
16S_rRNA_1321_+	16S_rRNA	1321	U	0
16S_rRNA_1322_+	16S_rRNA	1322	C	0
16S_rRNA_1323_+	16S_rRNA	1323	G	1
16S_rRNA_1324_+	16S_rRNA	1324	A	1
16S_rRNA_1325_+	16S_rRNA	1325	C	1
16S_rRNA_1326_+	16S_rRNA	1326	U	1
16S_rRNA_1327_+	16S_rRNA	1327	C	1
16S_rRNA_1328_+	16S_rRNA	1328	C	1
16S_rRNA_1329_+	16S_rRNA	1329	A	1
16S_rRNA_1330_+	16S_rRNA	1330	U	1
16S_rRNA_1331_+	16S_rRNA	1331	G	0
16S_rRNA_1332_+	16S_rRNA	1332	A	0
16S_rRNA_1333_+	16S_rRNA	1333	A	0
16S_rRNA_1334_+	16S_rRNA	1334	G	1
16S_rRNA_1335_+	16S_rRNA	1335	U	0
16S_rRNA_1336_+	16S_rRNA	1336	C	0
16S_rRNA_1337_+	16S_rRNA	1337	G	0
16S_rRNA_1338_+	16S_rRNA	1338	G	0
16S_rRNA_1339_+	16S_rRNA	1339	A	0
16S_rRNA_1340_+	16S_rRNA	1340	A	1
16S_rRNA_1341_+	16S_rRNA	1341	U	1
16S_rRNA_1342_+	16S_rRNA	1342	C	1
16S_rRNA_1343_+	16S_rRNA	1343	G	1
16S_rRNA_1344_+	16S_rRNA	1344	C	1
16S_rRNA_1345_+	16S_rRNA	1345	U	0
16S_rRNA_1346_+	16S_rRNA	1346	A	0
16S_rRNA_1347_+	16S_rRNA	1347	G	0
16S_rRNA_1348_+	16S_rRNA	1348	U	0
16S_rRNA_1349_+	16S_rRNA	1349	A	0
16S_rRNA_1350_+	16S_rRNA	1350	A	1
16S_rRNA_1351_+	16S_rRNA	1351	U	1
16S_rRNA_1352_+	16S_rRNA	1352	C	1
16S_rRNA_1353_+	16S_rRNA	1353	G	1
16S_rRNA_1354_+	16S_rRNA	1354	U	1
16S_rRNA_1355_+	16S_rRNA	1355	G	1
16S_rRNA_1356_+	16S_rRNA	1356	G	1
16S_rRNA_1357_+	16S_rRNA	1357	A	1
16S_rRNA_1358_+	16S_rRNA	1358	U	0
16S_rRNA_1359_+	16S_rRNA	1359	C	0
16S_rRNA_1360_+	16S_rRNA	1360	A	0
16S_rRNA_1361_+	16S_rRNA	1361	G	0
16S_rRNA_1362_+	16S_rRNA	1362	A	0
16S_rRNA_1363_+	16S_rRNA	1363	A	0
16S_rRNA_1364_+	16S_rRNA	1364	U	0
16S_rRNA_1365_+	16S_rRNA	1365	G	1
16S_rRNA_1366_+	16S_rRNA	1366	C	1
16S_rRNA_1367_+	16S_rRNA	1367	C	1
16S_rRNA_1368_+	16S_rRNA	1368	A	1
16S_rRNA_1369_+	16S_rRNA	1369	C	1
16S_rRNA_1370_+	16S_rRNA	1370	G	1
16S_rRNA_1371_+	16S_rRNA	1371	G	1
16S_rRNA_1372_+	16S_rRNA	1372	U	1
16S_rRNA_1373_+	16S_rRNA	1373	G	0
16S_rRNA_1374_+	16S_rRNA	1374	A	0
16S_rRNA_1375_+	16S_rRNA	1375	A	0
16S_rRNA_1376_+	16S_rRNA	1376	U	0
16S_rRNA_1377_+	16S_rRNA	1377	A	0
16S_rRNA_1378_+	16S_rRNA	1378	C	0
16S_rRNA_1379_+	16S_rRNA	1379	G	1
16S_rRNA_1380_+	16S_rRNA	1380	U	1
16S_rRNA_1381_+	16S_rRNA	1381	U	0
16S_rRNA_1382_+	16S_rRNA	1382	C	0
16S_rRNA_1383_+	16S_rRNA	1383	C	0
16S_rRNA_1384_+	16S_rRNA	1384	C	1
16S_rRNA_1385_+	16S_rRNA	1385	G	1
16S_rRNA_1386_+	16S_rRNA	1386	G	1
16S_rRNA_1387_+	16S_rRNA	1387	G	1
16S_rRNA_1388_+	16S_rRNA	1388	C	1
16S_rRNA_1389_+	16S_rRNA	1389	C	1
16S_rRNA_1390_+	16S_rRNA	1390	U	1
16S_rRNA_1391_+	16S_rRNA	1391	U	1
16S_rRNA_1392_+	16S_rRNA	1392	G	1
16S_rRNA_1393_+	16S_rRNA	1393	U	1
16S_rRNA_1394_+	16S_rRNA	1394	A	0
16S_rRNA_1395_+	16S_rRNA	1395	C	1
16S_rRNA_1396_+	16S_rRNA	1396	A	1
16S_rRNA_1397_+	16S_rRNA	1397	C	0
16S_rRNA_1398_+	16S_rRNA	1398	A	0
16S_rRNA_1399_+	16S_rRNA	1399	C	1
16S_rRNA_1400_+	16S_rRNA	1400	C	0
16S_rRNA_1401_+	16S_rRNA	1401	G	1
16S_rRNA_1402_+	16S_rRNA	1402	C	1
16S_rRNA_1403_+	16S_rRNA	1403	C	0
16S_rRNA_1404_+	16S_rRNA	1404	C	1
16S_rRNA_1405_+	16S_rRNA	1405	G	1
16S_rRNA_1406_+	16S_rRNA	1406	U	0
16S_rRNA_1407_+	16S_rRNA	1407	C	0
16S_rRNA_1408_+	16S_rRNA	1408	A	0
16S_rRNA_1409_+	16S_rRNA	1409	C	1
16S_rRNA_1410_+	16S_rRNA	1410	A	1
16S_rRNA_1411_+	16S_rRNA	1411	C	1
16S_rRNA_1412_+	16S_rRNA	1412	C	1
16S_rRNA_1413_+	16S_rRNA	1413	A	1
16S_rRNA_1414_+	16S_rRNA	1414	U	1
16S_rRNA_1415_+	16S_rRNA	1415	G	1
16S_rRNA_1416_+	16S_rRNA	1416	G	1
16S_rRNA_1417_+	16S_rRNA	1417	G	0
16S_rRNA_1418_+	16S_rRNA	1418	A	0
16S_rRNA_1419_+	16S_rRNA	1419	G	1
16S_rRNA_1420_+	16S_rRNA	1420	U	1
16S_rRNA_1421_+	16S_rRNA	1421	G	1
16S_rRNA_1422_+	16S_rRNA	1422	G	1
16S_rRNA_1423_+	16S_rRNA	1423	G	1
16S_rRNA_1424_+	16S_rRNA	1424	U	1
16S_rRNA_1425_+	16S_rRNA	1425	U	1
16S_rRNA_1426_+	16S_rRNA	1426	G	1
16S_rRNA_1427_+	16S_rRNA	1427	C	1
16S_rRNA_1428_+	16S_rRNA	1428	A	1
16S_rRNA_1429_+	16S_rRNA	1429	A	1
16S_rRNA_1430_+	16S_rRNA	1430	A	1
16S_rRNA_1431_+	16S_rRNA	1431	A	0
16S_rRNA_1432_+	16S_rRNA	1432	G	0
16S_rRNA_1433_+	16S_rRNA	1433	A	0
16S_rRNA_1434_+	16S_rRNA	1434	A	0
16S_rRNA_1435_+	16S_rRNA	1435	G	1
16S_rRNA_1436_+	16S_rRNA	1436	U	1
16S_rRNA_1437_+	16S_rRNA	1437	A	1
16S_rRNA_1438_+	16S_rRNA	1438	G	1
16S_rRNA_1439_+	16S_rRNA	1439	G	1
16S_rRNA_1440_+	16S_rRNA	1440	U	1
16S_rRNA_1441_+	16S_rRNA	1441	A	0
16S_rRNA_1442_+	16S_rRNA	1442	G	1
16S_rRNA_1443_+	16S_rRNA	1443	C	1
16S_rRNA_1444_+	16S_rRNA	1444	U	1
16S_rRNA_1445_+	16S_rRNA	1445	U	1
16S_rRNA_1446_+	16S_rRNA	1446	A	0
16S_rRNA_1447_+	16S_rRNA	1447	A	0
16S_rRNA_1448_+	16S_rRNA	1448	C	1
16S_rRNA_1449_+	16S_rRNA	1449	C	1
16S_rRNA_1450_+	16S_rRNA	1450	U	0
16S_rRNA_1451_+	16S_rRNA	1451	U	0
16S_rRNA_1452_+	16S_rRNA	1452	C	0
16S_rRNA_1453_+	16S_rRNA	1453	G	0
16S_rRNA_1454_+	16S_rRNA	1454	G	1
16S_rRNA_1455_+	16S_rRNA	1455	G	1
16S_rRNA_1456_+	16S_rRNA	1456	A	0
16S_rRNA_1457_+	16S_rRNA	1457	G	1
16S_rRNA_1458_+	16S_rRNA	1458	G	1
16S_rRNA_1459_+	16S_rRNA	1459	G	1
16S_rRNA_1460_+	16S_rRNA	1460	C	1
16S_rRNA_1461_+	16S_rRNA	1461	G	1
16S_rRNA_1462_+	16S_rRNA	1462	C	1
16S_rRNA_1463_+	16S_rRNA	1463	U	1
16S_rRNA_1464_+	16S_rRNA	1464	U	1
16S_rRNA_1465_+	16S_rRNA	1465	A	1
16S_rRNA_1466_+	16S_rRNA	1466	C	1
16S_rRNA_1467_+	16S_rRNA	1467	C	0
16S_rRNA_1468_+	16S_rRNA	1468	A	0
16S_rRNA_1469_+	16S_rRNA	1469	C	0
16S_rRNA_1470_+	16S_rRNA	1470	U	1
16S_rRNA_1471_+	16S_rRNA	1471	U	1
16S_rRNA_1472_+	16S_rRNA	1472	U	1
16S_rRNA_1473_+	16S_rRNA	1473	G	1
16S_rRNA_1474_+	16S_rRNA	1474	U	1
16S_rRNA_1475_+	16S_rRNA	1475	G	1
16S_rRNA_1476_+	16S_rRNA	1476	A	1
16S_rRNA_1477_+	16S_rRNA	1477	U	1
16S_rRNA_1478_+	16S_rRNA	1478	U	1
16S_rRNA_1479_+	16S_rRNA	1479	C	1
16S_rRNA_1480_+	16S_rRNA	1480	A	1
16S_rRNA_1481_+	16S_rRNA	1481	U	1
16S_rRNA_1482_+	16S_rRNA	1482	G	0
16S_rRNA_1483_+	16S_rRNA	1483	A	0
16S_rRNA_1484_+	16S_rRNA	1484	C	1
16S_rRNA_1485_+	16S_rRNA	1485	U	1
16S_rRNA_1486_+	16S_rRNA	1486	G	1
16S_rRNA_1487_+	16S_rRNA	1487	G	1
16S_rRNA_1488_+	16S_rRNA	1488	G	1
16S_rRNA_1489_+	16S_rRNA	1489	G	1
16S_rRNA_1490_+	16S_rRNA	1490	U	1
16S_rRNA_1491_+	16S_rRNA	1491	G	1
16S_rRNA_1492_+	16S_rRNA	1492	A	0
16S_rRNA_1493_+	16S_rRNA	1493	A	0
16S_rRNA_1494_+	16S_rRNA	1494	G	0
16S_rRNA_1495_+	16S_rRNA	1495	U	0
16S_rRNA_1496_+	16S_rRNA	1496	C	1
16S_rRNA_1497_+	16S_rRNA	1497	G	1
16S_rRNA_1498_+	16S_rRNA	1498	U	0
16S_rRNA_1499_+	16S_rRNA	1499	A	0
16S_rRNA_1500_+	16S_rRNA	1500	A	1
16S_rRNA_1501_+	16S_rRNA	1501	C	1
16S_rRNA_1502_+	16S_rRNA	1502	A	0
16S_rRNA_1503_+	16S_rRNA	1503	A	0
16S_rRNA_1504_+	16S_rRNA	1504	G	1
16S_rRNA_1505_+	16S_rRNA	1505	G	0
16S_rRNA_1506_+	16S_rRNA	1506	U	1
16S_rRNA_1507_+	16S_rRNA	1507	A	1
16S_rRNA_1508_+	16S_rRNA	1508	A	1
16S_rRNA_1509_+	16S_rRNA	1509	C	1
16S_rRNA_1510_+	16S_rRNA	1510	C	1
16S_rRNA_1511_+	16S_rRNA	1511	G	1
16S_rRNA_1512_+	16S_rRNA	1512	U	1
16S_rRNA_1513_+	16S_rRNA	1513	A	1
16S_rRNA_1514_+	16S_rRNA	1514	G	1
16S_rRNA_1515_+	16S_rRNA	1515	G	1
16S_rRNA_1516_+	16S_rRNA	1516	G	0
16S_rRNA_1517_+	16S_rRNA	1517	G	0
16S_rRNA_1518_+	16S_rRNA	1518	A	0
16S_rRNA_1519_+	16S_rRNA	1519	A	0
16S_rRNA_1520_+	16S_rRNA	1520	C	1
16S_rRNA_1521_+	16S_rRNA	1521	C	1
16S_rRNA_1522_+	16S_rRNA	1522	U	1
16S_rRNA_1523_+	16S_rRNA	1523	G	1
16S_rRNA_1524_+	16S_rRNA	1524	C	1
16S_rRNA_1525_+	16S_rRNA	1525	G	1
16S_rRNA_1526_+	16S_rRNA	1526	G	1
16S_rRNA_1527_+	16S_rRNA	1527	U	1
16S_rRNA_1528_+	16S_rRNA	1528	U	1
16S_rRNA_1529_+	16S_rRNA	1529	G	1
16S_rRNA_1530_+	16S_rRNA	1530	G	0
16S_rRNA_1531_+	16S_rRNA	1531	A	0
16S_rRNA_1532_+	16S_rRNA	1532	U	0
16S_rRNA_1533_+	16S_rRNA	1533	C	0
16S_rRNA_1534_+	16S_rRNA	1534	A	0
16S_rRNA_1535_+	16S_rRNA	1535	C	0
16S_rRNA_1536_+	16S_rRNA	1536	C	0
16S_rRNA_1537_+	16S_rRNA	1537	U	0
16S_rRNA_1538_+	16S_rRNA	1538	C	0
16S_rRNA_1539_+	16S_rRNA	1539	C	0
16S_rRNA_1540_+	16S_rRNA	1540	U	0
16S_rRNA_1541_+	16S_rRNA	1541	U	0
16S_rRNA_1542_+	16S_rRNA	1542	A	0
23S_rRNA_1_+	23S_rRNA	1	G	1
23S_rRNA_2_+	23S_rRNA	2	G	1
23S_rRNA_3_+	23S_rRNA	3	U	1
23S_rRNA_4_+	23S_rRNA	4	U	1
23S_rRNA_5_+	23S_rRNA	5	A	1
23S_rRNA_6_+	23S_rRNA	6	A	1
23S_rRNA_7_+	23S_rRNA	7	G	1
23S_rRNA_8_+	23S_rRNA	8	C	1
23S_rRNA_9_+	23S_rRNA	9	G	0
23S_rRNA_10_+	23S_rRNA	10	A	0
23S_rRNA_11_+	23S_rRNA	11	C	0
23S_rRNA_12_+	23S_rRNA	12	U	0
23S_rRNA_13_+	23S_rRNA	13	A	0
23S_rRNA_14_+	23S_rRNA	14	A	0
23S_rRNA_15_+	23S_rRNA	15	G	1
23S_rRNA_16_+	23S_rRNA	16	C	1
23S_rRNA_17_+	23S_rRNA	17	G	1
23S_rRNA_18_+	23S_rRNA	18	U	1
23S_rRNA_19_+	23S_rRNA	19	A	1
23S_rRNA_20_+	23S_rRNA	20	C	1
23S_rRNA_21_+	23S_rRNA	21	A	1
23S_rRNA_22_+	23S_rRNA	22	C	1
23S_rRNA_23_+	23S_rRNA	23	G	1
23S_rRNA_24_+	23S_rRNA	24	G	1
23S_rRNA_25_+	23S_rRNA	25	U	0
23S_rRNA_26_+	23S_rRNA	26	G	0
23S_rRNA_27_+	23S_rRNA	27	G	0
23S_rRNA_28_+	23S_rRNA	28	A	0
23S_rRNA_29_+	23S_rRNA	29	U	0
23S_rRNA_30_+	23S_rRNA	30	G	1
23S_rRNA_31_+	23S_rRNA	31	C	1
23S_rRNA_32_+	23S_rRNA	32	C	1
23S_rRNA_33_+	23S_rRNA	33	C	0
23S_rRNA_34_+	23S_rRNA	34	U	0
23S_rRNA_35_+	23S_rRNA	35	G	1
23S_rRNA_36_+	23S_rRNA	36	G	1
23S_rRNA_37_+	23S_rRNA	37	C	1
23S_rRNA_38_+	23S_rRNA	38	A	1
23S_rRNA_39_+	23S_rRNA	39	G	1
23S_rRNA_40_+	23S_rRNA	40	U	1
23S_rRNA_41_+	23S_rRNA	41	C	1
23S_rRNA_42_+	23S_rRNA	42	A	1
23S_rRNA_43_+	23S_rRNA	43	G	1
23S_rRNA_44_+	23S_rRNA	44	A	1
23S_rRNA_45_+	23S_rRNA	45	G	1
23S_rRNA_46_+	23S_rRNA	46	G	1
23S_rRNA_47_+	23S_rRNA	47	C	1
23S_rRNA_48_+	23S_rRNA	48	G	0
23S_rRNA_49_+	23S_rRNA	49	A	0
23S_rRNA_50_+	23S_rRNA	50	U	0
23S_rRNA_51_+	23S_rRNA	51	G	0
23S_rRNA_52_+	23S_rRNA	52	A	0
23S_rRNA_53_+	23S_rRNA	53	A	1
23S_rRNA_54_+	23S_rRNA	54	G	1
23S_rRNA_55_+	23S_rRNA	55	G	1
23S_rRNA_56_+	23S_rRNA	56	A	1
23S_rRNA_57_+	23S_rRNA	57	C	1
23S_rRNA_58_+	23S_rRNA	58	G	1
23S_rRNA_59_+	23S_rRNA	59	U	1
23S_rRNA_60_+	23S_rRNA	60	G	0
23S_rRNA_61_+	23S_rRNA	61	C	1
23S_rRNA_62_+	23S_rRNA	62	U	1
23S_rRNA_63_+	23S_rRNA	63	A	0
23S_rRNA_64_+	23S_rRNA	64	A	1
23S_rRNA_65_+	23S_rRNA	65	U	1
23S_rRNA_66_+	23S_rRNA	66	C	1
23S_rRNA_67_+	23S_rRNA	67	U	1
23S_rRNA_68_+	23S_rRNA	68	G	1
23S_rRNA_69_+	23S_rRNA	69	C	1
23S_rRNA_70_+	23S_rRNA	70	G	1
23S_rRNA_71_+	23S_rRNA	71	A	0
23S_rRNA_72_+	23S_rRNA	72	U	0
23S_rRNA_73_+	23S_rRNA	73	A	0
23S_rRNA_74_+	23S_rRNA	74	A	1
23S_rRNA_75_+	23S_rRNA	75	G	0
23S_rRNA_76_+	23S_rRNA	76	C	1
23S_rRNA_77_+	23S_rRNA	77	G	1
23S_rRNA_78_+	23S_rRNA	78	U	1
23S_rRNA_79_+	23S_rRNA	79	C	1
23S_rRNA_80_+	23S_rRNA	80	G	1
23S_rRNA_81_+	23S_rRNA	81	G	1
23S_rRNA_82_+	23S_rRNA	82	U	1
23S_rRNA_83_+	23S_rRNA	83	A	0
23S_rRNA_84_+	23S_rRNA	84	A	0
23S_rRNA_85_+	23S_rRNA	85	G	1
23S_rRNA_86_+	23S_rRNA	86	G	1
23S_rRNA_87_+	23S_rRNA	87	U	1
23S_rRNA_88_+	23S_rRNA	88	G	1
23S_rRNA_89_+	23S_rRNA	89	A	1
23S_rRNA_90_+	23S_rRNA	90	U	1
23S_rRNA_91_+	23S_rRNA	91	A	0
23S_rRNA_92_+	23S_rRNA	92	U	1
23S_rRNA_93_+	23S_rRNA	93	G	1
23S_rRNA_94_+	23S_rRNA	94	A	0
23S_rRNA_95_+	23S_rRNA	95	A	1
23S_rRNA_96_+	23S_rRNA	96	C	1
23S_rRNA_97_+	23S_rRNA	97	C	1
23S_rRNA_98_+	23S_rRNA	98	G	0
23S_rRNA_99_+	23S_rRNA	99	U	0
23S_rRNA_100_+	23S_rRNA	100	U	0
23S_rRNA_101_+	23S_rRNA	101	A	0
23S_rRNA_102_+	23S_rRNA	102	U	0
23S_rRNA_103_+	23S_rRNA	103	A	0
23S_rRNA_104_+	23S_rRNA	104	A	1
23S_rRNA_105_+	23S_rRNA	105	C	1
23S_rRNA_106_+	23S_rRNA	106	C	1
23S_rRNA_107_+	23S_rRNA	107	G	1
23S_rRNA_108_+	23S_rRNA	108	G	1
23S_rRNA_109_+	23S_rRNA	109	C	1
23S_rRNA_110_+	23S_rRNA	110	G	1
23S_rRNA_111_+	23S_rRNA	111	A	0
23S_rRNA_112_+	23S_rRNA	112	U	0
23S_rRNA_113_+	23S_rRNA	113	U	0
23S_rRNA_114_+	23S_rRNA	114	U	1
23S_rRNA_115_+	23S_rRNA	115	C	1
23S_rRNA_116_+	23S_rRNA	116	C	1
23S_rRNA_117_+	23S_rRNA	117	G	1
23S_rRNA_118_+	23S_rRNA	118	A	0
23S_rRNA_119_+	23S_rRNA	119	A	0
23S_rRNA_120_+	23S_rRNA	120	U	0
23S_rRNA_121_+	23S_rRNA	121	G	1
23S_rRNA_122_+	23S_rRNA	122	G	1
23S_rRNA_123_+	23S_rRNA	123	G	1
23S_rRNA_124_+	23S_rRNA	124	G	0
23S_rRNA_125_+	23S_rRNA	125	A	0
23S_rRNA_126_+	23S_rRNA	126	A	0
23S_rRNA_127_+	23S_rRNA	127	A	0
23S_rRNA_128_+	23S_rRNA	128	C	1
23S_rRNA_129_+	23S_rRNA	129	C	1
23S_rRNA_130_+	23S_rRNA	130	C	1
23S_rRNA_131_+	23S_rRNA	131	A	1
23S_rRNA_132_+	23S_rRNA	132	G	1
23S_rRNA_133_+	23S_rRNA	133	U	1
23S_rRNA_134_+	23S_rRNA	134	G	1
23S_rRNA_135_+	23S_rRNA	135	U	1
23S_rRNA_136_+	23S_rRNA	136	G	1
23S_rRNA_137_+	23S_rRNA	137	U	1
23S_rRNA_138_+	23S_rRNA	138	U	0
23S_rRNA_139_+	23S_rRNA	139	U	0
23S_rRNA_140_+	23S_rRNA	140	C	0
23S_rRNA_141_+	23S_rRNA	141	G	0
23S_rRNA_142_+	23S_rRNA	142	A	1
23S_rRNA_143_+	23S_rRNA	143	C	1
23S_rRNA_144_+	23S_rRNA	144	A	1
23S_rRNA_145_+	23S_rRNA	145	C	1
23S_rRNA_146_+	23S_rRNA	146	A	1
23S_rRNA_147_+	23S_rRNA	147	C	1
23S_rRNA_148_+	23S_rRNA	148	U	1
23S_rRNA_149_+	23S_rRNA	149	A	0
23S_rRNA_150_+	23S_rRNA	150	U	1
23S_rRNA_151_+	23S_rRNA	151	C	1
23S_rRNA_152_+	23S_rRNA	152	A	1
23S_rRNA_153_+	23S_rRNA	153	U	1
23S_rRNA_154_+	23S_rRNA	154	U	1
23S_rRNA_155_+	23S_rRNA	155	A	1
23S_rRNA_156_+	23S_rRNA	156	A	1
23S_rRNA_157_+	23S_rRNA	157	C	1
23S_rRNA_158_+	23S_rRNA	158	U	1
23S_rRNA_159_+	23S_rRNA	159	G	0
23S_rRNA_160_+	23S_rRNA	160	A	0
23S_rRNA_161_+	23S_rRNA	161	A	0
23S_rRNA_162_+	23S_rRNA	162	U	0
23S_rRNA_163_+	23S_rRNA	163	C	0
23S_rRNA_164_+	23S_rRNA	164	C	0
23S_rRNA_165_+	23S_rRNA	165	A	0
23S_rRNA_166_+	23S_rRNA	166	U	0
23S_rRNA_167_+	23S_rRNA	167	A	0
23S_rRNA_168_+	23S_rRNA	168	G	1
23S_rRNA_169_+	23S_rRNA	169	G	1
23S_rRNA_170_+	23S_rRNA	170	U	1
23S_rRNA_171_+	23S_rRNA	171	U	1
23S_rRNA_172_+	23S_rRNA	172	A	1
23S_rRNA_173_+	23S_rRNA	173	A	1
23S_rRNA_174_+	23S_rRNA	174	U	1
23S_rRNA_175_+	23S_rRNA	175	G	1
23S_rRNA_176_+	23S_rRNA	176	A	1
23S_rRNA_177_+	23S_rRNA	177	G	0
23S_rRNA_178_+	23S_rRNA	178	G	1
23S_rRNA_179_+	23S_rRNA	179	C	1
23S_rRNA_180_+	23S_rRNA	180	G	0
23S_rRNA_181_+	23S_rRNA	181	A	0
23S_rRNA_182_+	23S_rRNA	182	A	0
23S_rRNA_183_+	23S_rRNA	183	C	1
23S_rRNA_184_+	23S_rRNA	184	C	1
23S_rRNA_185_+	23S_rRNA	185	G	1
23S_rRNA_186_+	23S_rRNA	186	G	1
23S_rRNA_187_+	23S_rRNA	187	G	1
23S_rRNA_188_+	23S_rRNA	188	G	1
23S_rRNA_189_+	23S_rRNA	189	G	0
23S_rRNA_190_+	23S_rRNA	190	A	0
23S_rRNA_191_+	23S_rRNA	191	A	0
23S_rRNA_192_+	23S_rRNA	192	C	0
23S_rRNA_193_+	23S_rRNA	193	U	0
23S_rRNA_194_+	23S_rRNA	194	G	1
23S_rRNA_195_+	23S_rRNA	195	A	1
23S_rRNA_196_+	23S_rRNA	196	A	0
23S_rRNA_197_+	23S_rRNA	197	A	0
23S_rRNA_198_+	23S_rRNA	198	C	0
23S_rRNA_199_+	23S_rRNA	199	A	0
23S_rRNA_200_+	23S_rRNA	200	U	1
23S_rRNA_201_+	23S_rRNA	201	C	1
23S_rRNA_202_+	23S_rRNA	202	U	0
23S_rRNA_203_+	23S_rRNA	203	A	0
23S_rRNA_204_+	23S_rRNA	204	A	0
23S_rRNA_205_+	23S_rRNA	205	G	0
23S_rRNA_206_+	23S_rRNA	206	U	0
23S_rRNA_207_+	23S_rRNA	207	A	0
23S_rRNA_208_+	23S_rRNA	208	C	1
23S_rRNA_209_+	23S_rRNA	209	C	1
23S_rRNA_210_+	23S_rRNA	210	C	1
23S_rRNA_211_+	23S_rRNA	211	C	1
23S_rRNA_212_+	23S_rRNA	212	G	1
23S_rRNA_213_+	23S_rRNA	213	A	0
23S_rRNA_214_+	23S_rRNA	214	G	1
23S_rRNA_215_+	23S_rRNA	215	G	0
23S_rRNA_216_+	23S_rRNA	216	A	0
23S_rRNA_217_+	23S_rRNA	217	A	0
23S_rRNA_218_+	23S_rRNA	218	A	0
23S_rRNA_219_+	23S_rRNA	219	A	0
23S_rRNA_220_+	23S_rRNA	220	G	0
23S_rRNA_221_+	23S_rRNA	221	A	0
23S_rRNA_222_+	23S_rRNA	222	A	0
23S_rRNA_223_+	23S_rRNA	223	A	0
23S_rRNA_224_+	23S_rRNA	224	U	1
23S_rRNA_225_+	23S_rRNA	225	C	1
23S_rRNA_226_+	23S_rRNA	226	A	0
23S_rRNA_227_+	23S_rRNA	227	A	0
23S_rRNA_228_+	23S_rRNA	228	C	0
23S_rRNA_229_+	23S_rRNA	229	C	0
23S_rRNA_230_+	23S_rRNA	230	G	1
23S_rRNA_231_+	23S_rRNA	231	A	1
23S_rRNA_232_+	23S_rRNA	232	G	0
23S_rRNA_233_+	23S_rRNA	233	A	0
23S_rRNA_234_+	23S_rRNA	234	U	1
23S_rRNA_235_+	23S_rRNA	235	U	1
23S_rRNA_236_+	23S_rRNA	236	C	1
23S_rRNA_237_+	23S_rRNA	237	C	1
23S_rRNA_238_+	23S_rRNA	238	C	1
23S_rRNA_239_+	23S_rRNA	239	C	1
23S_rRNA_240_+	23S_rRNA	240	C	0
23S_rRNA_241_+	23S_rRNA	241	A	0
23S_rRNA_242_+	23S_rRNA	242	G	0
23S_rRNA_243_+	23S_rRNA	243	U	0
23S_rRNA_244_+	23S_rRNA	244	A	0
23S_rRNA_245_+	23S_rRNA	245	G	1
23S_rRNA_246_+	23S_rRNA	246	C	1
23S_rRNA_247_+	23S_rRNA	247	G	0
23S_rRNA_248_+	23S_rRNA	248	G	0
23S_rRNA_249_+	23S_rRNA	249	C	0
23S_rRNA_250_+	23S_rRNA	250	G	0
23S_rRNA_251_+	23S_rRNA	251	A	0
23S_rRNA_252_+	23S_rRNA	252	G	1
23S_rRNA_253_+	23S_rRNA	253	C	1
23S_rRNA_254_+	23S_rRNA	254	G	0
23S_rRNA_255_+	23S_rRNA	255	A	0
23S_rRNA_256_+	23S_rRNA	256	A	0
23S_rRNA_257_+	23S_rRNA	257	C	0
23S_rRNA_258_+	23S_rRNA	258	G	1
23S_rRNA_259_+	23S_rRNA	259	G	1
23S_rRNA_260_+	23S_rRNA	260	G	1
23S_rRNA_261_+	23S_rRNA	261	G	1
23S_rRNA_262_+	23S_rRNA	262	A	1
23S_rRNA_263_+	23S_rRNA	263	G	0
23S_rRNA_264_+	23S_rRNA	264	C	0
23S_rRNA_265_+	23S_rRNA	265	A	1
23S_rRNA_266_+	23S_rRNA	266	G	1
23S_rRNA_267_+	23S_rRNA	267	C	1
23S_rRNA_268_+	23S_rRNA	268	C	1
23S_rRNA_269_+	23S_rRNA	269	C	0
23S_rRNA_270_+	23S_rRNA	270	A	0
23S_rRNA_271_+	23S_rRNA	271	G	1
23S_rRNA_272_+	23S_rRNA	272	A	1
23S_rRNA_273_+	23S_rRNA	273	G	1
23S_rRNA_274_+	23S_rRNA	274	C	1
23S_rRNA_275_+	23S_rRNA	275	C	0
23S_rRNA_276_+	23S_rRNA	276	U	0
23S_rRNA_277_+	23S_rRNA	277	G	0
23S_rRNA_278_+	23S_rRNA	278	A	0
23S_rRNA_279_+	23S_rRNA	279	A	0
23S_rRNA_280_+	23S_rRNA	280	U	0
23S_rRNA_281_+	23S_rRNA	281	C	1
23S_rRNA_282_+	23S_rRNA	282	A	1
23S_rRNA_283_+	23S_rRNA	283	G	1
23S_rRNA_284_+	23S_rRNA	284	U	1
23S_rRNA_285_+	23S_rRNA	285	G	1
23S_rRNA_286_+	23S_rRNA	286	U	1
23S_rRNA_287_+	23S_rRNA	287	G	1
23S_rRNA_288_+	23S_rRNA	288	U	1
23S_rRNA_289_+	23S_rRNA	289	G	1
23S_rRNA_290_+	23S_rRNA	290	U	1
23S_rRNA_291_+	23S_rRNA	291	G	1
23S_rRNA_292_+	23S_rRNA	292	U	1
23S_rRNA_293_+	23S_rRNA	293	U	1
23S_rRNA_294_+	23S_rRNA	294	A	0
23S_rRNA_295_+	23S_rRNA	295	G	1
23S_rRNA_296_+	23S_rRNA	296	U	1
23S_rRNA_297_+	23S_rRNA	297	G	1
23S_rRNA_298_+	23S_rRNA	298	G	0
23S_rRNA_299_+	23S_rRNA	299	A	0
23S_rRNA_300_+	23S_rRNA	300	A	0
23S_rRNA_301_+	23S_rRNA	301	G	1
23S_rRNA_302_+	23S_rRNA	302	C	1
23S_rRNA_303_+	23S_rRNA	303	G	1
23S_rRNA_304_+	23S_rRNA	304	U	1
23S_rRNA_305_+	23S_rRNA	305	C	1
23S_rRNA_306_+	23S_rRNA	306	U	0
23S_rRNA_307_+	23S_rRNA	307	G	0
23S_rRNA_308_+	23S_rRNA	308	G	0
23S_rRNA_309_+	23S_rRNA	309	A	0
23S_rRNA_310_+	23S_rRNA	310	A	0
23S_rRNA_311_+	23S_rRNA	311	A	0
23S_rRNA_312_+	23S_rRNA	312	G	1
23S_rRNA_313_+	23S_rRNA	313	G	1
23S_rRNA_314_+	23S_rRNA	314	C	1
23S_rRNA_315_+	23S_rRNA	315	G	1
23S_rRNA_316_+	23S_rRNA	316	C	1
23S_rRNA_317_+	23S_rRNA	317	G	1
23S_rRNA_318_+	23S_rRNA	318	C	1
23S_rRNA_319_+	23S_rRNA	319	G	1
23S_rRNA_320_+	23S_rRNA	320	A	0
23S_rRNA_321_+	23S_rRNA	321	U	0
23S_rRNA_322_+	23S_rRNA	322	A	0
23S_rRNA_323_+	23S_rRNA	323	C	1
23S_rRNA_324_+	23S_rRNA	324	A	0
23S_rRNA_325_+	23S_rRNA	325	G	1
23S_rRNA_326_+	23S_rRNA	326	G	1
23S_rRNA_327_+	23S_rRNA	327	G	1
23S_rRNA_328_+	23S_rRNA	328	U	0
23S_rRNA_329_+	23S_rRNA	329	G	0
23S_rRNA_330_+	23S_rRNA	330	A	0
23S_rRNA_331_+	23S_rRNA	331	C	0
23S_rRNA_332_+	23S_rRNA	332	A	0
23S_rRNA_333_+	23S_rRNA	333	G	1
23S_rRNA_334_+	23S_rRNA	334	C	1
23S_rRNA_335_+	23S_rRNA	335	C	1
23S_rRNA_336_+	23S_rRNA	336	C	1
23S_rRNA_337_+	23S_rRNA	337	C	1
23S_rRNA_338_+	23S_rRNA	338	G	0
23S_rRNA_339_+	23S_rRNA	339	U	0
23S_rRNA_340_+	23S_rRNA	340	A	0
23S_rRNA_341_+	23S_rRNA	341	C	1
23S_rRNA_342_+	23S_rRNA	342	A	1
23S_rRNA_343_+	23S_rRNA	343	C	1
23S_rRNA_344_+	23S_rRNA	344	A	0
23S_rRNA_345_+	23S_rRNA	345	A	0
23S_rRNA_346_+	23S_rRNA	346	A	0
23S_rRNA_347_+	23S_rRNA	347	A	1
23S_rRNA_348_+	23S_rRNA	348	A	1
23S_rRNA_349_+	23S_rRNA	349	U	1
23S_rRNA_350_+	23S_rRNA	350	G	1
23S_rRNA_351_+	23S_rRNA	351	C	1
23S_rRNA_352_+	23S_rRNA	352	A	1
23S_rRNA_353_+	23S_rRNA	353	C	1
23S_rRNA_354_+	23S_rRNA	354	A	1
23S_rRNA_355_+	23S_rRNA	355	U	1
23S_rRNA_356_+	23S_rRNA	356	G	1
23S_rRNA_357_+	23S_rRNA	357	C	1
23S_rRNA_358_+	23S_rRNA	358	U	1
23S_rRNA_359_+	23S_rRNA	359	G	1
23S_rRNA_360_+	23S_rRNA	360	U	0
23S_rRNA_361_+	23S_rRNA	361	G	0
23S_rRNA_362_+	23S_rRNA	362	A	0
23S_rRNA_363_+	23S_rRNA	363	G	1
23S_rRNA_364_+	23S_rRNA	364	C	1
23S_rRNA_365_+	23S_rRNA	365	U	1
23S_rRNA_366_+	23S_rRNA	366	C	1
23S_rRNA_367_+	23S_rRNA	367	G	0
23S_rRNA_368_+	23S_rRNA	368	A	0
23S_rRNA_369_+	23S_rRNA	369	U	0
23S_rRNA_370_+	23S_rRNA	370	G	0
23S_rRNA_371_+	23S_rRNA	371	A	0
23S_rRNA_372_+	23S_rRNA	372	G	0
23S_rRNA_373_+	23S_rRNA	373	U	0
23S_rRNA_374_+	23S_rRNA	374	A	0
23S_rRNA_375_+	23S_rRNA	375	G	1
23S_rRNA_376_+	23S_rRNA	376	G	1
23S_rRNA_377_+	23S_rRNA	377	G	1
23S_rRNA_378_+	23S_rRNA	378	C	1
23S_rRNA_379_+	23S_rRNA	379	G	1
23S_rRNA_380_+	23S_rRNA	380	G	1
23S_rRNA_381_+	23S_rRNA	381	G	1
23S_rRNA_382_+	23S_rRNA	382	A	1
23S_rRNA_383_+	23S_rRNA	383	C	1
23S_rRNA_384_+	23S_rRNA	384	A	0
23S_rRNA_385_+	23S_rRNA	385	C	0
23S_rRNA_386_+	23S_rRNA	386	G	0
23S_rRNA_387_+	23S_rRNA	387	U	0
23S_rRNA_388_+	23S_rRNA	388	G	0
23S_rRNA_389_+	23S_rRNA	389	G	0
23S_rRNA_390_+	23S_rRNA	390	U	0
23S_rRNA_391_+	23S_rRNA	391	A	1
23S_rRNA_392_+	23S_rRNA	392	U	1
23S_rRNA_393_+	23S_rRNA	393	C	1
23S_rRNA_394_+	23S_rRNA	394	C	1
23S_rRNA_395_+	23S_rRNA	395	U	1
23S_rRNA_396_+	23S_rRNA	396	G	1
23S_rRNA_397_+	23S_rRNA	397	U	1
23S_rRNA_398_+	23S_rRNA	398	C	1
23S_rRNA_399_+	23S_rRNA	399	U	1
23S_rRNA_400_+	23S_rRNA	400	G	0
23S_rRNA_401_+	23S_rRNA	401	A	0
23S_rRNA_402_+	23S_rRNA	402	A	0
23S_rRNA_403_+	23S_rRNA	403	U	0
23S_rRNA_404_+	23S_rRNA	404	A	0
23S_rRNA_405_+	23S_rRNA	405	U	0
23S_rRNA_406_+	23S_rRNA	406	G	1
23S_rRNA_407_+	23S_rRNA	407	G	1
23S_rRNA_408_+	23S_rRNA	408	G	1
23S_rRNA_409_+	23S_rRNA	409	G	1
23S_rRNA_410_+	23S_rRNA	410	G	1
23S_rRNA_411_+	23S_rRNA	411	G	0
23S_rRNA_412_+	23S_rRNA	412	A	0
23S_rRNA_413_+	23S_rRNA	413	C	1
23S_rRNA_414_+	23S_rRNA	414	C	1
23S_rRNA_415_+	23S_rRNA	415	A	1
23S_rRNA_416_+	23S_rRNA	416	U	1
23S_rRNA_417_+	23S_rRNA	417	C	1
23S_rRNA_418_+	23S_rRNA	418	C	1
23S_rRNA_419_+	23S_rRNA	419	U	1
23S_rRNA_420_+	23S_rRNA	420	C	1
23S_rRNA_421_+	23S_rRNA	421	C	1
23S_rRNA_422_+	23S_rRNA	422	A	0
23S_rRNA_423_+	23S_rRNA	423	A	0
23S_rRNA_424_+	23S_rRNA	424	G	1
23S_rRNA_425_+	23S_rRNA	425	G	1
23S_rRNA_426_+	23S_rRNA	426	C	1
23S_rRNA_427_+	23S_rRNA	427	U	1
23S_rRNA_428_+	23S_rRNA	428	A	0
23S_rRNA_429_+	23S_rRNA	429	A	0
23S_rRNA_430_+	23S_rRNA	430	A	1
23S_rRNA_431_+	23S_rRNA	431	U	0
23S_rRNA_432_+	23S_rRNA	432	A	0
23S_rRNA_433_+	23S_rRNA	433	C	1
23S_rRNA_434_+	23S_rRNA	434	U	1
23S_rRNA_435_+	23S_rRNA	435	C	0
23S_rRNA_436_+	23S_rRNA	436	C	1
23S_rRNA_437_+	23S_rRNA	437	U	1
23S_rRNA_438_+	23S_rRNA	438	G	1
23S_rRNA_439_+	23S_rRNA	439	A	1
23S_rRNA_440_+	23S_rRNA	440	C	1
23S_rRNA_441_+	23S_rRNA	441	U	1
23S_rRNA_442_+	23S_rRNA	442	G	1
23S_rRNA_443_+	23S_rRNA	443	A	0
23S_rRNA_444_+	23S_rRNA	444	C	1
23S_rRNA_445_+	23S_rRNA	445	C	1
23S_rRNA_446_+	23S_rRNA	446	G	0
23S_rRNA_447_+	23S_rRNA	447	A	0
23S_rRNA_448_+	23S_rRNA	448	U	0
23S_rRNA_449_+	23S_rRNA	449	A	0
23S_rRNA_450_+	23S_rRNA	450	G	0
23S_rRNA_451_+	23S_rRNA	451	U	0
23S_rRNA_452_+	23S_rRNA	452	G	0
23S_rRNA_453_+	23S_rRNA	453	A	0
23S_rRNA_454_+	23S_rRNA	454	A	0
23S_rRNA_455_+	23S_rRNA	455	C	0
23S_rRNA_456_+	23S_rRNA	456	C	0
23S_rRNA_457_+	23S_rRNA	457	A	0
23S_rRNA_458_+	23S_rRNA	458	G	0
23S_rRNA_459_+	23S_rRNA	459	U	0
23S_rRNA_460_+	23S_rRNA	460	A	0
23S_rRNA_461_+	23S_rRNA	461	C	1
23S_rRNA_462_+	23S_rRNA	462	C	1
23S_rRNA_463_+	23S_rRNA	463	G	0
23S_rRNA_464_+	23S_rRNA	464	U	0
23S_rRNA_465_+	23S_rRNA	465	G	0
23S_rRNA_466_+	23S_rRNA	466	A	0
23S_rRNA_467_+	23S_rRNA	467	G	1
23S_rRNA_468_+	23S_rRNA	468	G	1
23S_rRNA_469_+	23S_rRNA	469	G	0
23S_rRNA_470_+	23S_rRNA	470	A	0
23S_rRNA_471_+	23S_rRNA	471	A	0
23S_rRNA_472_+	23S_rRNA	472	A	0
23S_rRNA_473_+	23S_rRNA	473	G	1
23S_rRNA_474_+	23S_rRNA	474	G	1
23S_rRNA_475_+	23S_rRNA	475	C	0
23S_rRNA_476_+	23S_rRNA	476	G	0
23S_rRNA_477_+	23S_rRNA	477	A	0
23S_rRNA_478_+	23S_rRNA	478	A	0
23S_rRNA_479_+	23S_rRNA	479	A	0
23S_rRNA_480_+	23S_rRNA	480	A	0
23S_rRNA_481_+	23S_rRNA	481	G	0
23S_rRNA_482_+	23S_rRNA	482	A	0
23S_rRNA_483_+	23S_rRNA	483	A	0
23S_rRNA_484_+	23S_rRNA	484	C	1
23S_rRNA_485_+	23S_rRNA	485	C	1
23S_rRNA_486_+	23S_rRNA	486	C	1
23S_rRNA_487_+	23S_rRNA	487	C	1
23S_rRNA_488_+	23S_rRNA	488	G	0
23S_rRNA_489_+	23S_rRNA	489	G	0
23S_rRNA_490_+	23S_rRNA	490	C	0
23S_rRNA_491_+	23S_rRNA	491	G	0
23S_rRNA_492_+	23S_rRNA	492	A	0
23S_rRNA_493_+	23S_rRNA	493	G	1
23S_rRNA_494_+	23S_rRNA	494	G	1
23S_rRNA_495_+	23S_rRNA	495	G	1
23S_rRNA_496_+	23S_rRNA	496	G	1
23S_rRNA_497_+	23S_rRNA	497	A	0
23S_rRNA_498_+	23S_rRNA	498	G	0
23S_rRNA_499_+	23S_rRNA	499	U	0
23S_rRNA_500_+	23S_rRNA	500	G	0
23S_rRNA_501_+	23S_rRNA	501	A	0
23S_rRNA_502_+	23S_rRNA	502	A	0
23S_rRNA_503_+	23S_rRNA	503	A	0
23S_rRNA_504_+	23S_rRNA	504	A	0
23S_rRNA_505_+	23S_rRNA	505	A	0
23S_rRNA_506_+	23S_rRNA	506	G	0
23S_rRNA_507_+	23S_rRNA	507	A	0
23S_rRNA_508_+	23S_rRNA	508	A	0
23S_rRNA_509_+	23S_rRNA	509	C	0
23S_rRNA_510_+	23S_rRNA	510	C	1
23S_rRNA_511_+	23S_rRNA	511	U	0
23S_rRNA_512_+	23S_rRNA	512	G	0
23S_rRNA_513_+	23S_rRNA	513	A	0
23S_rRNA_514_+	23S_rRNA	514	A	0
23S_rRNA_515_+	23S_rRNA	515	A	0
23S_rRNA_516_+	23S_rRNA	516	C	1
23S_rRNA_517_+	23S_rRNA	517	C	1
23S_rRNA_518_+	23S_rRNA	518	G	1
23S_rRNA_519_+	23S_rRNA	519	U	1
23S_rRNA_520_+	23S_rRNA	520	G	1
23S_rRNA_521_+	23S_rRNA	521	U	1
23S_rRNA_522_+	23S_rRNA	522	A	1
23S_rRNA_523_+	23S_rRNA	523	C	1
23S_rRNA_524_+	23S_rRNA	524	G	1
23S_rRNA_525_+	23S_rRNA	525	U	1
23S_rRNA_526_+	23S_rRNA	526	A	0
23S_rRNA_527_+	23S_rRNA	527	C	0
23S_rRNA_528_+	23S_rRNA	528	A	0
23S_rRNA_529_+	23S_rRNA	529	A	0
23S_rRNA_530_+	23S_rRNA	530	G	0
23S_rRNA_531_+	23S_rRNA	531	C	1
23S_rRNA_532_+	23S_rRNA	532	A	0
23S_rRNA_533_+	23S_rRNA	533	G	1
23S_rRNA_534_+	23S_rRNA	534	U	1
23S_rRNA_535_+	23S_rRNA	535	G	1
23S_rRNA_536_+	23S_rRNA	536	G	1
23S_rRNA_537_+	23S_rRNA	537	G	1
23S_rRNA_538_+	23S_rRNA	538	A	1
23S_rRNA_539_+	23S_rRNA	539	G	1
23S_rRNA_540_+	23S_rRNA	540	C	1
23S_rRNA_541_+	23S_rRNA	541	A	1
23S_rRNA_542_+	23S_rRNA	542	C	1
23S_rRNA_543_+	23S_rRNA	543	G	1
23S_rRNA_544_+	23S_rRNA	544	C	1
23S_rRNA_545_+	23S_rRNA	545	U	0
23S_rRNA_546_+	23S_rRNA	546	U	0
23S_rRNA_547_+	23S_rRNA	547	A	0
23S_rRNA_548_+	23S_rRNA	548	G	0
23S_rRNA_549_+	23S_rRNA	549	G	1
23S_rRNA_550_+	23S_rRNA	550	C	1
23S_rRNA_551_+	23S_rRNA	551	G	1
23S_rRNA_552_+	23S_rRNA	552	U	1
23S_rRNA_553_+	23S_rRNA	553	G	1
23S_rRNA_554_+	23S_rRNA	554	U	1
23S_rRNA_555_+	23S_rRNA	555	G	1
23S_rRNA_556_+	23S_rRNA	556	A	1
23S_rRNA_557_+	23S_rRNA	557	C	1
23S_rRNA_558_+	23S_rRNA	558	U	1
23S_rRNA_559_+	23S_rRNA	559	G	1
23S_rRNA_560_+	23S_rRNA	560	C	1
23S_rRNA_561_+	23S_rRNA	561	G	0
23S_rRNA_562_+	23S_rRNA	562	U	0
23S_rRNA_563_+	23S_rRNA	563	A	1
23S_rRNA_564_+	23S_rRNA	564	C	1
23S_rRNA_565_+	23S_rRNA	565	C	1
23S_rRNA_566_+	23S_rRNA	566	U	1
23S_rRNA_567_+	23S_rRNA	567	U	0
23S_rRNA_568_+	23S_rRNA	568	U	0
23S_rRNA_569_+	23S_rRNA	569	U	0
23S_rRNA_570_+	23S_rRNA	570	G	0
23S_rRNA_571_+	23S_rRNA	571	U	0
23S_rRNA_572_+	23S_rRNA	572	A	0
23S_rRNA_573_+	23S_rRNA	573	U	0
23S_rRNA_574_+	23S_rRNA	574	A	0
23S_rRNA_575_+	23S_rRNA	575	A	1
23S_rRNA_576_+	23S_rRNA	576	U	1
23S_rRNA_577_+	23S_rRNA	577	G	1
23S_rRNA_578_+	23S_rRNA	578	G	1
23S_rRNA_579_+	23S_rRNA	579	G	1
23S_rRNA_580_+	23S_rRNA	580	U	1
23S_rRNA_581_+	23S_rRNA	581	C	1
23S_rRNA_582_+	23S_rRNA	582	A	1
23S_rRNA_583_+	23S_rRNA	583	G	1
23S_rRNA_584_+	23S_rRNA	584	C	1
23S_rRNA_585_+	23S_rRNA	585	G	0
23S_rRNA_586_+	23S_rRNA	586	A	0
23S_rRNA_587_+	23S_rRNA	587	C	0
23S_rRNA_588_+	23S_rRNA	588	U	0
23S_rRNA_589_+	23S_rRNA	589	U	1
23S_rRNA_590_+	23S_rRNA	590	A	1
23S_rRNA_591_+	23S_rRNA	591	U	1
23S_rRNA_592_+	23S_rRNA	592	A	1
23S_rRNA_593_+	23S_rRNA	593	U	1
23S_rRNA_594_+	23S_rRNA	594	U	1
23S_rRNA_595_+	23S_rRNA	595	C	1
23S_rRNA_596_+	23S_rRNA	596	U	1
23S_rRNA_597_+	23S_rRNA	597	G	1
23S_rRNA_598_+	23S_rRNA	598	U	1
23S_rRNA_599_+	23S_rRNA	599	A	1
23S_rRNA_600_+	23S_rRNA	600	G	1
23S_rRNA_601_+	23S_rRNA	601	C	1
23S_rRNA_602_+	23S_rRNA	602	A	0
23S_rRNA_603_+	23S_rRNA	603	A	0
23S_rRNA_604_+	23S_rRNA	604	G	1
23S_rRNA_605_+	23S_rRNA	605	G	1
23S_rRNA_606_+	23S_rRNA	606	U	1
23S_rRNA_607_+	23S_rRNA	607	U	1
23S_rRNA_608_+	23S_rRNA	608	A	0
23S_rRNA_609_+	23S_rRNA	609	A	0
23S_rRNA_610_+	23S_rRNA	610	C	1
23S_rRNA_611_+	23S_rRNA	611	C	1
23S_rRNA_612_+	23S_rRNA	612	G	0
23S_rRNA_613_+	23S_rRNA	613	A	0
23S_rRNA_614_+	23S_rRNA	614	A	0
23S_rRNA_615_+	23S_rRNA	615	U	0
23S_rRNA_616_+	23S_rRNA	616	A	0
23S_rRNA_617_+	23S_rRNA	617	G	1
23S_rRNA_618_+	23S_rRNA	618	G	1
23S_rRNA_619_+	23S_rRNA	619	G	0
23S_rRNA_620_+	23S_rRNA	620	G	0
23S_rRNA_621_+	23S_rRNA	621	A	1
23S_rRNA_622_+	23S_rRNA	622	G	1
23S_rRNA_623_+	23S_rRNA	623	C	1
23S_rRNA_624_+	23S_rRNA	624	C	1
23S_rRNA_625_+	23S_rRNA	625	G	0
23S_rRNA_626_+	23S_rRNA	626	A	0
23S_rRNA_627_+	23S_rRNA	627	A	0
23S_rRNA_628_+	23S_rRNA	628	G	1
23S_rRNA_629_+	23S_rRNA	629	G	1
23S_rRNA_630_+	23S_rRNA	630	G	0
23S_rRNA_631_+	23S_rRNA	631	A	0
23S_rRNA_632_+	23S_rRNA	632	A	0
23S_rRNA_633_+	23S_rRNA	633	A	0
23S_rRNA_634_+	23S_rRNA	634	C	1
23S_rRNA_635_+	23S_rRNA	635	C	1
23S_rRNA_636_+	23S_rRNA	636	G	0
23S_rRNA_637_+	23S_rRNA	637	A	1
23S_rRNA_638_+	23S_rRNA	638	G	1
23S_rRNA_639_+	23S_rRNA	639	U	1
23S_rRNA_640_+	23S_rRNA	640	C	1
23S_rRNA_641_+	23S_rRNA	641	U	1
23S_rRNA_642_+	23S_rRNA	642	U	0
23S_rRNA_643_+	23S_rRNA	643	A	0
23S_rRNA_644_+	23S_rRNA	644	A	0
23S_rRNA_645_+	23S_rRNA	645	C	0
23S_rRNA_646_+	23S_rRNA	646	U	0
23S_rRNA_647_+	23S_rRNA	647	G	1
23S_rRNA_648_+	23S_rRNA	648	G	1
23S_rRNA_649_+	23S_rRNA	649	G	1
23S_rRNA_650_+	23S_rRNA	650	C	1
23S_rRNA_651_+	23S_rRNA	651	G	1
23S_rRNA_652_+	23S_rRNA	652	U	0
23S_rRNA_653_+	23S_rRNA	653	U	0
23S_rRNA_654_+	23S_rRNA	654	A	0
23S_rRNA_655_+	23S_rRNA	655	A	0
23S_rRNA_656_+	23S_rRNA	656	G	1
23S_rRNA_657_+	23S_rRNA	657	U	1
23S_rRNA_658_+	23S_rRNA	658	U	1
23S_rRNA_659_+	23S_rRNA	659	G	1
23S_rRNA_660_+	23S_rRNA	660	C	1
23S_rRNA_661_+	23S_rRNA	661	A	1
23S_rRNA_662_+	23S_rRNA	662	G	1
23S_rRNA_663_+	23S_rRNA	663	G	1
23S_rRNA_664_+	23S_rRNA	664	G	1
23S_rRNA_665_+	23S_rRNA	665	U	1
23S_rRNA_666_+	23S_rRNA	666	A	1
23S_rRNA_667_+	23S_rRNA	667	U	1
23S_rRNA_668_+	23S_rRNA	668	A	1
23S_rRNA_669_+	23S_rRNA	669	G	0
23S_rRNA_670_+	23S_rRNA	670	A	0
23S_rRNA_671_+	23S_rRNA	671	C	1
23S_rRNA_672_+	23S_rRNA	672	C	1
23S_rRNA_673_+	23S_rRNA	673	C	0
23S_rRNA_674_+	23S_rRNA	674	G	1
23S_rRNA_675_+	23S_rRNA	675	A	0
23S_rRNA_676_+	23S_rRNA	676	A	0
23S_rRNA_677_+	23S_rRNA	677	A	0
23S_rRNA_678_+	23S_rRNA	678	C	1
23S_rRNA_679_+	23S_rRNA	679	C	1
23S_rRNA_680_+	23S_rRNA	680	C	1
23S_rRNA_681_+	23S_rRNA	681	G	1
23S_rRNA_682_+	23S_rRNA	682	G	1
23S_rRNA_683_+	23S_rRNA	683	U	1
23S_rRNA_684_+	23S_rRNA	684	G	0
23S_rRNA_685_+	23S_rRNA	685	A	0
23S_rRNA_686_+	23S_rRNA	686	U	0
23S_rRNA_687_+	23S_rRNA	687	C	1
23S_rRNA_688_+	23S_rRNA	688	U	1
23S_rRNA_689_+	23S_rRNA	689	A	1
23S_rRNA_690_+	23S_rRNA	690	G	1
23S_rRNA_691_+	23S_rRNA	691	C	1
23S_rRNA_692_+	23S_rRNA	692	C	1
23S_rRNA_693_+	23S_rRNA	693	A	1
23S_rRNA_694_+	23S_rRNA	694	U	1
23S_rRNA_695_+	23S_rRNA	695	G	1
23S_rRNA_696_+	23S_rRNA	696	G	1
23S_rRNA_697_+	23S_rRNA	697	G	1
23S_rRNA_698_+	23S_rRNA	698	C	1
23S_rRNA_699_+	23S_rRNA	699	A	0
23S_rRNA_700_+	23S_rRNA	700	G	1
23S_rRNA_701_+	23S_rRNA	701	G	1
23S_rRNA_702_+	23S_rRNA	702	U	1
23S_rRNA_703_+	23S_rRNA	703	U	1
23S_rRNA_704_+	23S_rRNA	704	G	0
23S_rRNA_705_+	23S_rRNA	705	A	0
23S_rRNA_706_+	23S_rRNA	706	A	0
23S_rRNA_707_+	23S_rRNA	707	G	1
23S_rRNA_708_+	23S_rRNA	708	G	1
23S_rRNA_709_+	23S_rRNA	709	U	1
23S_rRNA_710_+	23S_rRNA	710	U	1
23S_rRNA_711_+	23S_rRNA	711	G	1
23S_rRNA_712_+	23S_rRNA	712	G	1
23S_rRNA_713_+	23S_rRNA	713	G	1
23S_rRNA_714_+	23S_rRNA	714	U	0
23S_rRNA_715_+	23S_rRNA	715	A	0
23S_rRNA_716_+	23S_rRNA	716	A	0
23S_rRNA_717_+	23S_rRNA	717	C	0
23S_rRNA_718_+	23S_rRNA	718	A	1
23S_rRNA_719_+	23S_rRNA	719	C	1
23S_rRNA_720_+	23S_rRNA	720	U	1
23S_rRNA_721_+	23S_rRNA	721	A	1
23S_rRNA_722_+	23S_rRNA	722	A	1
23S_rRNA_723_+	23S_rRNA	723	C	1
23S_rRNA_724_+	23S_rRNA	724	U	1
23S_rRNA_725_+	23S_rRNA	725	G	0
23S_rRNA_726_+	23S_rRNA	726	G	0
23S_rRNA_727_+	23S_rRNA	727	A	0
23S_rRNA_728_+	23S_rRNA	728	G	0
23S_rRNA_729_+	23S_rRNA	729	G	1
23S_rRNA_730_+	23S_rRNA	730	A	1
23S_rRNA_731_+	23S_rRNA	731	C	1
23S_rRNA_732_+	23S_rRNA	732	C	1
23S_rRNA_733_+	23S_rRNA	733	G	0
23S_rRNA_734_+	23S_rRNA	734	A	0
23S_rRNA_735_+	23S_rRNA	735	A	0
23S_rRNA_736_+	23S_rRNA	736	C	1
23S_rRNA_737_+	23S_rRNA	737	C	1
23S_rRNA_738_+	23S_rRNA	738	G	1
23S_rRNA_739_+	23S_rRNA	739	A	0
23S_rRNA_740_+	23S_rRNA	740	C	1
23S_rRNA_741_+	23S_rRNA	741	U	1
23S_rRNA_742_+	23S_rRNA	742	A	1
23S_rRNA_743_+	23S_rRNA	743	A	1
23S_rRNA_744_+	23S_rRNA	744	U	1
23S_rRNA_745_+	23S_rRNA	745	G	0
23S_rRNA_746_+	23S_rRNA	746	U	0
23S_rRNA_747_+	23S_rRNA	747	U	0
23S_rRNA_748_+	23S_rRNA	748	G	0
23S_rRNA_749_+	23S_rRNA	749	A	0
23S_rRNA_750_+	23S_rRNA	750	A	0
23S_rRNA_751_+	23S_rRNA	751	A	0
23S_rRNA_752_+	23S_rRNA	752	A	0
23S_rRNA_753_+	23S_rRNA	753	A	1
23S_rRNA_754_+	23S_rRNA	754	U	1
23S_rRNA_755_+	23S_rRNA	755	U	1
23S_rRNA_756_+	23S_rRNA	756	A	1
23S_rRNA_757_+	23S_rRNA	757	G	1
23S_rRNA_758_+	23S_rRNA	758	C	1
23S_rRNA_759_+	23S_rRNA	759	G	1
23S_rRNA_760_+	23S_rRNA	760	G	1
23S_rRNA_761_+	23S_rRNA	761	A	0
23S_rRNA_762_+	23S_rRNA	762	U	0
23S_rRNA_763_+	23S_rRNA	763	G	1
23S_rRNA_764_+	23S_rRNA	764	A	0
23S_rRNA_765_+	23S_rRNA	765	C	1
23S_rRNA_766_+	23S_rRNA	766	U	1
23S_rRNA_767_+	23S_rRNA	767	U	1
23S_rRNA_768_+	23S_rRNA	768	G	1
23S_rRNA_769_+	23S_rRNA	769	U	1
23S_rRNA_770_+	23S_rRNA	770	G	1
23S_rRNA_771_+	23S_rRNA	771	G	1
23S_rRNA_772_+	23S_rRNA	772	C	1
23S_rRNA_773_+	23S_rRNA	773	U	1
23S_rRNA_774_+	23S_rRNA	774	G	1
23S_rRNA_775_+	23S_rRNA	775	G	1
23S_rRNA_776_+	23S_rRNA	776	G	0
23S_rRNA_777_+	23S_rRNA	777	G	1
23S_rRNA_778_+	23S_rRNA	778	G	1
23S_rRNA_779_+	23S_rRNA	779	U	1
23S_rRNA_780_+	23S_rRNA	780	G	0
23S_rRNA_781_+	23S_rRNA	781	A	0
23S_rRNA_782_+	23S_rRNA	782	A	0
23S_rRNA_783_+	23S_rRNA	783	A	0
23S_rRNA_784_+	23S_rRNA	784	G	0
23S_rRNA_785_+	23S_rRNA	785	G	1
23S_rRNA_786_+	23S_rRNA	786	C	1
23S_rRNA_787_+	23S_rRNA	787	C	1
23S_rRNA_788_+	23S_rRNA	788	A	0
23S_rRNA_789_+	23S_rRNA	789	A	0
23S_rRNA_790_+	23S_rRNA	790	U	0
23S_rRNA_791_+	23S_rRNA	791	C	0
23S_rRNA_792_+	23S_rRNA	792	A	0
23S_rRNA_793_+	23S_rRNA	793	A	0
23S_rRNA_794_+	23S_rRNA	794	A	1
23S_rRNA_795_+	23S_rRNA	795	C	1
23S_rRNA_796_+	23S_rRNA	796	C	1
23S_rRNA_797_+	23S_rRNA	797	G	1
23S_rRNA_798_+	23S_rRNA	798	G	1
23S_rRNA_799_+	23S_rRNA	799	G	1
23S_rRNA_800_+	23S_rRNA	800	A	0
23S_rRNA_801_+	23S_rRNA	801	G	0
23S_rRNA_802_+	23S_rRNA	802	A	0
23S_rRNA_803_+	23S_rRNA	803	U	0
23S_rRNA_804_+	23S_rRNA	804	A	0
23S_rRNA_805_+	23S_rRNA	805	G	0
23S_rRNA_806_+	23S_rRNA	806	C	1
23S_rRNA_807_+	23S_rRNA	807	U	0
23S_rRNA_808_+	23S_rRNA	808	G	1
23S_rRNA_809_+	23S_rRNA	809	G	1
23S_rRNA_810_+	23S_rRNA	810	U	0
23S_rRNA_811_+	23S_rRNA	811	U	0
23S_rRNA_812_+	23S_rRNA	812	C	1
23S_rRNA_813_+	23S_rRNA	813	U	1
23S_rRNA_814_+	23S_rRNA	814	C	1
23S_rRNA_815_+	23S_rRNA	815	C	1
23S_rRNA_816_+	23S_rRNA	816	C	1
23S_rRNA_817_+	23S_rRNA	817	C	1
23S_rRNA_818_+	23S_rRNA	818	G	0
23S_rRNA_819_+	23S_rRNA	819	A	0
23S_rRNA_820_+	23S_rRNA	820	A	0
23S_rRNA_821_+	23S_rRNA	821	A	0
23S_rRNA_822_+	23S_rRNA	822	G	1
23S_rRNA_823_+	23S_rRNA	823	C	1
23S_rRNA_824_+	23S_rRNA	824	U	1
23S_rRNA_825_+	23S_rRNA	825	A	1
23S_rRNA_826_+	23S_rRNA	826	U	1
23S_rRNA_827_+	23S_rRNA	827	U	0
23S_rRNA_828_+	23S_rRNA	828	U	0
23S_rRNA_829_+	23S_rRNA	829	A	0
23S_rRNA_830_+	23S_rRNA	830	G	0
23S_rRNA_831_+	23S_rRNA	831	G	1
23S_rRNA_832_+	23S_rRNA	832	U	1
23S_rRNA_833_+	23S_rRNA	833	A	1
23S_rRNA_834_+	23S_rRNA	834	G	1
23S_rRNA_835_+	23S_rRNA	835	C	1
23S_rRNA_836_+	23S_rRNA	836	G	0
23S_rRNA_837_+	23S_rRNA	837	C	1
23S_rRNA_838_+	23S_rRNA	838	C	1
23S_rRNA_839_+	23S_rRNA	839	U	1
23S_rRNA_840_+	23S_rRNA	840	C	1
23S_rRNA_841_+	23S_rRNA	841	G	1
23S_rRNA_842_+	23S_rRNA	842	U	1
23S_rRNA_843_+	23S_rRNA	843	G	1
23S_rRNA_844_+	23S_rRNA	844	A	1
23S_rRNA_845_+	23S_rRNA	845	A	0
23S_rRNA_846_+	23S_rRNA	846	U	0
23S_rRNA_847_+	23S_rRNA	847	U	1
23S_rRNA_848_+	23S_rRNA	848	C	1
23S_rRNA_849_+	23S_rRNA	849	A	1
23S_rRNA_850_+	23S_rRNA	850	U	1
23S_rRNA_851_+	23S_rRNA	851	C	1
23S_rRNA_852_+	23S_rRNA	852	U	1
23S_rRNA_853_+	23S_rRNA	853	C	1
23S_rRNA_854_+	23S_rRNA	854	C	1
23S_rRNA_855_+	23S_rRNA	855	G	1
23S_rRNA_856_+	23S_rRNA	856	G	1
23S_rRNA_857_+	23S_rRNA	857	G	1
23S_rRNA_858_+	23S_rRNA	858	G	0
23S_rRNA_859_+	23S_rRNA	859	G	0
23S_rRNA_860_+	23S_rRNA	860	U	0
23S_rRNA_861_+	23S_rRNA	861	A	0
23S_rRNA_862_+	23S_rRNA	862	G	1
23S_rRNA_863_+	23S_rRNA	863	A	1
23S_rRNA_864_+	23S_rRNA	864	G	1
23S_rRNA_865_+	23S_rRNA	865	C	0
23S_rRNA_866_+	23S_rRNA	866	A	0
23S_rRNA_867_+	23S_rRNA	867	C	0
23S_rRNA_868_+	23S_rRNA	868	U	1
23S_rRNA_869_+	23S_rRNA	869	G	1
23S_rRNA_870_+	23S_rRNA	870	U	1
23S_rRNA_871_+	23S_rRNA	871	U	0
23S_rRNA_872_+	23S_rRNA	872	U	1
23S_rRNA_873_+	23S_rRNA	873	C	1
23S_rRNA_874_+	23S_rRNA	874	G	1
23S_rRNA_875_+	23S_rRNA	875	G	1
23S_rRNA_876_+	23S_rRNA	876	C	0
23S_rRNA_877_+	23S_rRNA	877	A	0
23S_rRNA_878_+	23S_rRNA	878	A	0
23S_rRNA_879_+	23S_rRNA	879	G	1
23S_rRNA_880_+	23S_rRNA	880	G	1
23S_rRNA_881_+	23S_rRNA	881	G	1
23S_rRNA_882_+	23S_rRNA	882	G	1
23S_rRNA_883_+	23S_rRNA	883	G	1
23S_rRNA_884_+	23S_rRNA	884	U	1
23S_rRNA_885_+	23S_rRNA	885	C	1
23S_rRNA_886_+	23S_rRNA	886	A	0
23S_rRNA_887_+	23S_rRNA	887	U	0
23S_rRNA_888_+	23S_rRNA	888	C	0
23S_rRNA_889_+	23S_rRNA	889	C	0
23S_rRNA_890_+	23S_rRNA	890	C	0
23S_rRNA_891_+	23S_rRNA	891	G	1
23S_rRNA_892_+	23S_rRNA	892	A	1
23S_rRNA_893_+	23S_rRNA	893	C	1
23S_rRNA_894_+	23S_rRNA	894	U	1
23S_rRNA_895_+	23S_rRNA	895	U	1
23S_rRNA_896_+	23S_rRNA	896	A	0
23S_rRNA_897_+	23S_rRNA	897	C	1
23S_rRNA_898_+	23S_rRNA	898	C	1
23S_rRNA_899_+	23S_rRNA	899	A	0
23S_rRNA_900_+	23S_rRNA	900	A	0
23S_rRNA_901_+	23S_rRNA	901	C	0
23S_rRNA_902_+	23S_rRNA	902	C	1
23S_rRNA_903_+	23S_rRNA	903	C	1
23S_rRNA_904_+	23S_rRNA	904	G	1
23S_rRNA_905_+	23S_rRNA	905	A	1
23S_rRNA_906_+	23S_rRNA	906	U	0
23S_rRNA_907_+	23S_rRNA	907	G	1
23S_rRNA_908_+	23S_rRNA	908	C	1
23S_rRNA_909_+	23S_rRNA	909	A	1
23S_rRNA_910_+	23S_rRNA	910	A	0
23S_rRNA_911_+	23S_rRNA	911	A	0
23S_rRNA_912_+	23S_rRNA	912	C	1
23S_rRNA_913_+	23S_rRNA	913	U	1
23S_rRNA_914_+	23S_rRNA	914	G	0
23S_rRNA_915_+	23S_rRNA	915	C	1
23S_rRNA_916_+	23S_rRNA	916	G	0
23S_rRNA_917_+	23S_rRNA	917	A	0
23S_rRNA_918_+	23S_rRNA	918	A	0
23S_rRNA_919_+	23S_rRNA	919	U	0
23S_rRNA_920_+	23S_rRNA	920	A	1
23S_rRNA_921_+	23S_rRNA	921	C	1
23S_rRNA_922_+	23S_rRNA	922	C	1
23S_rRNA_923_+	23S_rRNA	923	G	1
23S_rRNA_924_+	23S_rRNA	924	G	1
23S_rRNA_925_+	23S_rRNA	925	A	1
23S_rRNA_926_+	23S_rRNA	926	G	1
23S_rRNA_927_+	23S_rRNA	927	A	0
23S_rRNA_928_+	23S_rRNA	928	A	1
23S_rRNA_929_+	23S_rRNA	929	U	1
23S_rRNA_930_+	23S_rRNA	930	G	1
23S_rRNA_931_+	23S_rRNA	931	U	0
23S_rRNA_932_+	23S_rRNA	932	U	0
23S_rRNA_933_+	23S_rRNA	933	A	1
23S_rRNA_934_+	23S_rRNA	934	U	1
23S_rRNA_935_+	23S_rRNA	935	C	1
23S_rRNA_936_+	23S_rRNA	936	A	1
23S_rRNA_937_+	23S_rRNA	937	C	1
23S_rRNA_938_+	23S_rRNA	938	G	1
23S_rRNA_939_+	23S_rRNA	939	G	1
23S_rRNA_940_+	23S_rRNA	940	G	1
23S_rRNA_941_+	23S_rRNA	941	A	0
23S_rRNA_942_+	23S_rRNA	942	G	1
23S_rRNA_943_+	23S_rRNA	943	A	0
23S_rRNA_944_+	23S_rRNA	944	C	0
23S_rRNA_945_+	23S_rRNA	945	A	0
23S_rRNA_946_+	23S_rRNA	946	C	1
23S_rRNA_947_+	23S_rRNA	947	A	1
23S_rRNA_948_+	23S_rRNA	948	C	1
23S_rRNA_949_+	23S_rRNA	949	G	1
23S_rRNA_950_+	23S_rRNA	950	G	1
23S_rRNA_951_+	23S_rRNA	951	C	1
23S_rRNA_952_+	23S_rRNA	952	G	1
23S_rRNA_953_+	23S_rRNA	953	G	1
23S_rRNA_954_+	23S_rRNA	954	G	1
23S_rRNA_955_+	23S_rRNA	955	U	1
23S_rRNA_956_+	23S_rRNA	956	G	0
23S_rRNA_957_+	23S_rRNA	957	C	0
23S_rRNA_958_+	23S_rRNA	958	U	0
23S_rRNA_959_+	23S_rRNA	959	A	0
23S_rRNA_960_+	23S_rRNA	960	A	0
23S_rRNA_961_+	23S_rRNA	961	C	0
23S_rRNA_962_+	23S_rRNA	962	G	1
23S_rRNA_963_+	23S_rRNA	963	U	1
23S_rRNA_964_+	23S_rRNA	964	C	1
23S_rRNA_965_+	23S_rRNA	965	C	1
23S_rRNA_966_+	23S_rRNA	966	G	1
23S_rRNA_967_+	23S_rRNA	967	U	1
23S_rRNA_968_+	23S_rRNA	968	C	1
23S_rRNA_969_+	23S_rRNA	969	G	1
23S_rRNA_970_+	23S_rRNA	970	U	1
23S_rRNA_971_+	23S_rRNA	971	G	1
23S_rRNA_972_+	23S_rRNA	972	A	0
23S_rRNA_973_+	23S_rRNA	973	A	0
23S_rRNA_974_+	23S_rRNA	974	G	0
23S_rRNA_975_+	23S_rRNA	975	A	0
23S_rRNA_976_+	23S_rRNA	976	G	1
23S_rRNA_977_+	23S_rRNA	977	G	1
23S_rRNA_978_+	23S_rRNA	978	G	1
23S_rRNA_979_+	23S_rRNA	979	A	0
23S_rRNA_980_+	23S_rRNA	980	A	0
23S_rRNA_981_+	23S_rRNA	981	A	0
23S_rRNA_982_+	23S_rRNA	982	C	0
23S_rRNA_983_+	23S_rRNA	983	A	0
23S_rRNA_984_+	23S_rRNA	984	A	0
23S_rRNA_985_+	23S_rRNA	985	C	1
23S_rRNA_986_+	23S_rRNA	986	C	1
23S_rRNA_987_+	23S_rRNA	987	C	1
23S_rRNA_988_+	23S_rRNA	988	A	0
23S_rRNA_989_+	23S_rRNA	989	G	0
23S_rRNA_990_+	23S_rRNA	990	A	0
23S_rRNA_991_+	23S_rRNA	991	C	1
23S_rRNA_992_+	23S_rRNA	992	C	1
23S_rRNA_993_+	23S_rRNA	993	G	1
23S_rRNA_994_+	23S_rRNA	994	C	1
23S_rRNA_995_+	23S_rRNA	995	C	0
23S_rRNA_996_+	23S_rRNA	996	A	1
23S_rRNA_997_+	23S_rRNA	997	G	1
23S_rRNA_998_+	23S_rRNA	998	C	1
23S_rRNA_999_+	23S_rRNA	999	U	0
23S_rRNA_1000_+	23S_rRNA	1000	A	0
23S_rRNA_1001_+	23S_rRNA	1001	A	0
23S_rRNA_1002_+	23S_rRNA	1002	G	1
23S_rRNA_1003_+	23S_rRNA	1003	G	1
23S_rRNA_1004_+	23S_rRNA	1004	U	1
23S_rRNA_1005_+	23S_rRNA	1005	C	1
23S_rRNA_1006_+	23S_rRNA	1006	C	1
23S_rRNA_1007_+	23S_rRNA	1007	C	0
23S_rRNA_1008_+	23S_rRNA	1008	A	0
23S_rRNA_1009_+	23S_rRNA	1009	A	0
23S_rRNA_1010_+	23S_rRNA	1010	A	0
23S_rRNA_1011_+	23S_rRNA	1011	G	1
23S_rRNA_1012_+	23S_rRNA	1012	U	0
23S_rRNA_1013_+	23S_rRNA	1013	C	1
23S_rRNA_1014_+	23S_rRNA	1014	A	1
23S_rRNA_1015_+	23S_rRNA	1015	U	1
23S_rRNA_1016_+	23S_rRNA	1016	G	1
23S_rRNA_1017_+	23S_rRNA	1017	G	1
23S_rRNA_1018_+	23S_rRNA	1018	U	1
23S_rRNA_1019_+	23S_rRNA	1019	U	0
23S_rRNA_1020_+	23S_rRNA	1020	A	0
23S_rRNA_1021_+	23S_rRNA	1021	A	0
23S_rRNA_1022_+	23S_rRNA	1022	G	0
23S_rRNA_1023_+	23S_rRNA	1023	U	0
23S_rRNA_1024_+	23S_rRNA	1024	G	0
23S_rRNA_1025_+	23S_rRNA	1025	G	0
23S_rRNA_1026_+	23S_rRNA	1026	G	0
23S_rRNA_1027_+	23S_rRNA	1027	A	0
23S_rRNA_1028_+	23S_rRNA	1028	A	0
23S_rRNA_1029_+	23S_rRNA	1029	A	0
23S_rRNA_1030_+	23S_rRNA	1030	C	1
23S_rRNA_1031_+	23S_rRNA	1031	G	1
23S_rRNA_1032_+	23S_rRNA	1032	A	1
23S_rRNA_1033_+	23S_rRNA	1033	U	0
23S_rRNA_1034_+	23S_rRNA	1034	G	1
23S_rRNA_1035_+	23S_rRNA	1035	U	1
23S_rRNA_1036_+	23S_rRNA	1036	G	1
23S_rRNA_1037_+	23S_rRNA	1037	G	1
23S_rRNA_1038_+	23S_rRNA	1038	G	1
23S_rRNA_1039_+	23S_rRNA	1039	A	1
23S_rRNA_1040_+	23S_rRNA	1040	A	1
23S_rRNA_1041_+	23S_rRNA	1041	G	1
23S_rRNA_1042_+	23S_rRNA	1042	G	1
23S_rRNA_1043_+	23S_rRNA	1043	C	1
23S_rRNA_1044_+	23S_rRNA	1044	C	0
23S_rRNA_1045_+	23S_rRNA	1045	C	0
23S_rRNA_1046_+	23S_rRNA	1046	A	0
23S_rRNA_1047_+	23S_rRNA	1047	G	0
23S_rRNA_1048_+	23S_rRNA	1048	A	0
23S_rRNA_1049_+	23S_rRNA	1049	C	0
23S_rRNA_1050_+	23S_rRNA	1050	A	0
23S_rRNA_1051_+	23S_rRNA	1051	G	1
23S_rRNA_1052_+	23S_rRNA	1052	C	1
23S_rRNA_1053_+	23S_rRNA	1053	C	1
23S_rRNA_1054_+	23S_rRNA	1054	A	1
23S_rRNA_1055_+	23S_rRNA	1055	G	1
23S_rRNA_1056_+	23S_rRNA	1056	G	0
23S_rRNA_1057_+	23S_rRNA	1057	A	1
23S_rRNA_1058_+	23S_rRNA	1058	U	1
23S_rRNA_1059_+	23S_rRNA	1059	G	1
23S_rRNA_1060_+	23S_rRNA	1060	U	0
23S_rRNA_1061_+	23S_rRNA	1061	U	0
23S_rRNA_1062_+	23S_rRNA	1062	G	1
23S_rRNA_1063_+	23S_rRNA	1063	G	1
23S_rRNA_1064_+	23S_rRNA	1064	C	1
23S_rRNA_1065_+	23S_rRNA	1065	U	0
23S_rRNA_1066_+	23S_rRNA	1066	U	0
23S_rRNA_1067_+	23S_rRNA	1067	A	0
23S_rRNA_1068_+	23S_rRNA	1068	G	0
23S_rRNA_1069_+	23S_rRNA	1069	A	0
23S_rRNA_1070_+	23S_rRNA	1070	A	0
23S_rRNA_1071_+	23S_rRNA	1071	G	0
23S_rRNA_1072_+	23S_rRNA	1072	C	0
23S_rRNA_1073_+	23S_rRNA	1073	A	0
23S_rRNA_1074_+	23S_rRNA	1074	G	1
23S_rRNA_1075_+	23S_rRNA	1075	C	1
23S_rRNA_1076_+	23S_rRNA	1076	C	1
23S_rRNA_1077_+	23S_rRNA	1077	A	0
23S_rRNA_1078_+	23S_rRNA	1078	U	0
23S_rRNA_1079_+	23S_rRNA	1079	C	1
23S_rRNA_1080_+	23S_rRNA	1080	A	1
23S_rRNA_1081_+	23S_rRNA	1081	U	1
23S_rRNA_1082_+	23S_rRNA	1082	U	1
23S_rRNA_1083_+	23S_rRNA	1083	U	0
23S_rRNA_1084_+	23S_rRNA	1084	A	0
23S_rRNA_1085_+	23S_rRNA	1085	A	0
23S_rRNA_1086_+	23S_rRNA	1086	A	1
23S_rRNA_1087_+	23S_rRNA	1087	G	1
23S_rRNA_1088_+	23S_rRNA	1088	A	0
23S_rRNA_1089_+	23S_rRNA	1089	A	0
23S_rRNA_1090_+	23S_rRNA	1090	A	0
23S_rRNA_1091_+	23S_rRNA	1091	G	1
23S_rRNA_1092_+	23S_rRNA	1092	C	1
23S_rRNA_1093_+	23S_rRNA	1093	G	0
23S_rRNA_1094_+	23S_rRNA	1094	U	0
23S_rRNA_1095_+	23S_rRNA	1095	A	0
23S_rRNA_1096_+	23S_rRNA	1096	A	0
23S_rRNA_1097_+	23S_rRNA	1097	U	0
23S_rRNA_1098_+	23S_rRNA	1098	A	0
23S_rRNA_1099_+	23S_rRNA	1099	G	1
23S_rRNA_1100_+	23S_rRNA	1100	C	1
23S_rRNA_1101_+	23S_rRNA	1101	U	0
23S_rRNA_1102_+	23S_rRNA	1102	C	1
23S_rRNA_1103_+	23S_rRNA	1103	A	0
23S_rRNA_1104_+	23S_rRNA	1104	C	1
23S_rRNA_1105_+	23S_rRNA	1105	U	1
23S_rRNA_1106_+	23S_rRNA	1106	G	1
23S_rRNA_1107_+	23S_rRNA	1107	G	1
23S_rRNA_1108_+	23S_rRNA	1108	U	1
23S_rRNA_1109_+	23S_rRNA	1109	C	0
23S_rRNA_1110_+	23S_rRNA	1110	G	0
23S_rRNA_1111_+	23S_rRNA	1111	A	0
23S_rRNA_1112_+	23S_rRNA	1112	G	1
23S_rRNA_1113_+	23S_rRNA	1113	U	1
23S_rRNA_1114_+	23S_rRNA	1114	C	1
23S_rRNA_1115_+	23S_rRNA	1115	G	1
23S_rRNA_1116_+	23S_rRNA	1116	G	1
23S_rRNA_1117_+	23S_rRNA	1117	C	1
23S_rRNA_1118_+	23S_rRNA	1118	C	1
23S_rRNA_1119_+	23S_rRNA	1119	U	1
23S_rRNA_1120_+	23S_rRNA	1120	G	1
23S_rRNA_1121_+	23S_rRNA	1121	C	1
23S_rRNA_1122_+	23S_rRNA	1122	G	1
23S_rRNA_1123_+	23S_rRNA	1123	C	1
23S_rRNA_1124_+	23S_rRNA	1124	G	1
23S_rRNA_1125_+	23S_rRNA	1125	G	0
23S_rRNA_1126_+	23S_rRNA	1126	A	0
23S_rRNA_1127_+	23S_rRNA	1127	A	0
23S_rRNA_1128_+	23S_rRNA	1128	G	0
23S_rRNA_1129_+	23S_rRNA	1129	A	0
23S_rRNA_1130_+	23S_rRNA	1130	U	0
23S_rRNA_1131_+	23S_rRNA	1131	G	0
23S_rRNA_1132_+	23S_rRNA	1132	U	0
23S_rRNA_1133_+	23S_rRNA	1133	A	0
23S_rRNA_1134_+	23S_rRNA	1134	A	0
23S_rRNA_1135_+	23S_rRNA	1135	C	0
23S_rRNA_1136_+	23S_rRNA	1136	G	0
23S_rRNA_1137_+	23S_rRNA	1137	G	1
23S_rRNA_1138_+	23S_rRNA	1138	G	1
23S_rRNA_1139_+	23S_rRNA	1139	G	0
23S_rRNA_1140_+	23S_rRNA	1140	C	0
23S_rRNA_1141_+	23S_rRNA	1141	U	0
23S_rRNA_1142_+	23S_rRNA	1142	A	0
23S_rRNA_1143_+	23S_rRNA	1143	A	0
23S_rRNA_1144_+	23S_rRNA	1144	A	1
23S_rRNA_1145_+	23S_rRNA	1145	C	1
23S_rRNA_1146_+	23S_rRNA	1146	C	1
23S_rRNA_1147_+	23S_rRNA	1147	A	1
23S_rRNA_1148_+	23S_rRNA	1148	U	1
23S_rRNA_1149_+	23S_rRNA	1149	G	1
23S_rRNA_1150_+	23S_rRNA	1150	C	1
23S_rRNA_1151_+	23S_rRNA	1151	A	1
23S_rRNA_1152_+	23S_rRNA	1152	C	1
23S_rRNA_1153_+	23S_rRNA	1153	C	1
23S_rRNA_1154_+	23S_rRNA	1154	G	0
23S_rRNA_1155_+	23S_rRNA	1155	A	0
23S_rRNA_1156_+	23S_rRNA	1156	A	0
23S_rRNA_1157_+	23S_rRNA	1157	G	1
23S_rRNA_1158_+	23S_rRNA	1158	C	1
23S_rRNA_1159_+	23S_rRNA	1159	U	1
23S_rRNA_1160_+	23S_rRNA	1160	G	1
23S_rRNA_1161_+	23S_rRNA	1161	C	1
23S_rRNA_1162_+	23S_rRNA	1162	G	1
23S_rRNA_1163_+	23S_rRNA	1163	G	1
23S_rRNA_1164_+	23S_rRNA	1164	C	1
23S_rRNA_1165_+	23S_rRNA	1165	A	1
23S_rRNA_1166_+	23S_rRNA	1166	G	1
23S_rRNA_1167_+	23S_rRNA	1167	C	1
23S_rRNA_1168_+	23S_rRNA	1168	G	1
23S_rRNA_1169_+	23S_rRNA	1169	A	1
23S_rRNA_1170_+	23S_rRNA	1170	C	1
23S_rRNA_1171_+	23S_rRNA	1171	G	1
23S_rRNA_1172_+	23S_rRNA	1172	C	1
23S_rRNA_1173_+	23S_rRNA	1173	U	0
23S_rRNA_1174_+	23S_rRNA	1174	U	0
23S_rRNA_1175_+	23S_rRNA	1175	A	0
23S_rRNA_1176_+	23S_rRNA	1176	U	0
23S_rRNA_1177_+	23S_rRNA	1177	G	1
23S_rRNA_1178_+	23S_rRNA	1178	C	1
23S_rRNA_1179_+	23S_rRNA	1179	G	1
23S_rRNA_1180_+	23S_rRNA	1180	U	1
23S_rRNA_1181_+	23S_rRNA	1181	U	1
23S_rRNA_1182_+	23S_rRNA	1182	G	1
23S_rRNA_1183_+	23S_rRNA	1183	U	1
23S_rRNA_1184_+	23S_rRNA	1184	U	1
23S_rRNA_1185_+	23S_rRNA	1185	G	1
23S_rRNA_1186_+	23S_rRNA	1186	G	0
23S_rRNA_1187_+	23S_rRNA	1187	G	0
23S_rRNA_1188_+	23S_rRNA	1188	U	0
23S_rRNA_1189_+	23S_rRNA	1189	A	0
23S_rRNA_1190_+	23S_rRNA	1190	G	1
23S_rRNA_1191_+	23S_rRNA	1191	G	1
23S_rRNA_1192_+	23S_rRNA	1192	G	1
23S_rRNA_1193_+	23S_rRNA	1193	G	1
23S_rRNA_1194_+	23S_rRNA	1194	A	1
23S_rRNA_1195_+	23S_rRNA	1195	G	1
23S_rRNA_1196_+	23S_rRNA	1196	C	1
23S_rRNA_1197_+	23S_rRNA	1197	G	0
23S_rRNA_1198_+	23S_rRNA	1198	U	1
23S_rRNA_1199_+	23S_rRNA	1199	U	1
23S_rRNA_1200_+	23S_rRNA	1200	C	1
23S_rRNA_1201_+	23S_rRNA	1201	U	1
23S_rRNA_1202_+	23S_rRNA	1202	G	1
23S_rRNA_1203_+	23S_rRNA	1203	U	1
23S_rRNA_1204_+	23S_rRNA	1204	A	1
23S_rRNA_1205_+	23S_rRNA	1205	A	0
23S_rRNA_1206_+	23S_rRNA	1206	G	1
23S_rRNA_1207_+	23S_rRNA	1207	C	1
23S_rRNA_1208_+	23S_rRNA	1208	C	1
23S_rRNA_1209_+	23S_rRNA	1209	U	0
23S_rRNA_1210_+	23S_rRNA	1210	G	0
23S_rRNA_1211_+	23S_rRNA	1211	C	0
23S_rRNA_1212_+	23S_rRNA	1212	G	0
23S_rRNA_1213_+	23S_rRNA	1213	A	0
23S_rRNA_1214_+	23S_rRNA	1214	A	0
23S_rRNA_1215_+	23S_rRNA	1215	G	1
23S_rRNA_1216_+	23S_rRNA	1216	G	1
23S_rRNA_1217_+	23S_rRNA	1217	U	1
23S_rRNA_1218_+	23S_rRNA	1218	G	1
23S_rRNA_1219_+	23S_rRNA	1219	U	1
23S_rRNA_1220_+	23S_rRNA	1220	G	1
23S_rRNA_1221_+	23S_rRNA	1221	C	1
23S_rRNA_1222_+	23S_rRNA	1222	U	1
23S_rRNA_1223_+	23S_rRNA	1223	G	0
23S_rRNA_1224_+	23S_rRNA	1224	U	0
23S_rRNA_1225_+	23S_rRNA	1225	G	0
23S_rRNA_1226_+	23S_rRNA	1226	A	0
23S_rRNA_1227_+	23S_rRNA	1227	G	1
23S_rRNA_1228_+	23S_rRNA	1228	G	1
23S_rRNA_1229_+	23S_rRNA	1229	C	1
23S_rRNA_1230_+	23S_rRNA	1230	A	1
23S_rRNA_1231_+	23S_rRNA	1231	U	1
23S_rRNA_1232_+	23S_rRNA	1232	G	1
23S_rRNA_1233_+	23S_rRNA	1233	C	1
23S_rRNA_1234_+	23S_rRNA	1234	U	1
23S_rRNA_1235_+	23S_rRNA	1235	G	0
23S_rRNA_1236_+	23S_rRNA	1236	G	0
23S_rRNA_1237_+	23S_rRNA	1237	A	0
23S_rRNA_1238_+	23S_rRNA	1238	G	1
23S_rRNA_1239_+	23S_rRNA	1239	G	1
23S_rRNA_1240_+	23S_rRNA	1240	U	1
23S_rRNA_1241_+	23S_rRNA	1241	A	1
23S_rRNA_1242_+	23S_rRNA	1242	U	1
23S_rRNA_1243_+	23S_rRNA	1243	C	1
23S_rRNA_1244_+	23S_rRNA	1244	A	1
23S_rRNA_1245_+	23S_rRNA	1245	G	1
23S_rRNA_1246_+	23S_rRNA	1246	A	1
23S_rRNA_1247_+	23S_rRNA	1247	A	1
23S_rRNA_1248_+	23S_rRNA	1248	G	0
23S_rRNA_1249_+	23S_rRNA	1249	U	0
23S_rRNA_1250_+	23S_rRNA	1250	G	1
23S_rRNA_1251_+	23S_rRNA	1251	C	0
23S_rRNA_1252_+	23S_rRNA	1252	G	0
23S_rRNA_1253_+	23S_rRNA	1253	A	0
23S_rRNA_1254_+	23S_rRNA	1254	A	0
23S_rRNA_1255_+	23S_rRNA	1255	U	0
23S_rRNA_1256_+	23S_rRNA	1256	G	1
23S_rRNA_1257_+	23S_rRNA	1257	C	1
23S_rRNA_1258_+	23S_rRNA	1258	U	1
23S_rRNA_1259_+	23S_rRNA	1259	G	1
23S_rRNA_1260_+	23S_rRNA	1260	A	1
23S_rRNA_1261_+	23S_rRNA	1261	C	1
23S_rRNA_1262_+	23S_rRNA	1262	A	1
23S_rRNA_1263_+	23S_rRNA	1263	U	1
23S_rRNA_1264_+	23S_rRNA	1264	A	0
23S_rRNA_1265_+	23S_rRNA	1265	A	0
23S_rRNA_1266_+	23S_rRNA	1266	G	0
23S_rRNA_1267_+	23S_rRNA	1267	U	0
23S_rRNA_1268_+	23S_rRNA	1268	A	0
23S_rRNA_1269_+	23S_rRNA	1269	A	1
23S_rRNA_1270_+	23S_rRNA	1270	C	1
23S_rRNA_1271_+	23S_rRNA	1271	G	0
23S_rRNA_1272_+	23S_rRNA	1272	A	0
23S_rRNA_1273_+	23S_rRNA	1273	U	0
23S_rRNA_1274_+	23S_rRNA	1274	A	0
23S_rRNA_1275_+	23S_rRNA	1275	A	0
23S_rRNA_1276_+	23S_rRNA	1276	A	1
23S_rRNA_1277_+	23S_rRNA	1277	G	1
23S_rRNA_1278_+	23S_rRNA	1278	C	1
23S_rRNA_1279_+	23S_rRNA	1279	G	1
23S_rRNA_1280_+	23S_rRNA	1280	G	1
23S_rRNA_1281_+	23S_rRNA	1281	G	1
23S_rRNA_1282_+	23S_rRNA	1282	U	0
23S_rRNA_1283_+	23S_rRNA	1283	G	0
23S_rRNA_1284_+	23S_rRNA	1284	A	0
23S_rRNA_1285_+	23S_rRNA	1285	A	0
23S_rRNA_1286_+	23S_rRNA	1286	A	0
23S_rRNA_1287_+	23S_rRNA	1287	A	0
23S_rRNA_1288_+	23S_rRNA	1288	G	0
23S_rRNA_1289_+	23S_rRNA	1289	C	1
23S_rRNA_1290_+	23S_rRNA	1290	C	1
23S_rRNA_1291_+	23S_rRNA	1291	C	1
23S_rRNA_1292_+	23S_rRNA	1292	G	1
23S_rRNA_1293_+	23S_rRNA	1293	C	1
23S_rRNA_1294_+	23S_rRNA	1294	U	1
23S_rRNA_1295_+	23S_rRNA	1295	C	1
23S_rRNA_1296_+	23S_rRNA	1296	G	1
23S_rRNA_1297_+	23S_rRNA	1297	C	1
23S_rRNA_1298_+	23S_rRNA	1298	C	1
23S_rRNA_1299_+	23S_rRNA	1299	G	0
23S_rRNA_1300_+	23S_rRNA	1300	G	0
23S_rRNA_1301_+	23S_rRNA	1301	A	0
23S_rRNA_1302_+	23S_rRNA	1302	A	0
23S_rRNA_1303_+	23S_rRNA	1303	G	1
23S_rRNA_1304_+	23S_rRNA	1304	A	1
23S_rRNA_1305_+	23S_rRNA	1305	C	1
23S_rRNA_1306_+	23S_rRNA	1306	C	1
23S_rRNA_1307_+	23S_rRNA	1307	A	0
23S_rRNA_1308_+	23S_rRNA	1308	A	0
23S_rRNA_1309_+	23S_rRNA	1309	G	1
23S_rRNA_1310_+	23S_rRNA	1310	G	1
23S_rRNA_1311_+	23S_rRNA	1311	G	0
23S_rRNA_1312_+	23S_rRNA	1312	U	0
23S_rRNA_1313_+	23S_rRNA	1313	U	0
23S_rRNA_1314_+	23S_rRNA	1314	C	1
23S_rRNA_1315_+	23S_rRNA	1315	C	1
23S_rRNA_1316_+	23S_rRNA	1316	U	1
23S_rRNA_1317_+	23S_rRNA	1317	G	1
23S_rRNA_1318_+	23S_rRNA	1318	U	1
23S_rRNA_1319_+	23S_rRNA	1319	C	1
23S_rRNA_1320_+	23S_rRNA	1320	C	0
23S_rRNA_1321_+	23S_rRNA	1321	A	0
23S_rRNA_1322_+	23S_rRNA	1322	A	0
23S_rRNA_1323_+	23S_rRNA	1323	C	1
23S_rRNA_1324_+	23S_rRNA	1324	G	1
23S_rRNA_1325_+	23S_rRNA	1325	U	0
23S_rRNA_1326_+	23S_rRNA	1326	U	0
23S_rRNA_1327_+	23S_rRNA	1327	A	0
23S_rRNA_1328_+	23S_rRNA	1328	A	0
23S_rRNA_1329_+	23S_rRNA	1329	U	0
23S_rRNA_1330_+	23S_rRNA	1330	C	1
23S_rRNA_1331_+	23S_rRNA	1331	G	1
23S_rRNA_1332_+	23S_rRNA	1332	G	0
23S_rRNA_1333_+	23S_rRNA	1333	G	1
23S_rRNA_1334_+	23S_rRNA	1334	G	1
23S_rRNA_1335_+	23S_rRNA	1335	C	1
23S_rRNA_1336_+	23S_rRNA	1336	A	1
23S_rRNA_1337_+	23S_rRNA	1337	G	1
23S_rRNA_1338_+	23S_rRNA	1338	G	1
23S_rRNA_1339_+	23S_rRNA	1339	G	0
23S_rRNA_1340_+	23S_rRNA	1340	U	0
23S_rRNA_1341_+	23S_rRNA	1341	G	0
23S_rRNA_1342_+	23S_rRNA	1342	A	0
23S_rRNA_1343_+	23S_rRNA	1343	G	1
23S_rRNA_1344_+	23S_rRNA	1344	U	1
23S_rRNA_1345_+	23S_rRNA	1345	C	1
23S_rRNA_1346_+	23S_rRNA	1346	G	1
23S_rRNA_1347_+	23S_rRNA	1347	A	1
23S_rRNA_1348_+	23S_rRNA	1348	C	1
23S_rRNA_1349_+	23S_rRNA	1349	C	0
23S_rRNA_1350_+	23S_rRNA	1350	C	1
23S_rRNA_1351_+	23S_rRNA	1351	C	1
23S_rRNA_1352_+	23S_rRNA	1352	U	0
23S_rRNA_1353_+	23S_rRNA	1353	A	0
23S_rRNA_1354_+	23S_rRNA	1354	A	0
23S_rRNA_1355_+	23S_rRNA	1355	G	1
23S_rRNA_1356_+	23S_rRNA	1356	G	1
23S_rRNA_1357_+	23S_rRNA	1357	C	1
23S_rRNA_1358_+	23S_rRNA	1358	G	0
23S_rRNA_1359_+	23S_rRNA	1359	A	1
23S_rRNA_1360_+	23S_rRNA	1360	G	0
23S_rRNA_1361_+	23S_rRNA	1361	G	1
23S_rRNA_1362_+	23S_rRNA	1362	C	1
23S_rRNA_1363_+	23S_rRNA	1363	C	1
23S_rRNA_1364_+	23S_rRNA	1364	G	0
23S_rRNA_1365_+	23S_rRNA	1365	A	0
23S_rRNA_1366_+	23S_rRNA	1366	A	0
23S_rRNA_1367_+	23S_rRNA	1367	A	0
23S_rRNA_1368_+	23S_rRNA	1368	G	1
23S_rRNA_1369_+	23S_rRNA	1369	G	1
23S_rRNA_1370_+	23S_rRNA	1370	C	1
23S_rRNA_1371_+	23S_rRNA	1371	G	0
23S_rRNA_1372_+	23S_rRNA	1372	U	1
23S_rRNA_1373_+	23S_rRNA	1373	A	0
23S_rRNA_1374_+	23S_rRNA	1374	G	1
23S_rRNA_1375_+	23S_rRNA	1375	U	1
23S_rRNA_1376_+	23S_rRNA	1376	C	1
23S_rRNA_1377_+	23S_rRNA	1377	G	0
23S_rRNA_1378_+	23S_rRNA	1378	A	0
23S_rRNA_1379_+	23S_rRNA	1379	U	0
23S_rRNA_1380_+	23S_rRNA	1380	G	1
23S_rRNA_1381_+	23S_rRNA	1381	G	1
23S_rRNA_1382_+	23S_rRNA	1382	G	0
23S_rRNA_1383_+	23S_rRNA	1383	A	0
23S_rRNA_1384_+	23S_rRNA	1384	A	0
23S_rRNA_1385_+	23S_rRNA	1385	A	1
23S_rRNA_1386_+	23S_rRNA	1386	C	1
23S_rRNA_1387_+	23S_rRNA	1387	A	1
23S_rRNA_1388_+	23S_rRNA	1388	G	1
23S_rRNA_1389_+	23S_rRNA	1389	G	1
23S_rRNA_1390_+	23S_rRNA	1390	U	0
23S_rRNA_1391_+	23S_rRNA	1391	U	0
23S_rRNA_1392_+	23S_rRNA	1392	A	0
23S_rRNA_1393_+	23S_rRNA	1393	A	0
23S_rRNA_1394_+	23S_rRNA	1394	U	0
23S_rRNA_1395_+	23S_rRNA	1395	A	0
23S_rRNA_1396_+	23S_rRNA	1396	U	0
23S_rRNA_1397_+	23S_rRNA	1397	U	0
23S_rRNA_1398_+	23S_rRNA	1398	C	1
23S_rRNA_1399_+	23S_rRNA	1399	C	1
23S_rRNA_1400_+	23S_rRNA	1400	U	1
23S_rRNA_1401_+	23S_rRNA	1401	G	1
23S_rRNA_1402_+	23S_rRNA	1402	U	1
23S_rRNA_1403_+	23S_rRNA	1403	A	1
23S_rRNA_1404_+	23S_rRNA	1404	C	1
23S_rRNA_1405_+	23S_rRNA	1405	U	1
23S_rRNA_1406_+	23S_rRNA	1406	U	1
23S_rRNA_1407_+	23S_rRNA	1407	G	1
23S_rRNA_1408_+	23S_rRNA	1408	G	1
23S_rRNA_1409_+	23S_rRNA	1409	U	1
23S_rRNA_1410_+	23S_rRNA	1410	G	1
23S_rRNA_1411_+	23S_rRNA	1411	U	1
23S_rRNA_1412_+	23S_rRNA	1412	U	1
23S_rRNA_1413_+	23S_rRNA	1413	A	1
23S_rRNA_1414_+	23S_rRNA	1414	C	1
23S_rRNA_1415_+	23S_rRNA	1415	U	1
23S_rRNA_1416_+	23S_rRNA	1416	G	1
23S_rRNA_1417_+	23S_rRNA	1417	C	1
23S_rRNA_1418_+	23S_rRNA	1418	G	0
23S_rRNA_1419_+	23S_rRNA	1419	A	0
23S_rRNA_1420_+	23S_rRNA	1420	A	1
23S_rRNA_1421_+	23S_rRNA	1421	G	1
23S_rRNA_1422_+	23S_rRNA	1422	G	1
23S_rRNA_1423_+	23S_rRNA	1423	G	1
23S_rRNA_1424_+	23S_rRNA	1424	G	1
23S_rRNA_1425_+	23S_rRNA	1425	G	1
23S_rRNA_1426_+	23S_rRNA	1426	G	0
23S_rRNA_1427_+	23S_rRNA	1427	A	0
23S_rRNA_1428_+	23S_rRNA	1428	C	0
23S_rRNA_1429_+	23S_rRNA	1429	G	1
23S_rRNA_1430_+	23S_rRNA	1430	G	1
23S_rRNA_1431_+	23S_rRNA	1431	A	1
23S_rRNA_1432_+	23S_rRNA	1432	G	1
23S_rRNA_1433_+	23S_rRNA	1433	A	0
23S_rRNA_1434_+	23S_rRNA	1434	A	0
23S_rRNA_1435_+	23S_rRNA	1435	G	1
23S_rRNA_1436_+	23S_rRNA	1436	G	1
23S_rRNA_1437_+	23S_rRNA	1437	C	1
23S_rRNA_1438_+	23S_rRNA	1438	U	0
23S_rRNA_1439_+	23S_rRNA	1439	A	0
23S_rRNA_1440_+	23S_rRNA	1440	U	1
23S_rRNA_1441_+	23S_rRNA	1441	G	1
23S_rRNA_1442_+	23S_rRNA	1442	U	1
23S_rRNA_1443_+	23S_rRNA	1443	U	1
23S_rRNA_1444_+	23S_rRNA	1444	G	1
23S_rRNA_1445_+	23S_rRNA	1445	G	1
23S_rRNA_1446_+	23S_rRNA	1446	C	1
23S_rRNA_1447_+	23S_rRNA	1447	C	1
23S_rRNA_1448_+	23S_rRNA	1448	G	1
23S_rRNA_1449_+	23S_rRNA	1449	G	1
23S_rRNA_1450_+	23S_rRNA	1450	G	1
23S_rRNA_1451_+	23S_rRNA	1451	C	0
23S_rRNA_1452_+	23S_rRNA	1452	G	0
23S_rRNA_1453_+	23S_rRNA	1453	A	0
23S_rRNA_1454_+	23S_rRNA	1454	C	0
23S_rRNA_1455_+	23S_rRNA	1455	G	0
23S_rRNA_1456_+	23S_rRNA	1456	G	0
23S_rRNA_1457_+	23S_rRNA	1457	U	0
23S_rRNA_1458_+	23S_rRNA	1458	U	0
23S_rRNA_1459_+	23S_rRNA	1459	G	0
23S_rRNA_1460_+	23S_rRNA	1460	U	0
23S_rRNA_1461_+	23S_rRNA	1461	C	1
23S_rRNA_1462_+	23S_rRNA	1462	C	1
23S_rRNA_1463_+	23S_rRNA	1463	C	1
23S_rRNA_1464_+	23S_rRNA	1464	G	1
23S_rRNA_1465_+	23S_rRNA	1465	G	1
23S_rRNA_1466_+	23S_rRNA	1466	U	1
23S_rRNA_1467_+	23S_rRNA	1467	U	1
23S_rRNA_1468_+	23S_rRNA	1468	U	1
23S_rRNA_1469_+	23S_rRNA	1469	A	0
23S_rRNA_1470_+	23S_rRNA	1470	A	0
23S_rRNA_1471_+	23S_rRNA	1471	G	1
23S_rRNA_1472_+	23S_rRNA	1472	C	1
23S_rRNA_1473_+	23S_rRNA	1473	G	1
23S_rRNA_1474_+	23S_rRNA	1474	U	1
23S_rRNA_1475_+	23S_rRNA	1475	G	0
23S_rRNA_1476_+	23S_rRNA	1476	U	0
23S_rRNA_1477_+	23S_rRNA	1477	A	0
23S_rRNA_1478_+	23S_rRNA	1478	G	1
23S_rRNA_1479_+	23S_rRNA	1479	G	1
23S_rRNA_1480_+	23S_rRNA	1480	C	1
23S_rRNA_1481_+	23S_rRNA	1481	U	1
23S_rRNA_1482_+	23S_rRNA	1482	G	1
23S_rRNA_1483_+	23S_rRNA	1483	G	1
23S_rRNA_1484_+	23S_rRNA	1484	U	1
23S_rRNA_1485_+	23S_rRNA	1485	U	1
23S_rRNA_1486_+	23S_rRNA	1486	U	1
23S_rRNA_1487_+	23S_rRNA	1487	U	1
23S_rRNA_1488_+	23S_rRNA	1488	C	1
23S_rRNA_1489_+	23S_rRNA	1489	C	1
23S_rRNA_1490_+	23S_rRNA	1490	A	0
23S_rRNA_1491_+	23S_rRNA	1491	G	1
23S_rRNA_1492_+	23S_rRNA	1492	G	1
23S_rRNA_1493_+	23S_rRNA	1493	C	0
23S_rRNA_1494_+	23S_rRNA	1494	A	0
23S_rRNA_1495_+	23S_rRNA	1495	A	0
23S_rRNA_1496_+	23S_rRNA	1496	A	0
23S_rRNA_1497_+	23S_rRNA	1497	U	0
23S_rRNA_1498_+	23S_rRNA	1498	C	1
23S_rRNA_1499_+	23S_rRNA	1499	C	1
23S_rRNA_1500_+	23S_rRNA	1500	G	1
23S_rRNA_1501_+	23S_rRNA	1501	G	1
23S_rRNA_1502_+	23S_rRNA	1502	A	1
23S_rRNA_1503_+	23S_rRNA	1503	A	1
23S_rRNA_1504_+	23S_rRNA	1504	A	1
23S_rRNA_1505_+	23S_rRNA	1505	A	1
23S_rRNA_1506_+	23S_rRNA	1506	U	1
23S_rRNA_1507_+	23S_rRNA	1507	C	1
23S_rRNA_1508_+	23S_rRNA	1508	A	0
23S_rRNA_1509_+	23S_rRNA	1509	A	0
23S_rRNA_1510_+	23S_rRNA	1510	G	1
23S_rRNA_1511_+	23S_rRNA	1511	G	1
23S_rRNA_1512_+	23S_rRNA	1512	C	1
23S_rRNA_1513_+	23S_rRNA	1513	U	1
23S_rRNA_1514_+	23S_rRNA	1514	G	0
23S_rRNA_1515_+	23S_rRNA	1515	A	0
23S_rRNA_1516_+	23S_rRNA	1516	G	0
23S_rRNA_1517_+	23S_rRNA	1517	G	1
23S_rRNA_1518_+	23S_rRNA	1518	C	1
23S_rRNA_1519_+	23S_rRNA	1519	G	1
23S_rRNA_1520_+	23S_rRNA	1520	U	1
23S_rRNA_1521_+	23S_rRNA	1521	G	0
23S_rRNA_1522_+	23S_rRNA	1522	A	0
23S_rRNA_1523_+	23S_rRNA	1523	U	0
23S_rRNA_1524_+	23S_rRNA	1524	G	1
23S_rRNA_1525_+	23S_rRNA	1525	A	1
23S_rRNA_1526_+	23S_rRNA	1526	C	0
23S_rRNA_1527_+	23S_rRNA	1527	G	1
23S_rRNA_1528_+	23S_rRNA	1528	A	1
23S_rRNA_1529_+	23S_rRNA	1529	G	1
23S_rRNA_1530_+	23S_rRNA	1530	G	1
23S_rRNA_1531_+	23S_rRNA	1531	C	1
23S_rRNA_1532_+	23S_rRNA	1532	A	1
23S_rRNA_1533_+	23S_rRNA	1533	C	1
23S_rRNA_1534_+	23S_rRNA	1534	U	0
23S_rRNA_1535_+	23S_rRNA	1535	A	0
23S_rRNA_1536_+	23S_rRNA	1536	C	0
23S_rRNA_1537_+	23S_rRNA	1537	G	0
23S_rRNA_1538_+	23S_rRNA	1538	G	1
23S_rRNA_1539_+	23S_rRNA	1539	U	1
23S_rRNA_1540_+	23S_rRNA	1540	G	1
23S_rRNA_1541_+	23S_rRNA	1541	C	1
23S_rRNA_1542_+	23S_rRNA	1542	U	1
23S_rRNA_1543_+	23S_rRNA	1543	G	1
23S_rRNA_1544_+	23S_rRNA	1544	A	1
23S_rRNA_1545_+	23S_rRNA	1545	A	0
23S_rRNA_1546_+	23S_rRNA	1546	G	0
23S_rRNA_1547_+	23S_rRNA	1547	C	1
23S_rRNA_1548_+	23S_rRNA	1548	A	1
23S_rRNA_1549_+	23S_rRNA	1549	A	1
23S_rRNA_1550_+	23S_rRNA	1550	C	1
23S_rRNA_1551_+	23S_rRNA	1551	A	1
23S_rRNA_1552_+	23S_rRNA	1552	A	0
23S_rRNA_1553_+	23S_rRNA	1553	A	0
23S_rRNA_1554_+	23S_rRNA	1554	U	0
23S_rRNA_1555_+	23S_rRNA	1555	G	1
23S_rRNA_1556_+	23S_rRNA	1556	C	1
23S_rRNA_1557_+	23S_rRNA	1557	C	1
23S_rRNA_1558_+	23S_rRNA	1558	C	0
23S_rRNA_1559_+	23S_rRNA	1559	U	0
23S_rRNA_1560_+	23S_rRNA	1560	G	0
23S_rRNA_1561_+	23S_rRNA	1561	C	1
23S_rRNA_1562_+	23S_rRNA	1562	U	1
23S_rRNA_1563_+	23S_rRNA	1563	U	1
23S_rRNA_1564_+	23S_rRNA	1564	C	1
23S_rRNA_1565_+	23S_rRNA	1565	C	0
23S_rRNA_1566_+	23S_rRNA	1566	A	0
23S_rRNA_1567_+	23S_rRNA	1567	G	0
23S_rRNA_1568_+	23S_rRNA	1568	G	0
23S_rRNA_1569_+	23S_rRNA	1569	A	0
23S_rRNA_1570_+	23S_rRNA	1570	A	0
23S_rRNA_1571_+	23S_rRNA	1571	A	0
23S_rRNA_1572_+	23S_rRNA	1572	A	0
23S_rRNA_1573_+	23S_rRNA	1573	G	1
23S_rRNA_1574_+	23S_rRNA	1574	C	1
23S_rRNA_1575_+	23S_rRNA	1575	C	1
23S_rRNA_1576_+	23S_rRNA	1576	U	1
23S_rRNA_1577_+	23S_rRNA	1577	C	1
23S_rRNA_1578_+	23S_rRNA	1578	U	1
23S_rRNA_1579_+	23S_rRNA	1579	A	0
23S_rRNA_1580_+	23S_rRNA	1580	A	0
23S_rRNA_1581_+	23S_rRNA	1581	G	1
23S_rRNA_1582_+	23S_rRNA	1582	C	1
23S_rRNA_1583_+	23S_rRNA	1583	A	0
23S_rRNA_1584_+	23S_rRNA	1584	U	0
23S_rRNA_1585_+	23S_rRNA	1585	C	0
23S_rRNA_1586_+	23S_rRNA	1586	A	0
23S_rRNA_1587_+	23S_rRNA	1587	G	1
23S_rRNA_1588_+	23S_rRNA	1588	G	1
23S_rRNA_1589_+	23S_rRNA	1589	U	1
23S_rRNA_1590_+	23S_rRNA	1590	A	1
23S_rRNA_1591_+	23S_rRNA	1591	A	1
23S_rRNA_1592_+	23S_rRNA	1592	C	1
23S_rRNA_1593_+	23S_rRNA	1593	A	1
23S_rRNA_1594_+	23S_rRNA	1594	U	1
23S_rRNA_1595_+	23S_rRNA	1595	C	1
23S_rRNA_1596_+	23S_rRNA	1596	A	1
23S_rRNA_1597_+	23S_rRNA	1597	A	1
23S_rRNA_1598_+	23S_rRNA	1598	A	1
23S_rRNA_1599_+	23S_rRNA	1599	U	1
23S_rRNA_1600_+	23S_rRNA	1600	C	1
23S_rRNA_1601_+	23S_rRNA	1601	G	1
23S_rRNA_1602_+	23S_rRNA	1602	U	0
23S_rRNA_1603_+	23S_rRNA	1603	A	0
23S_rRNA_1604_+	23S_rRNA	1604	C	1
23S_rRNA_1605_+	23S_rRNA	1605	C	1
23S_rRNA_1606_+	23S_rRNA	1606	C	0
23S_rRNA_1607_+	23S_rRNA	1607	C	0
23S_rRNA_1608_+	23S_rRNA	1608	A	0
23S_rRNA_1609_+	23S_rRNA	1609	A	0
23S_rRNA_1610_+	23S_rRNA	1610	A	0
23S_rRNA_1611_+	23S_rRNA	1611	C	1
23S_rRNA_1612_+	23S_rRNA	1612	C	1
23S_rRNA_1613_+	23S_rRNA	1613	G	0
23S_rRNA_1614_+	23S_rRNA	1614	A	0
23S_rRNA_1615_+	23S_rRNA	1615	C	0
23S_rRNA_1616_+	23S_rRNA	1616	A	0
23S_rRNA_1617_+	23S_rRNA	1617	C	0
23S_rRNA_1618_+	23S_rRNA	1618	A	0
23S_rRNA_1619_+	23S_rRNA	1619	G	1
23S_rRNA_1620_+	23S_rRNA	1620	G	1
23S_rRNA_1621_+	23S_rRNA	1621	U	0
23S_rRNA_1622_+	23S_rRNA	1622	G	1
23S_rRNA_1623_+	23S_rRNA	1623	G	1
23S_rRNA_1624_+	23S_rRNA	1624	U	1
23S_rRNA_1625_+	23S_rRNA	1625	C	1
23S_rRNA_1626_+	23S_rRNA	1626	A	0
23S_rRNA_1627_+	23S_rRNA	1627	G	1
23S_rRNA_1628_+	23S_rRNA	1628	G	1
23S_rRNA_1629_+	23S_rRNA	1629	U	1
23S_rRNA_1630_+	23S_rRNA	1630	A	1
23S_rRNA_1631_+	23S_rRNA	1631	G	0
23S_rRNA_1632_+	23S_rRNA	1632	A	0
23S_rRNA_1633_+	23S_rRNA	1633	G	0
23S_rRNA_1634_+	23S_rRNA	1634	A	0
23S_rRNA_1635_+	23S_rRNA	1635	A	0
23S_rRNA_1636_+	23S_rRNA	1636	U	1
23S_rRNA_1637_+	23S_rRNA	1637	A	1
23S_rRNA_1638_+	23S_rRNA	1638	C	1
23S_rRNA_1639_+	23S_rRNA	1639	C	1
23S_rRNA_1640_+	23S_rRNA	1640	A	0
23S_rRNA_1641_+	23S_rRNA	1641	A	0
23S_rRNA_1642_+	23S_rRNA	1642	G	1
23S_rRNA_1643_+	23S_rRNA	1643	G	1
23S_rRNA_1644_+	23S_rRNA	1644	C	1
23S_rRNA_1645_+	23S_rRNA	1645	G	1
23S_rRNA_1646_+	23S_rRNA	1646	C	0
23S_rRNA_1647_+	23S_rRNA	1647	U	0
23S_rRNA_1648_+	23S_rRNA	1648	U	1
23S_rRNA_1649_+	23S_rRNA	1649	G	1
23S_rRNA_1650_+	23S_rRNA	1650	A	1
23S_rRNA_1651_+	23S_rRNA	1651	G	1
23S_rRNA_1652_+	23S_rRNA	1652	A	0
23S_rRNA_1653_+	23S_rRNA	1653	G	0
23S_rRNA_1654_+	23S_rRNA	1654	A	0
23S_rRNA_1655_+	23S_rRNA	1655	A	0
23S_rRNA_1656_+	23S_rRNA	1656	C	1
23S_rRNA_1657_+	23S_rRNA	1657	U	1
23S_rRNA_1658_+	23S_rRNA	1658	C	1
23S_rRNA_1659_+	23S_rRNA	1659	G	1
23S_rRNA_1660_+	23S_rRNA	1660	G	1
23S_rRNA_1661_+	23S_rRNA	1661	G	1
23S_rRNA_1662_+	23S_rRNA	1662	U	1
23S_rRNA_1663_+	23S_rRNA	1663	G	1
23S_rRNA_1664_+	23S_rRNA	1664	A	0
23S_rRNA_1665_+	23S_rRNA	1665	A	1
23S_rRNA_1666_+	23S_rRNA	1666	G	1
23S_rRNA_1667_+	23S_rRNA	1667	G	1
23S_rRNA_1668_+	23S_rRNA	1668	A	0
23S_rRNA_1669_+	23S_rRNA	1669	A	0
23S_rRNA_1670_+	23S_rRNA	1670	C	0
23S_rRNA_1671_+	23S_rRNA	1671	U	0
23S_rRNA_1672_+	23S_rRNA	1672	A	0
23S_rRNA_1673_+	23S_rRNA	1673	G	0
23S_rRNA_1674_+	23S_rRNA	1674	G	0
23S_rRNA_1675_+	23S_rRNA	1675	C	0
23S_rRNA_1676_+	23S_rRNA	1676	A	0
23S_rRNA_1677_+	23S_rRNA	1677	A	0
23S_rRNA_1678_+	23S_rRNA	1678	A	0
23S_rRNA_1679_+	23S_rRNA	1679	A	0
23S_rRNA_1680_+	23S_rRNA	1680	U	0
23S_rRNA_1681_+	23S_rRNA	1681	G	0
23S_rRNA_1682_+	23S_rRNA	1682	G	1
23S_rRNA_1683_+	23S_rRNA	1683	U	1
23S_rRNA_1684_+	23S_rRNA	1684	G	1
23S_rRNA_1685_+	23S_rRNA	1685	C	1
23S_rRNA_1686_+	23S_rRNA	1686	C	1
23S_rRNA_1687_+	23S_rRNA	1687	G	0
23S_rRNA_1688_+	23S_rRNA	1688	U	0
23S_rRNA_1689_+	23S_rRNA	1689	A	0
23S_rRNA_1690_+	23S_rRNA	1690	A	1
23S_rRNA_1691_+	23S_rRNA	1691	C	1
23S_rRNA_1692_+	23S_rRNA	1692	U	0
23S_rRNA_1693_+	23S_rRNA	1693	U	0
23S_rRNA_1694_+	23S_rRNA	1694	C	0
23S_rRNA_1695_+	23S_rRNA	1695	G	0
23S_rRNA_1696_+	23S_rRNA	1696	G	1
23S_rRNA_1697_+	23S_rRNA	1697	G	1
23S_rRNA_1698_+	23S_rRNA	1698	A	0
23S_rRNA_1699_+	23S_rRNA	1699	G	0
23S_rRNA_1700_+	23S_rRNA	1700	A	0
23S_rRNA_1701_+	23S_rRNA	1701	A	0
23S_rRNA_1702_+	23S_rRNA	1702	G	1
23S_rRNA_1703_+	23S_rRNA	1703	G	1
23S_rRNA_1704_+	23S_rRNA	1704	C	1
23S_rRNA_1705_+	23S_rRNA	1705	A	1
23S_rRNA_1706_+	23S_rRNA	1706	C	1
23S_rRNA_1707_+	23S_rRNA	1707	G	1
23S_rRNA_1708_+	23S_rRNA	1708	C	1
23S_rRNA_1709_+	23S_rRNA	1709	U	1
23S_rRNA_1710_+	23S_rRNA	1710	G	1
23S_rRNA_1711_+	23S_rRNA	1711	A	1
23S_rRNA_1712_+	23S_rRNA	1712	U	1
23S_rRNA_1713_+	23S_rRNA	1713	A	0
23S_rRNA_1714_+	23S_rRNA	1714	U	0
23S_rRNA_1715_+	23S_rRNA	1715	G	0
23S_rRNA_1716_+	23S_rRNA	1716	U	1
23S_rRNA_1717_+	23S_rRNA	1717	A	1
23S_rRNA_1718_+	23S_rRNA	1718	G	1
23S_rRNA_1719_+	23S_rRNA	1719	G	0
23S_rRNA_1720_+	23S_rRNA	1720	U	0
23S_rRNA_1721_+	23S_rRNA	1721	G	0
23S_rRNA_1722_+	23S_rRNA	1722	A	0
23S_rRNA_1723_+	23S_rRNA	1723	G	0
23S_rRNA_1724_+	23S_rRNA	1724	G	1
23S_rRNA_1725_+	23S_rRNA	1725	U	1
23S_rRNA_1726_+	23S_rRNA	1726	C	1
23S_rRNA_1727_+	23S_rRNA	1727	C	1
23S_rRNA_1728_+	23S_rRNA	1728	C	0
23S_rRNA_1729_+	23S_rRNA	1729	U	0
23S_rRNA_1730_+	23S_rRNA	1730	C	0
23S_rRNA_1731_+	23S_rRNA	1731	G	0
23S_rRNA_1732_+	23S_rRNA	1732	C	0
23S_rRNA_1733_+	23S_rRNA	1733	G	1
23S_rRNA_1734_+	23S_rRNA	1734	G	1
23S_rRNA_1735_+	23S_rRNA	1735	A	1
23S_rRNA_1736_+	23S_rRNA	1736	U	1
23S_rRNA_1737_+	23S_rRNA	1737	G	0
23S_rRNA_1738_+	23S_rRNA	1738	G	0
23S_rRNA_1739_+	23S_rRNA	1739	A	0
23S_rRNA_1740_+	23S_rRNA	1740	G	0
23S_rRNA_1741_+	23S_rRNA	1741	C	1
23S_rRNA_1742_+	23S_rRNA	1742	U	1
23S_rRNA_1743_+	23S_rRNA	1743	G	1
23S_rRNA_1744_+	23S_rRNA	1744	A	0
23S_rRNA_1745_+	23S_rRNA	1745	A	0
23S_rRNA_1746_+	23S_rRNA	1746	A	1
23S_rRNA_1747_+	23S_rRNA	1747	U	1
23S_rRNA_1748_+	23S_rRNA	1748	C	1
23S_rRNA_1749_+	23S_rRNA	1749	A	1
23S_rRNA_1750_+	23S_rRNA	1750	G	1
23S_rRNA_1751_+	23S_rRNA	1751	U	1
23S_rRNA_1752_+	23S_rRNA	1752	C	1
23S_rRNA_1753_+	23S_rRNA	1753	G	0
23S_rRNA_1754_+	23S_rRNA	1754	A	0
23S_rRNA_1755_+	23S_rRNA	1755	A	0
23S_rRNA_1756_+	23S_rRNA	1756	G	1
23S_rRNA_1757_+	23S_rRNA	1757	A	0
23S_rRNA_1758_+	23S_rRNA	1758	U	0
23S_rRNA_1759_+	23S_rRNA	1759	A	0
23S_rRNA_1760_+	23S_rRNA	1760	C	0
23S_rRNA_1761_+	23S_rRNA	1761	C	0
23S_rRNA_1762_+	23S_rRNA	1762	A	0
23S_rRNA_1763_+	23S_rRNA	1763	G	0
23S_rRNA_1764_+	23S_rRNA	1764	C	1
23S_rRNA_1765_+	23S_rRNA	1765	U	1
23S_rRNA_1766_+	23S_rRNA	1766	G	1
23S_rRNA_1767_+	23S_rRNA	1767	G	1
23S_rRNA_1768_+	23S_rRNA	1768	C	1
23S_rRNA_1769_+	23S_rRNA	1769	U	1
23S_rRNA_1770_+	23S_rRNA	1770	G	1
23S_rRNA_1771_+	23S_rRNA	1771	C	1
23S_rRNA_1772_+	23S_rRNA	1772	A	1
23S_rRNA_1773_+	23S_rRNA	1773	A	0
23S_rRNA_1774_+	23S_rRNA	1774	C	0
23S_rRNA_1775_+	23S_rRNA	1775	U	1
23S_rRNA_1776_+	23S_rRNA	1776	G	1
23S_rRNA_1777_+	23S_rRNA	1777	U	1
23S_rRNA_1778_+	23S_rRNA	1778	U	0
23S_rRNA_1779_+	23S_rRNA	1779	U	0
23S_rRNA_1780_+	23S_rRNA	1780	A	0
23S_rRNA_1781_+	23S_rRNA	1781	U	0
23S_rRNA_1782_+	23S_rRNA	1782	U	1
23S_rRNA_1783_+	23S_rRNA	1783	A	0
23S_rRNA_1784_+	23S_rRNA	1784	A	0
23S_rRNA_1785_+	23S_rRNA	1785	A	0
23S_rRNA_1786_+	23S_rRNA	1786	A	0
23S_rRNA_1787_+	23S_rRNA	1787	A	1
23S_rRNA_1788_+	23S_rRNA	1788	C	1
23S_rRNA_1789_+	23S_rRNA	1789	A	1
23S_rRNA_1790_+	23S_rRNA	1790	C	0
23S_rRNA_1791_+	23S_rRNA	1791	A	0
23S_rRNA_1792_+	23S_rRNA	1792	G	1
23S_rRNA_1793_+	23S_rRNA	1793	C	1
23S_rRNA_1794_+	23S_rRNA	1794	A	1
23S_rRNA_1795_+	23S_rRNA	1795	C	1
23S_rRNA_1796_+	23S_rRNA	1796	U	1
23S_rRNA_1797_+	23S_rRNA	1797	G	1
23S_rRNA_1798_+	23S_rRNA	1798	U	1
23S_rRNA_1799_+	23S_rRNA	1799	G	1
23S_rRNA_1800_+	23S_rRNA	1800	C	1
23S_rRNA_1801_+	23S_rRNA	1801	A	0
23S_rRNA_1802_+	23S_rRNA	1802	A	0
23S_rRNA_1803_+	23S_rRNA	1803	A	1
23S_rRNA_1804_+	23S_rRNA	1804	C	1
23S_rRNA_1805_+	23S_rRNA	1805	A	1
23S_rRNA_1806_+	23S_rRNA	1806	C	1
23S_rRNA_1807_+	23S_rRNA	1807	G	0
23S_rRNA_1808_+	23S_rRNA	1808	A	0
23S_rRNA_1809_+	23S_rRNA	1809	A	0
23S_rRNA_1810_+	23S_rRNA	1810	A	0
23S_rRNA_1811_+	23S_rRNA	1811	G	1
23S_rRNA_1812_+	23S_rRNA	1812	U	1
23S_rRNA_1813_+	23S_rRNA	1813	G	1
23S_rRNA_1814_+	23S_rRNA	1814	G	1
23S_rRNA_1815_+	23S_rRNA	1815	A	0
23S_rRNA_1816_+	23S_rRNA	1816	C	0
23S_rRNA_1817_+	23S_rRNA	1817	G	1
23S_rRNA_1818_+	23S_rRNA	1818	U	0
23S_rRNA_1819_+	23S_rRNA	1819	A	0
23S_rRNA_1820_+	23S_rRNA	1820	U	1
23S_rRNA_1821_+	23S_rRNA	1821	A	1
23S_rRNA_1822_+	23S_rRNA	1822	C	1
23S_rRNA_1823_+	23S_rRNA	1823	G	1
23S_rRNA_1824_+	23S_rRNA	1824	G	1
23S_rRNA_1825_+	23S_rRNA	1825	U	1
23S_rRNA_1826_+	23S_rRNA	1826	G	1
23S_rRNA_1827_+	23S_rRNA	1827	U	1
23S_rRNA_1828_+	23S_rRNA	1828	G	0
23S_rRNA_1829_+	23S_rRNA	1829	A	0
23S_rRNA_1830_+	23S_rRNA	1830	C	1
23S_rRNA_1831_+	23S_rRNA	1831	G	1
23S_rRNA_1832_+	23S_rRNA	1832	C	1
23S_rRNA_1833_+	23S_rRNA	1833	C	1
23S_rRNA_1834_+	23S_rRNA	1834	U	0
23S_rRNA_1835_+	23S_rRNA	1835	G	1
23S_rRNA_1836_+	23S_rRNA	1836	C	1
23S_rRNA_1837_+	23S_rRNA	1837	C	1
23S_rRNA_1838_+	23S_rRNA	1838	C	0
23S_rRNA_1839_+	23S_rRNA	1839	G	0
23S_rRNA_1840_+	23S_rRNA	1840	G	1
23S_rRNA_1841_+	23S_rRNA	1841	U	1
23S_rRNA_1842_+	23S_rRNA	1842	G	1
23S_rRNA_1843_+	23S_rRNA	1843	C	1
23S_rRNA_1844_+	23S_rRNA	1844	C	1
23S_rRNA_1845_+	23S_rRNA	1845	G	1
23S_rRNA_1846_+	23S_rRNA	1846	G	1
23S_rRNA_1847_+	23S_rRNA	1847	A	0
23S_rRNA_1848_+	23S_rRNA	1848	A	0
23S_rRNA_1849_+	23S_rRNA	1849	G	1
23S_rRNA_1850_+	23S_rRNA	1850	G	1
23S_rRNA_1851_+	23S_rRNA	1851	U	1
23S_rRNA_1852_+	23S_rRNA	1852	U	0
23S_rRNA_1853_+	23S_rRNA	1853	A	0
23S_rRNA_1854_+	23S_rRNA	1854	A	0
23S_rRNA_1855_+	23S_rRNA	1855	U	1
23S_rRNA_1856_+	23S_rRNA	1856	U	1
23S_rRNA_1857_+	23S_rRNA	1857	G	0
23S_rRNA_1858_+	23S_rRNA	1858	A	1
23S_rRNA_1859_+	23S_rRNA	1859	U	1
23S_rRNA_1860_+	23S_rRNA	1860	G	1
23S_rRNA_1861_+	23S_rRNA	1861	G	1
23S_rRNA_1862_+	23S_rRNA	1862	G	1
23S_rRNA_1863_+	23S_rRNA	1863	G	1
23S_rRNA_1864_+	23S_rRNA	1864	U	1
23S_rRNA_1865_+	23S_rRNA	1865	U	0
23S_rRNA_1866_+	23S_rRNA	1866	A	0
23S_rRNA_1867_+	23S_rRNA	1867	G	1
23S_rRNA_1868_+	23S_rRNA	1868	C	1
23S_rRNA_1869_+	23S_rRNA	1869	G	0
23S_rRNA_1870_+	23S_rRNA	1870	C	0
23S_rRNA_1871_+	23S_rRNA	1871	A	0
23S_rRNA_1872_+	23S_rRNA	1872	A	0
23S_rRNA_1873_+	23S_rRNA	1873	G	1
23S_rRNA_1874_+	23S_rRNA	1874	C	1
23S_rRNA_1875_+	23S_rRNA	1875	G	0
23S_rRNA_1876_+	23S_rRNA	1876	A	0
23S_rRNA_1877_+	23S_rRNA	1877	A	0
23S_rRNA_1878_+	23S_rRNA	1878	G	1
23S_rRNA_1879_+	23S_rRNA	1879	C	1
23S_rRNA_1880_+	23S_rRNA	1880	U	1
23S_rRNA_1881_+	23S_rRNA	1881	C	1
23S_rRNA_1882_+	23S_rRNA	1882	U	1
23S_rRNA_1883_+	23S_rRNA	1883	U	1
23S_rRNA_1884_+	23S_rRNA	1884	G	1
23S_rRNA_1885_+	23S_rRNA	1885	A	0
23S_rRNA_1886_+	23S_rRNA	1886	U	1
23S_rRNA_1887_+	23S_rRNA	1887	C	1
23S_rRNA_1888_+	23S_rRNA	1888	G	0
23S_rRNA_1889_+	23S_rRNA	1889	A	0
23S_rRNA_1890_+	23S_rRNA	1890	A	0
23S_rRNA_1891_+	23S_rRNA	1891	G	1
23S_rRNA_1892_+	23S_rRNA	1892	C	1
23S_rRNA_1893_+	23S_rRNA	1893	C	1
23S_rRNA_1894_+	23S_rRNA	1894	C	1
23S_rRNA_1895_+	23S_rRNA	1895	C	1
23S_rRNA_1896_+	23S_rRNA	1896	G	1
23S_rRNA_1897_+	23S_rRNA	1897	G	1
23S_rRNA_1898_+	23S_rRNA	1898	U	1
23S_rRNA_1899_+	23S_rRNA	1899	A	0
23S_rRNA_1900_+	23S_rRNA	1900	A	0
23S_rRNA_1901_+	23S_rRNA	1901	A	1
23S_rRNA_1902_+	23S_rRNA	1902	C	1
23S_rRNA_1903_+	23S_rRNA	1903	G	1
23S_rRNA_1904_+	23S_rRNA	1904	G	1
23S_rRNA_1905_+	23S_rRNA	1905	C	1
23S_rRNA_1906_+	23S_rRNA	1906	G	1
23S_rRNA_1907_+	23S_rRNA	1907	G	1
23S_rRNA_1908_+	23S_rRNA	1908	C	1
23S_rRNA_1909_+	23S_rRNA	1909	C	1
23S_rRNA_1910_+	23S_rRNA	1910	G	1
23S_rRNA_1911_+	23S_rRNA	1911	U	1
23S_rRNA_1912_+	23S_rRNA	1912	A	0
23S_rRNA_1913_+	23S_rRNA	1913	A	0
23S_rRNA_1914_+	23S_rRNA	1914	C	0
23S_rRNA_1915_+	23S_rRNA	1915	U	0
23S_rRNA_1916_+	23S_rRNA	1916	A	0
23S_rRNA_1917_+	23S_rRNA	1917	U	0
23S_rRNA_1918_+	23S_rRNA	1918	A	0
23S_rRNA_1919_+	23S_rRNA	1919	A	1
23S_rRNA_1920_+	23S_rRNA	1920	C	1
23S_rRNA_1921_+	23S_rRNA	1921	G	1
23S_rRNA_1922_+	23S_rRNA	1922	G	1
23S_rRNA_1923_+	23S_rRNA	1923	U	1
23S_rRNA_1924_+	23S_rRNA	1924	C	1
23S_rRNA_1925_+	23S_rRNA	1925	C	1
23S_rRNA_1926_+	23S_rRNA	1926	U	0
23S_rRNA_1927_+	23S_rRNA	1927	A	0
23S_rRNA_1928_+	23S_rRNA	1928	A	0
23S_rRNA_1929_+	23S_rRNA	1929	G	1
23S_rRNA_1930_+	23S_rRNA	1930	G	0
23S_rRNA_1931_+	23S_rRNA	1931	U	0
23S_rRNA_1932_+	23S_rRNA	1932	A	0
23S_rRNA_1933_+	23S_rRNA	1933	G	0
23S_rRNA_1934_+	23S_rRNA	1934	C	0
23S_rRNA_1935_+	23S_rRNA	1935	G	1
23S_rRNA_1936_+	23S_rRNA	1936	A	0
23S_rRNA_1937_+	23S_rRNA	1937	A	0
23S_rRNA_1938_+	23S_rRNA	1938	A	0
23S_rRNA_1939_+	23S_rRNA	1939	U	0
23S_rRNA_1940_+	23S_rRNA	1940	U	0
23S_rRNA_1941_+	23S_rRNA	1941	C	0
23S_rRNA_1942_+	23S_rRNA	1942	C	0
23S_rRNA_1943_+	23S_rRNA	1943	U	0
23S_rRNA_1944_+	23S_rRNA	1944	U	0
23S_rRNA_1945_+	23S_rRNA	1945	G	1
23S_rRNA_1946_+	23S_rRNA	1946	U	1
23S_rRNA_1947_+	23S_rRNA	1947	C	1
23S_rRNA_1948_+	23S_rRNA	1948	G	1
23S_rRNA_1949_+	23S_rRNA	1949	G	1
23S_rRNA_1950_+	23S_rRNA	1950	G	1
23S_rRNA_1951_+	23S_rRNA	1951	U	0
23S_rRNA_1952_+	23S_rRNA	1952	A	0
23S_rRNA_1953_+	23S_rRNA	1953	A	0
23S_rRNA_1954_+	23S_rRNA	1954	G	0
23S_rRNA_1955_+	23S_rRNA	1955	U	0
23S_rRNA_1956_+	23S_rRNA	1956	U	1
23S_rRNA_1957_+	23S_rRNA	1957	C	1
23S_rRNA_1958_+	23S_rRNA	1958	C	1
23S_rRNA_1959_+	23S_rRNA	1959	G	1
23S_rRNA_1960_+	23S_rRNA	1960	A	1
23S_rRNA_1961_+	23S_rRNA	1961	C	1
23S_rRNA_1962_+	23S_rRNA	1962	C	1
23S_rRNA_1963_+	23S_rRNA	1963	U	0
23S_rRNA_1964_+	23S_rRNA	1964	G	0
23S_rRNA_1965_+	23S_rRNA	1965	C	0
23S_rRNA_1966_+	23S_rRNA	1966	A	0
23S_rRNA_1967_+	23S_rRNA	1967	C	0
23S_rRNA_1968_+	23S_rRNA	1968	G	0
23S_rRNA_1969_+	23S_rRNA	1969	A	0
23S_rRNA_1970_+	23S_rRNA	1970	A	0
23S_rRNA_1971_+	23S_rRNA	1971	U	0
23S_rRNA_1972_+	23S_rRNA	1972	G	1
23S_rRNA_1973_+	23S_rRNA	1973	G	1
23S_rRNA_1974_+	23S_rRNA	1974	C	1
23S_rRNA_1975_+	23S_rRNA	1975	G	1
23S_rRNA_1976_+	23S_rRNA	1976	U	0
23S_rRNA_1977_+	23S_rRNA	1977	A	0
23S_rRNA_1978_+	23S_rRNA	1978	A	0
23S_rRNA_1979_+	23S_rRNA	1979	U	1
23S_rRNA_1980_+	23S_rRNA	1980	G	1
23S_rRNA_1981_+	23S_rRNA	1981	A	0
23S_rRNA_1982_+	23S_rRNA	1982	U	1
23S_rRNA_1983_+	23S_rRNA	1983	G	1
23S_rRNA_1984_+	23S_rRNA	1984	G	1
23S_rRNA_1985_+	23S_rRNA	1985	C	1
23S_rRNA_1986_+	23S_rRNA	1986	C	1
23S_rRNA_1987_+	23S_rRNA	1987	A	1
23S_rRNA_1988_+	23S_rRNA	1988	G	1
23S_rRNA_1989_+	23S_rRNA	1989	G	0
23S_rRNA_1990_+	23S_rRNA	1990	C	0
23S_rRNA_1991_+	23S_rRNA	1991	U	0
23S_rRNA_1992_+	23S_rRNA	1992	G	0
23S_rRNA_1993_+	23S_rRNA	1993	U	1
23S_rRNA_1994_+	23S_rRNA	1994	C	1
23S_rRNA_1995_+	23S_rRNA	1995	U	1
23S_rRNA_1996_+	23S_rRNA	1996	C	0
23S_rRNA_1997_+	23S_rRNA	1997	C	1
23S_rRNA_1998_+	23S_rRNA	1998	A	1
23S_rRNA_1999_+	23S_rRNA	1999	C	1
23S_rRNA_2000_+	23S_rRNA	2000	C	1
23S_rRNA_2001_+	23S_rRNA	2001	C	1
23S_rRNA_2002_+	23S_rRNA	2002	G	1
23S_rRNA_2003_+	23S_rRNA	2003	A	1
23S_rRNA_2004_+	23S_rRNA	2004	G	1
23S_rRNA_2005_+	23S_rRNA	2005	A	0
23S_rRNA_2006_+	23S_rRNA	2006	C	1
23S_rRNA_2007_+	23S_rRNA	2007	U	1
23S_rRNA_2008_+	23S_rRNA	2008	C	1
23S_rRNA_2009_+	23S_rRNA	2009	A	1
23S_rRNA_2010_+	23S_rRNA	2010	G	1
23S_rRNA_2011_+	23S_rRNA	2011	U	1
23S_rRNA_2012_+	23S_rRNA	2012	G	0
23S_rRNA_2013_+	23S_rRNA	2013	A	0
23S_rRNA_2014_+	23S_rRNA	2014	A	0
23S_rRNA_2015_+	23S_rRNA	2015	A	0
23S_rRNA_2016_+	23S_rRNA	2016	U	1
23S_rRNA_2017_+	23S_rRNA	2017	U	1
23S_rRNA_2018_+	23S_rRNA	2018	G	1
23S_rRNA_2019_+	23S_rRNA	2019	A	0
23S_rRNA_2020_+	23S_rRNA	2020	A	0
23S_rRNA_2021_+	23S_rRNA	2021	C	0
23S_rRNA_2022_+	23S_rRNA	2022	U	0
23S_rRNA_2023_+	23S_rRNA	2023	C	1
23S_rRNA_2024_+	23S_rRNA	2024	G	1
23S_rRNA_2025_+	23S_rRNA	2025	C	1
23S_rRNA_2026_+	23S_rRNA	2026	U	1
23S_rRNA_2027_+	23S_rRNA	2027	G	1
23S_rRNA_2028_+	23S_rRNA	2028	U	0
23S_rRNA_2029_+	23S_rRNA	2029	G	0
23S_rRNA_2030_+	23S_rRNA	2030	A	0
23S_rRNA_2031_+	23S_rRNA	2031	A	0
23S_rRNA_2032_+	23S_rRNA	2032	G	0
23S_rRNA_2033_+	23S_rRNA	2033	A	0
23S_rRNA_2034_+	23S_rRNA	2034	U	0
23S_rRNA_2035_+	23S_rRNA	2035	G	0
23S_rRNA_2036_+	23S_rRNA	2036	C	1
23S_rRNA_2037_+	23S_rRNA	2037	A	1
23S_rRNA_2038_+	23S_rRNA	2038	G	1
23S_rRNA_2039_+	23S_rRNA	2039	U	1
23S_rRNA_2040_+	23S_rRNA	2040	G	1
23S_rRNA_2041_+	23S_rRNA	2041	U	0
23S_rRNA_2042_+	23S_rRNA	2042	A	0
23S_rRNA_2043_+	23S_rRNA	2043	C	1
23S_rRNA_2044_+	23S_rRNA	2044	C	1
23S_rRNA_2045_+	23S_rRNA	2045	C	1
23S_rRNA_2046_+	23S_rRNA	2046	G	1
23S_rRNA_2047_+	23S_rRNA	2047	C	1
23S_rRNA_2048_+	23S_rRNA	2048	G	1
23S_rRNA_2049_+	23S_rRNA	2049	G	1
23S_rRNA_2050_+	23S_rRNA	2050	C	1
23S_rRNA_2051_+	23S_rRNA	2051	A	0
23S_rRNA_2052_+	23S_rRNA	2052	A	1
23S_rRNA_2053_+	23S_rRNA	2053	G	1
23S_rRNA_2054_+	23S_rRNA	2054	A	1
23S_rRNA_2055_+	23S_rRNA	2055	C	0
23S_rRNA_2056_+	23S_rRNA	2056	G	1
23S_rRNA_2057_+	23S_rRNA	2057	G	1
23S_rRNA_2058_+	23S_rRNA	2058	A	0
23S_rRNA_2059_+	23S_rRNA	2059	A	0
23S_rRNA_2060_+	23S_rRNA	2060	A	0
23S_rRNA_2061_+	23S_rRNA	2061	G	0
23S_rRNA_2062_+	23S_rRNA	2062	A	0
23S_rRNA_2063_+	23S_rRNA	2063	C	0
23S_rRNA_2064_+	23S_rRNA	2064	C	1
23S_rRNA_2065_+	23S_rRNA	2065	C	1
23S_rRNA_2066_+	23S_rRNA	2066	C	1
23S_rRNA_2067_+	23S_rRNA	2067	G	1
23S_rRNA_2068_+	23S_rRNA	2068	U	0
23S_rRNA_2069_+	23S_rRNA	2069	G	1
23S_rRNA_2070_+	23S_rRNA	2070	A	1
23S_rRNA_2071_+	23S_rRNA	2071	A	1
23S_rRNA_2072_+	23S_rRNA	2072	C	1
23S_rRNA_2073_+	23S_rRNA	2073	C	1
23S_rRNA_2074_+	23S_rRNA	2074	U	1
23S_rRNA_2075_+	23S_rRNA	2075	U	1
23S_rRNA_2076_+	23S_rRNA	2076	U	0
23S_rRNA_2077_+	23S_rRNA	2077	A	1
23S_rRNA_2078_+	23S_rRNA	2078	C	1
23S_rRNA_2079_+	23S_rRNA	2079	U	1
23S_rRNA_2080_+	23S_rRNA	2080	A	1
23S_rRNA_2081_+	23S_rRNA	2081	U	0
23S_rRNA_2082_+	23S_rRNA	2082	A	0
23S_rRNA_2083_+	23S_rRNA	2083	G	0
23S_rRNA_2084_+	23S_rRNA	2084	C	1
23S_rRNA_2085_+	23S_rRNA	2085	U	1
23S_rRNA_2086_+	23S_rRNA	2086	U	1
23S_rRNA_2087_+	23S_rRNA	2087	G	1
23S_rRNA_2088_+	23S_rRNA	2088	A	1
23S_rRNA_2089_+	23S_rRNA	2089	C	1
23S_rRNA_2090_+	23S_rRNA	2090	A	1
23S_rRNA_2091_+	23S_rRNA	2091	C	0
23S_rRNA_2092_+	23S_rRNA	2092	U	0
23S_rRNA_2093_+	23S_rRNA	2093	G	1
23S_rRNA_2094_+	23S_rRNA	2094	A	1
23S_rRNA_2095_+	23S_rRNA	2095	A	1
23S_rRNA_2096_+	23S_rRNA	2096	C	1
23S_rRNA_2097_+	23S_rRNA	2097	A	1
23S_rRNA_2098_+	23S_rRNA	2098	U	1
23S_rRNA_2099_+	23S_rRNA	2099	U	1
23S_rRNA_2100_+	23S_rRNA	2100	G	1
23S_rRNA_2101_+	23S_rRNA	2101	A	1
23S_rRNA_2102_+	23S_rRNA	2102	G	1
23S_rRNA_2103_+	23S_rRNA	2103	C	1
23S_rRNA_2104_+	23S_rRNA	2104	C	1
23S_rRNA_2105_+	23S_rRNA	2105	U	1
23S_rRNA_2106_+	23S_rRNA	2106	U	1
23S_rRNA_2107_+	23S_rRNA	2107	G	1
23S_rRNA_2108_+	23S_rRNA	2108	A	1
23S_rRNA_2109_+	23S_rRNA	2109	U	1
23S_rRNA_2110_+	23S_rRNA	2110	G	1
23S_rRNA_2111_+	23S_rRNA	2111	U	0
23S_rRNA_2112_+	23S_rRNA	2112	G	1
23S_rRNA_2113_+	23S_rRNA	2113	U	1
23S_rRNA_2114_+	23S_rRNA	2114	A	0
23S_rRNA_2115_+	23S_rRNA	2115	G	0
23S_rRNA_2116_+	23S_rRNA	2116	G	0
23S_rRNA_2117_+	23S_rRNA	2117	A	1
23S_rRNA_2118_+	23S_rRNA	2118	U	0
23S_rRNA_2119_+	23S_rRNA	2119	A	0
23S_rRNA_2120_+	23S_rRNA	2120	G	1
23S_rRNA_2121_+	23S_rRNA	2121	G	1
23S_rRNA_2122_+	23S_rRNA	2122	U	1
23S_rRNA_2123_+	23S_rRNA	2123	G	1
23S_rRNA_2124_+	23S_rRNA	2124	G	1
23S_rRNA_2125_+	23S_rRNA	2125	G	0
23S_rRNA_2126_+	23S_rRNA	2126	A	0
23S_rRNA_2127_+	23S_rRNA	2127	G	1
23S_rRNA_2128_+	23S_rRNA	2128	G	1
23S_rRNA_2129_+	23S_rRNA	2129	C	1
23S_rRNA_2130_+	23S_rRNA	2130	U	0
23S_rRNA_2131_+	23S_rRNA	2131	U	0
23S_rRNA_2132_+	23S_rRNA	2132	U	0
23S_rRNA_2133_+	23S_rRNA	2133	G	0
23S_rRNA_2134_+	23S_rRNA	2134	A	0
23S_rRNA_2135_+	23S_rRNA	2135	A	0
23S_rRNA_2136_+	23S_rRNA	2136	G	1
23S_rRNA_2137_+	23S_rRNA	2137	U	1
23S_rRNA_2138_+	23S_rRNA	2138	G	1
23S_rRNA_2139_+	23S_rRNA	2139	U	1
23S_rRNA_2140_+	23S_rRNA	2140	G	1
23S_rRNA_2141_+	23S_rRNA	2141	G	1
23S_rRNA_2142_+	23S_rRNA	2142	A	1
23S_rRNA_2143_+	23S_rRNA	2143	C	1
23S_rRNA_2144_+	23S_rRNA	2144	G	0
23S_rRNA_2145_+	23S_rRNA	2145	C	0
23S_rRNA_2146_+	23S_rRNA	2146	C	0
23S_rRNA_2147_+	23S_rRNA	2147	A	0
23S_rRNA_2148_+	23S_rRNA	2148	G	1
23S_rRNA_2149_+	23S_rRNA	2149	U	1
23S_rRNA_2150_+	23S_rRNA	2150	C	1
23S_rRNA_2151_+	23S_rRNA	2151	U	1
23S_rRNA_2152_+	23S_rRNA	2152	G	1
23S_rRNA_2153_+	23S_rRNA	2153	C	1
23S_rRNA_2154_+	23S_rRNA	2154	A	1
23S_rRNA_2155_+	23S_rRNA	2155	U	1
23S_rRNA_2156_+	23S_rRNA	2156	G	0
23S_rRNA_2157_+	23S_rRNA	2157	G	0
23S_rRNA_2158_+	23S_rRNA	2158	A	0
23S_rRNA_2159_+	23S_rRNA	2159	G	1
23S_rRNA_2160_+	23S_rRNA	2160	C	1
23S_rRNA_2161_+	23S_rRNA	2161	C	1
23S_rRNA_2162_+	23S_rRNA	2162	G	0
23S_rRNA_2163_+	23S_rRNA	2163	A	0
23S_rRNA_2164_+	23S_rRNA	2164	C	0
23S_rRNA_2165_+	23S_rRNA	2165	C	0
23S_rRNA_2166_+	23S_rRNA	2166	U	0
23S_rRNA_2167_+	23S_rRNA	2167	U	0
23S_rRNA_2168_+	23S_rRNA	2168	G	0
23S_rRNA_2169_+	23S_rRNA	2169	A	1
23S_rRNA_2170_+	23S_rRNA	2170	A	1
23S_rRNA_2171_+	23S_rRNA	2171	A	0
23S_rRNA_2172_+	23S_rRNA	2172	U	1
23S_rRNA_2173_+	23S_rRNA	2173	A	0
23S_rRNA_2174_+	23S_rRNA	2174	C	1
23S_rRNA_2175_+	23S_rRNA	2175	C	1
23S_rRNA_2176_+	23S_rRNA	2176	A	1
23S_rRNA_2177_+	23S_rRNA	2177	C	1
23S_rRNA_2178_+	23S_rRNA	2178	C	1
23S_rRNA_2179_+	23S_rRNA	2179	C	1
23S_rRNA_2180_+	23S_rRNA	2180	U	1
23S_rRNA_2181_+	23S_rRNA	2181	U	1
23S_rRNA_2182_+	23S_rRNA	2182	U	1
23S_rRNA_2183_+	23S_rRNA	2183	A	1
23S_rRNA_2184_+	23S_rRNA	2184	A	1
23S_rRNA_2185_+	23S_rRNA	2185	U	1
23S_rRNA_2186_+	23S_rRNA	2186	G	1
23S_rRNA_2187_+	23S_rRNA	2187	U	1
23S_rRNA_2188_+	23S_rRNA	2188	U	1
23S_rRNA_2189_+	23S_rRNA	2189	U	1
23S_rRNA_2190_+	23S_rRNA	2190	G	1
23S_rRNA_2191_+	23S_rRNA	2191	A	1
23S_rRNA_2192_+	23S_rRNA	2192	U	1
23S_rRNA_2193_+	23S_rRNA	2193	G	1
23S_rRNA_2194_+	23S_rRNA	2194	U	1
23S_rRNA_2195_+	23S_rRNA	2195	U	1
23S_rRNA_2196_+	23S_rRNA	2196	C	1
23S_rRNA_2197_+	23S_rRNA	2197	U	0
23S_rRNA_2198_+	23S_rRNA	2198	A	0
23S_rRNA_2199_+	23S_rRNA	2199	A	0
23S_rRNA_2200_+	23S_rRNA	2200	C	1
23S_rRNA_2201_+	23S_rRNA	2201	G	1
23S_rRNA_2202_+	23S_rRNA	2202	U	1
23S_rRNA_2203_+	23S_rRNA	2203	U	0
23S_rRNA_2204_+	23S_rRNA	2204	G	1
23S_rRNA_2205_+	23S_rRNA	2205	A	1
23S_rRNA_2206_+	23S_rRNA	2206	C	1
23S_rRNA_2207_+	23S_rRNA	2207	C	1
23S_rRNA_2208_+	23S_rRNA	2208	C	1
23S_rRNA_2209_+	23S_rRNA	2209	G	1
23S_rRNA_2210_+	23S_rRNA	2210	U	0
23S_rRNA_2211_+	23S_rRNA	2211	A	0
23S_rRNA_2212_+	23S_rRNA	2212	A	0
23S_rRNA_2213_+	23S_rRNA	2213	U	0
23S_rRNA_2214_+	23S_rRNA	2214	C	0
23S_rRNA_2215_+	23S_rRNA	2215	C	1
23S_rRNA_2216_+	23S_rRNA	2216	G	1
23S_rRNA_2217_+	23S_rRNA	2217	G	1
23S_rRNA_2218_+	23S_rRNA	2218	G	1
23S_rRNA_2219_+	23S_rRNA	2219	U	1
23S_rRNA_2220_+	23S_rRNA	2220	U	1
23S_rRNA_2221_+	23S_rRNA	2221	G	1
23S_rRNA_2222_+	23S_rRNA	2222	C	1
23S_rRNA_2223_+	23S_rRNA	2223	G	1
23S_rRNA_2224_+	23S_rRNA	2224	G	0
23S_rRNA_2225_+	23S_rRNA	2225	A	0
23S_rRNA_2226_+	23S_rRNA	2226	C	0
23S_rRNA_2227_+	23S_rRNA	2227	A	0
23S_rRNA_2228_+	23S_rRNA	2228	G	0
23S_rRNA_2229_+	23S_rRNA	2229	U	1
23S_rRNA_2230_+	23S_rRNA	2230	G	1
23S_rRNA_2231_+	23S_rRNA	2231	U	1
23S_rRNA_2232_+	23S_rRNA	2232	C	1
23S_rRNA_2233_+	23S_rRNA	2233	U	1
23S_rRNA_2234_+	23S_rRNA	2234	G	1
23S_rRNA_2235_+	23S_rRNA	2235	G	1
23S_rRNA_2236_+	23S_rRNA	2236	U	0
23S_rRNA_2237_+	23S_rRNA	2237	G	0
23S_rRNA_2238_+	23S_rRNA	2238	G	0
23S_rRNA_2239_+	23S_rRNA	2239	G	0
23S_rRNA_2240_+	23S_rRNA	2240	U	1
23S_rRNA_2241_+	23S_rRNA	2241	A	1
23S_rRNA_2242_+	23S_rRNA	2242	G	1
23S_rRNA_2243_+	23S_rRNA	2243	U	1
23S_rRNA_2244_+	23S_rRNA	2244	U	0
23S_rRNA_2245_+	23S_rRNA	2245	U	0
23S_rRNA_2246_+	23S_rRNA	2246	G	1
23S_rRNA_2247_+	23S_rRNA	2247	A	1
23S_rRNA_2248_+	23S_rRNA	2248	C	1
23S_rRNA_2249_+	23S_rRNA	2249	U	1
23S_rRNA_2250_+	23S_rRNA	2250	G	0
23S_rRNA_2251_+	23S_rRNA	2251	G	0
23S_rRNA_2252_+	23S_rRNA	2252	G	0
23S_rRNA_2253_+	23S_rRNA	2253	G	0
23S_rRNA_2254_+	23S_rRNA	2254	C	0
23S_rRNA_2255_+	23S_rRNA	2255	G	1
23S_rRNA_2256_+	23S_rRNA	2256	G	1
23S_rRNA_2257_+	23S_rRNA	2257	U	1
23S_rRNA_2258_+	23S_rRNA	2258	C	1
23S_rRNA_2259_+	23S_rRNA	2259	U	1
23S_rRNA_2260_+	23S_rRNA	2260	C	1
23S_rRNA_2261_+	23S_rRNA	2261	C	1
23S_rRNA_2262_+	23S_rRNA	2262	U	1
23S_rRNA_2263_+	23S_rRNA	2263	C	1
23S_rRNA_2264_+	23S_rRNA	2264	C	1
23S_rRNA_2265_+	23S_rRNA	2265	U	0
23S_rRNA_2266_+	23S_rRNA	2266	A	0
23S_rRNA_2267_+	23S_rRNA	2267	A	0
23S_rRNA_2268_+	23S_rRNA	2268	A	0
23S_rRNA_2269_+	23S_rRNA	2269	G	0
23S_rRNA_2270_+	23S_rRNA	2270	A	0
23S_rRNA_2271_+	23S_rRNA	2271	G	0
23S_rRNA_2272_+	23S_rRNA	2272	U	0
23S_rRNA_2273_+	23S_rRNA	2273	A	0
23S_rRNA_2274_+	23S_rRNA	2274	A	0
23S_rRNA_2275_+	23S_rRNA	2275	C	0
23S_rRNA_2276_+	23S_rRNA	2276	G	1
23S_rRNA_2277_+	23S_rRNA	2277	G	1
23S_rRNA_2278_+	23S_rRNA	2278	A	1
23S_rRNA_2279_+	23S_rRNA	2279	G	1
23S_rRNA_2280_+	23S_rRNA	2280	G	1
23S_rRNA_2281_+	23S_rRNA	2281	A	1
23S_rRNA_2282_+	23S_rRNA	2282	G	1
23S_rRNA_2283_+	23S_rRNA	2283	C	1
23S_rRNA_2284_+	23S_rRNA	2284	A	1
23S_rRNA_2285_+	23S_rRNA	2285	C	1
23S_rRNA_2286_+	23S_rRNA	2286	G	0
23S_rRNA_2287_+	23S_rRNA	2287	A	0
23S_rRNA_2288_+	23S_rRNA	2288	A	0
23S_rRNA_2289_+	23S_rRNA	2289	G	0
23S_rRNA_2290_+	23S_rRNA	2290	G	1
23S_rRNA_2291_+	23S_rRNA	2291	U	1
23S_rRNA_2292_+	23S_rRNA	2292	U	1
23S_rRNA_2293_+	23S_rRNA	2293	G	1
23S_rRNA_2294_+	23S_rRNA	2294	G	1
23S_rRNA_2295_+	23S_rRNA	2295	C	1
23S_rRNA_2296_+	23S_rRNA	2296	U	1
23S_rRNA_2297_+	23S_rRNA	2297	A	1
23S_rRNA_2298_+	23S_rRNA	2298	A	0
23S_rRNA_2299_+	23S_rRNA	2299	U	1
23S_rRNA_2300_+	23S_rRNA	2300	C	1
23S_rRNA_2301_+	23S_rRNA	2301	C	1
23S_rRNA_2302_+	23S_rRNA	2302	U	1
23S_rRNA_2303_+	23S_rRNA	2303	G	1
23S_rRNA_2304_+	23S_rRNA	2304	G	1
23S_rRNA_2305_+	23S_rRNA	2305	U	0
23S_rRNA_2306_+	23S_rRNA	2306	C	0
23S_rRNA_2307_+	23S_rRNA	2307	G	0
23S_rRNA_2308_+	23S_rRNA	2308	G	0
23S_rRNA_2309_+	23S_rRNA	2309	A	0
23S_rRNA_2310_+	23S_rRNA	2310	C	0
23S_rRNA_2311_+	23S_rRNA	2311	A	0
23S_rRNA_2312_+	23S_rRNA	2312	U	1
23S_rRNA_2313_+	23S_rRNA	2313	C	1
23S_rRNA_2314_+	23S_rRNA	2314	A	1
23S_rRNA_2315_+	23S_rRNA	2315	G	1
23S_rRNA_2316_+	23S_rRNA	2316	G	1
23S_rRNA_2317_+	23S_rRNA	2317	A	1
23S_rRNA_2318_+	23S_rRNA	2318	G	0
23S_rRNA_2319_+	23S_rRNA	2319	G	0
23S_rRNA_2320_+	23S_rRNA	2320	U	0
23S_rRNA_2321_+	23S_rRNA	2321	U	1
23S_rRNA_2322_+	23S_rRNA	2322	A	1
23S_rRNA_2323_+	23S_rRNA	2323	G	1
23S_rRNA_2324_+	23S_rRNA	2324	U	1
23S_rRNA_2325_+	23S_rRNA	2325	G	1
23S_rRNA_2326_+	23S_rRNA	2326	C	1
23S_rRNA_2327_+	23S_rRNA	2327	A	0
23S_rRNA_2328_+	23S_rRNA	2328	A	1
23S_rRNA_2329_+	23S_rRNA	2329	U	1
23S_rRNA_2330_+	23S_rRNA	2330	G	1
23S_rRNA_2331_+	23S_rRNA	2331	G	1
23S_rRNA_2332_+	23S_rRNA	2332	C	1
23S_rRNA_2333_+	23S_rRNA	2333	A	0
23S_rRNA_2334_+	23S_rRNA	2334	U	0
23S_rRNA_2335_+	23S_rRNA	2335	A	0
23S_rRNA_2336_+	23S_rRNA	2336	A	0
23S_rRNA_2337_+	23S_rRNA	2337	G	1
23S_rRNA_2338_+	23S_rRNA	2338	C	1
23S_rRNA_2339_+	23S_rRNA	2339	C	1
23S_rRNA_2340_+	23S_rRNA	2340	A	1
23S_rRNA_2341_+	23S_rRNA	2341	G	1
23S_rRNA_2342_+	23S_rRNA	2342	C	1
23S_rRNA_2343_+	23S_rRNA	2343	U	0
23S_rRNA_2344_+	23S_rRNA	2344	U	0
23S_rRNA_2345_+	23S_rRNA	2345	G	0
23S_rRNA_2346_+	23S_rRNA	2346	A	0
23S_rRNA_2347_+	23S_rRNA	2347	C	1
23S_rRNA_2348_+	23S_rRNA	2348	U	1
23S_rRNA_2349_+	23S_rRNA	2349	G	1
23S_rRNA_2350_+	23S_rRNA	2350	C	1
23S_rRNA_2351_+	23S_rRNA	2351	G	1
23S_rRNA_2352_+	23S_rRNA	2352	A	1
23S_rRNA_2353_+	23S_rRNA	2353	G	1
23S_rRNA_2354_+	23S_rRNA	2354	C	1
23S_rRNA_2355_+	23S_rRNA	2355	G	1
23S_rRNA_2356_+	23S_rRNA	2356	U	0
23S_rRNA_2357_+	23S_rRNA	2357	G	0
23S_rRNA_2358_+	23S_rRNA	2358	A	0
23S_rRNA_2359_+	23S_rRNA	2359	C	1
23S_rRNA_2360_+	23S_rRNA	2360	G	0
23S_rRNA_2361_+	23S_rRNA	2361	G	0
23S_rRNA_2362_+	23S_rRNA	2362	C	1
23S_rRNA_2363_+	23S_rRNA	2363	G	1
23S_rRNA_2364_+	23S_rRNA	2364	C	1
23S_rRNA_2365_+	23S_rRNA	2365	G	1
23S_rRNA_2366_+	23S_rRNA	2366	A	1
23S_rRNA_2367_+	23S_rRNA	2367	G	1
23S_rRNA_2368_+	23S_rRNA	2368	C	1
23S_rRNA_2369_+	23S_rRNA	2369	A	1
23S_rRNA_2370_+	23S_rRNA	2370	G	1
23S_rRNA_2371_+	23S_rRNA	2371	G	0
23S_rRNA_2372_+	23S_rRNA	2372	U	1
23S_rRNA_2373_+	23S_rRNA	2373	G	1
23S_rRNA_2374_+	23S_rRNA	2374	C	1
23S_rRNA_2375_+	23S_rRNA	2375	G	0
23S_rRNA_2376_+	23S_rRNA	2376	A	0
23S_rRNA_2377_+	23S_rRNA	2377	A	0
23S_rRNA_2378_+	23S_rRNA	2378	A	0
23S_rRNA_2379_+	23S_rRNA	2379	G	1
23S_rRNA_2380_+	23S_rRNA	2380	C	1
23S_rRNA_2381_+	23S_rRNA	2381	A	1
23S_rRNA_2382_+	23S_rRNA	2382	G	0
23S_rRNA_2383_+	23S_rRNA	2383	G	1
23S_rRNA_2384_+	23S_rRNA	2384	U	1
23S_rRNA_2385_+	23S_rRNA	2385	C	1
23S_rRNA_2386_+	23S_rRNA	2386	A	1
23S_rRNA_2387_+	23S_rRNA	2387	U	1
23S_rRNA_2388_+	23S_rRNA	2388	A	0
23S_rRNA_2389_+	23S_rRNA	2389	G	1
23S_rRNA_2390_+	23S_rRNA	2390	U	0
23S_rRNA_2391_+	23S_rRNA	2391	G	0
23S_rRNA_2392_+	23S_rRNA	2392	A	0
23S_rRNA_2393_+	23S_rRNA	2393	U	0
23S_rRNA_2394_+	23S_rRNA	2394	C	0
23S_rRNA_2395_+	23S_rRNA	2395	C	1
23S_rRNA_2396_+	23S_rRNA	2396	G	1
23S_rRNA_2397_+	23S_rRNA	2397	G	1
23S_rRNA_2398_+	23S_rRNA	2398	U	1
23S_rRNA_2399_+	23S_rRNA	2399	G	1
23S_rRNA_2400_+	23S_rRNA	2400	G	1
23S_rRNA_2401_+	23S_rRNA	2401	U	1
23S_rRNA_2402_+	23S_rRNA	2402	U	0
23S_rRNA_2403_+	23S_rRNA	2403	C	1
23S_rRNA_2404_+	23S_rRNA	2404	U	1
23S_rRNA_2405_+	23S_rRNA	2405	G	0
23S_rRNA_2406_+	23S_rRNA	2406	A	0
23S_rRNA_2407_+	23S_rRNA	2407	A	1
23S_rRNA_2408_+	23S_rRNA	2408	U	1
23S_rRNA_2409_+	23S_rRNA	2409	G	1
23S_rRNA_2410_+	23S_rRNA	2410	G	1
23S_rRNA_2411_+	23S_rRNA	2411	A	0
23S_rRNA_2412_+	23S_rRNA	2412	A	0
23S_rRNA_2413_+	23S_rRNA	2413	G	1
23S_rRNA_2414_+	23S_rRNA	2414	G	1
23S_rRNA_2415_+	23S_rRNA	2415	G	1
23S_rRNA_2416_+	23S_rRNA	2416	C	1
23S_rRNA_2417_+	23S_rRNA	2417	C	1
23S_rRNA_2418_+	23S_rRNA	2418	A	1
23S_rRNA_2419_+	23S_rRNA	2419	U	1
23S_rRNA_2420_+	23S_rRNA	2420	C	1
23S_rRNA_2421_+	23S_rRNA	2421	G	1
23S_rRNA_2422_+	23S_rRNA	2422	C	0
23S_rRNA_2423_+	23S_rRNA	2423	U	0
23S_rRNA_2424_+	23S_rRNA	2424	C	0
23S_rRNA_2425_+	23S_rRNA	2425	A	0
23S_rRNA_2426_+	23S_rRNA	2426	A	0
23S_rRNA_2427_+	23S_rRNA	2427	C	1
23S_rRNA_2428_+	23S_rRNA	2428	G	1
23S_rRNA_2429_+	23S_rRNA	2429	G	0
23S_rRNA_2430_+	23S_rRNA	2430	A	0
23S_rRNA_2431_+	23S_rRNA	2431	U	0
23S_rRNA_2432_+	23S_rRNA	2432	A	0
23S_rRNA_2433_+	23S_rRNA	2433	A	0
23S_rRNA_2434_+	23S_rRNA	2434	A	1
23S_rRNA_2435_+	23S_rRNA	2435	A	1
23S_rRNA_2436_+	23S_rRNA	2436	G	1
23S_rRNA_2437_+	23S_rRNA	2437	G	1
23S_rRNA_2438_+	23S_rRNA	2438	U	1
23S_rRNA_2439_+	23S_rRNA	2439	A	0
23S_rRNA_2440_+	23S_rRNA	2440	C	0
23S_rRNA_2441_+	23S_rRNA	2441	U	1
23S_rRNA_2442_+	23S_rRNA	2442	C	1
23S_rRNA_2443_+	23S_rRNA	2443	C	1
23S_rRNA_2444_+	23S_rRNA	2444	G	1
23S_rRNA_2445_+	23S_rRNA	2445	G	1
23S_rRNA_2446_+	23S_rRNA	2446	G	1
23S_rRNA_2447_+	23S_rRNA	2447	G	0
23S_rRNA_2448_+	23S_rRNA	2448	A	0
23S_rRNA_2449_+	23S_rRNA	2449	U	0
23S_rRNA_2450_+	23S_rRNA	2450	A	0
23S_rRNA_2451_+	23S_rRNA	2451	A	0
23S_rRNA_2452_+	23S_rRNA	2452	C	0
23S_rRNA_2453_+	23S_rRNA	2453	A	0
23S_rRNA_2454_+	23S_rRNA	2454	G	0
23S_rRNA_2455_+	23S_rRNA	2455	G	1
23S_rRNA_2456_+	23S_rRNA	2456	C	1
23S_rRNA_2457_+	23S_rRNA	2457	U	1
23S_rRNA_2458_+	23S_rRNA	2458	G	0
23S_rRNA_2459_+	23S_rRNA	2459	A	1
23S_rRNA_2460_+	23S_rRNA	2460	U	1
23S_rRNA_2461_+	23S_rRNA	2461	A	1
23S_rRNA_2462_+	23S_rRNA	2462	C	1
23S_rRNA_2463_+	23S_rRNA	2463	C	1
23S_rRNA_2464_+	23S_rRNA	2464	G	1
23S_rRNA_2465_+	23S_rRNA	2465	C	1
23S_rRNA_2466_+	23S_rRNA	2466	C	1
23S_rRNA_2467_+	23S_rRNA	2467	C	0
23S_rRNA_2468_+	23S_rRNA	2468	A	0
23S_rRNA_2469_+	23S_rRNA	2469	A	0
23S_rRNA_2470_+	23S_rRNA	2470	G	1
23S_rRNA_2471_+	23S_rRNA	2471	A	1
23S_rRNA_2472_+	23S_rRNA	2472	G	0
23S_rRNA_2473_+	23S_rRNA	2473	U	0
23S_rRNA_2474_+	23S_rRNA	2474	U	0
23S_rRNA_2475_+	23S_rRNA	2475	C	0
23S_rRNA_2476_+	23S_rRNA	2476	A	0
23S_rRNA_2477_+	23S_rRNA	2477	U	0
23S_rRNA_2478_+	23S_rRNA	2478	A	0
23S_rRNA_2479_+	23S_rRNA	2479	U	1
23S_rRNA_2480_+	23S_rRNA	2480	C	1
23S_rRNA_2481_+	23S_rRNA	2481	G	0
23S_rRNA_2482_+	23S_rRNA	2482	A	0
23S_rRNA_2483_+	23S_rRNA	2483	C	0
23S_rRNA_2484_+	23S_rRNA	2484	G	1
23S_rRNA_2485_+	23S_rRNA	2485	G	1
23S_rRNA_2486_+	23S_rRNA	2486	C	1
23S_rRNA_2487_+	23S_rRNA	2487	G	1
23S_rRNA_2488_+	23S_rRNA	2488	G	1
23S_rRNA_2489_+	23S_rRNA	2489	U	1
23S_rRNA_2490_+	23S_rRNA	2490	G	1
23S_rRNA_2491_+	23S_rRNA	2491	U	0
23S_rRNA_2492_+	23S_rRNA	2492	U	0
23S_rRNA_2493_+	23S_rRNA	2493	U	1
23S_rRNA_2494_+	23S_rRNA	2494	G	1
23S_rRNA_2495_+	23S_rRNA	2495	G	1
23S_rRNA_2496_+	23S_rRNA	2496	C	1
23S_rRNA_2497_+	23S_rRNA	2497	A	0
23S_rRNA_2498_+	23S_rRNA	2498	C	0
23S_rRNA_2499_+	23S_rRNA	2499	C	0
23S_rRNA_2500_+	23S_rRNA	2500	U	0
23S_rRNA_2501_+	23S_rRNA	2501	C	0
23S_rRNA_2502_+	23S_rRNA	2502	G	0
23S_rRNA_2503_+	23S_rRNA	2503	A	0
23S_rRNA_2504_+	23S_rRNA	2504	U	0
23S_rRNA_2505_+	23S_rRNA	2505	G	0
23S_rRNA_2506_+	23S_rRNA	2506	U	0
23S_rRNA_2507_+	23S_rRNA	2507	C	1
23S_rRNA_2508_+	23S_rRNA	2508	G	1
23S_rRNA_2509_+	23S_rRNA	2509	G	1
23S_rRNA_2510_+	23S_rRNA	2510	C	1
23S_rRNA_2511_+	23S_rRNA	2511	U	1
23S_rRNA_2512_+	23S_rRNA	2512	C	1
23S_rRNA_2513_+	23S_rRNA	2513	A	1
23S_rRNA_2514_+	23S_rRNA	2514	U	1
23S_rRNA_2515_+	23S_rRNA	2515	C	1
23S_rRNA_2516_+	23S_rRNA	2516	A	1
23S_rRNA_2517_+	23S_rRNA	2517	C	1
23S_rRNA_2518_+	23S_rRNA	2518	A	0
23S_rRNA_2519_+	23S_rRNA	2519	U	0
23S_rRNA_2520_+	23S_rRNA	2520	C	1
23S_rRNA_2521_+	23S_rRNA	2521	C	1
23S_rRNA_2522_+	23S_rRNA	2522	U	0
23S_rRNA_2523_+	23S_rRNA	2523	G	1
23S_rRNA_2524_+	23S_rRNA	2524	G	1
23S_rRNA_2525_+	23S_rRNA	2525	G	1
23S_rRNA_2526_+	23S_rRNA	2526	G	1
23S_rRNA_2527_+	23S_rRNA	2527	C	1
23S_rRNA_2528_+	23S_rRNA	2528	U	1
23S_rRNA_2529_+	23S_rRNA	2529	G	0
23S_rRNA_2530_+	23S_rRNA	2530	A	0
23S_rRNA_2531_+	23S_rRNA	2531	A	0
23S_rRNA_2532_+	23S_rRNA	2532	G	0
23S_rRNA_2533_+	23S_rRNA	2533	U	0
23S_rRNA_2534_+	23S_rRNA	2534	A	0
23S_rRNA_2535_+	23S_rRNA	2535	G	1
23S_rRNA_2536_+	23S_rRNA	2536	G	1
23S_rRNA_2537_+	23S_rRNA	2537	U	1
23S_rRNA_2538_+	23S_rRNA	2538	C	1
23S_rRNA_2539_+	23S_rRNA	2539	C	1
23S_rRNA_2540_+	23S_rRNA	2540	C	1
23S_rRNA_2541_+	23S_rRNA	2541	A	0
23S_rRNA_2542_+	23S_rRNA	2542	A	0
23S_rRNA_2543_+	23S_rRNA	2543	G	0
23S_rRNA_2544_+	23S_rRNA	2544	G	1
23S_rRNA_2545_+	23S_rRNA	2545	G	1
23S_rRNA_2546_+	23S_rRNA	2546	U	0
23S_rRNA_2547_+	23S_rRNA	2547	A	1
23S_rRNA_2548_+	23S_rRNA	2548	U	1
23S_rRNA_2549_+	23S_rRNA	2549	G	1
23S_rRNA_2550_+	23S_rRNA	2550	G	1
23S_rRNA_2551_+	23S_rRNA	2551	C	1
23S_rRNA_2552_+	23S_rRNA	2552	U	0
23S_rRNA_2553_+	23S_rRNA	2553	G	0
23S_rRNA_2554_+	23S_rRNA	2554	U	0
23S_rRNA_2555_+	23S_rRNA	2555	U	0
23S_rRNA_2556_+	23S_rRNA	2556	C	0
23S_rRNA_2557_+	23S_rRNA	2557	G	1
23S_rRNA_2558_+	23S_rRNA	2558	C	1
23S_rRNA_2559_+	23S_rRNA	2559	C	1
23S_rRNA_2560_+	23S_rRNA	2560	A	1
23S_rRNA_2561_+	23S_rRNA	2561	U	1
23S_rRNA_2562_+	23S_rRNA	2562	U	0
23S_rRNA_2563_+	23S_rRNA	2563	U	0
23S_rRNA_2564_+	23S_rRNA	2564	A	0
23S_rRNA_2565_+	23S_rRNA	2565	A	0
23S_rRNA_2566_+	23S_rRNA	2566	A	0
23S_rRNA_2567_+	23S_rRNA	2567	G	1
23S_rRNA_2568_+	23S_rRNA	2568	U	1
23S_rRNA_2569_+	23S_rRNA	2569	G	1
23S_rRNA_2570_+	23S_rRNA	2570	G	1
23S_rRNA_2571_+	23S_rRNA	2571	U	1
23S_rRNA_2572_+	23S_rRNA	2572	A	0
23S_rRNA_2573_+	23S_rRNA	2573	C	0
23S_rRNA_2574_+	23S_rRNA	2574	G	1
23S_rRNA_2575_+	23S_rRNA	2575	C	0
23S_rRNA_2576_+	23S_rRNA	2576	G	0
23S_rRNA_2577_+	23S_rRNA	2577	A	1
23S_rRNA_2578_+	23S_rRNA	2578	G	1
23S_rRNA_2579_+	23S_rRNA	2579	C	1
23S_rRNA_2580_+	23S_rRNA	2580	U	1
23S_rRNA_2581_+	23S_rRNA	2581	G	0
23S_rRNA_2582_+	23S_rRNA	2582	G	1
23S_rRNA_2583_+	23S_rRNA	2583	G	0
23S_rRNA_2584_+	23S_rRNA	2584	U	0
23S_rRNA_2585_+	23S_rRNA	2585	U	0
23S_rRNA_2586_+	23S_rRNA	2586	U	1
23S_rRNA_2587_+	23S_rRNA	2587	A	0
23S_rRNA_2588_+	23S_rRNA	2588	G	1
23S_rRNA_2589_+	23S_rRNA	2589	A	1
23S_rRNA_2590_+	23S_rRNA	2590	A	1
23S_rRNA_2591_+	23S_rRNA	2591	C	1
23S_rRNA_2592_+	23S_rRNA	2592	G	1
23S_rRNA_2593_+	23S_rRNA	2593	U	1
23S_rRNA_2594_+	23S_rRNA	2594	C	1
23S_rRNA_2595_+	23S_rRNA	2595	G	0
23S_rRNA_2596_+	23S_rRNA	2596	U	0
23S_rRNA_2597_+	23S_rRNA	2597	G	0
23S_rRNA_2598_+	23S_rRNA	2598	A	0
23S_rRNA_2599_+	23S_rRNA	2599	G	1
23S_rRNA_2600_+	23S_rRNA	2600	A	1
23S_rRNA_2601_+	23S_rRNA	2601	C	1
23S_rRNA_2602_+	23S_rRNA	2602	A	0
23S_rRNA_2603_+	23S_rRNA	2603	G	1
23S_rRNA_2604_+	23S_rRNA	2604	U	1
23S_rRNA_2605_+	23S_rRNA	2605	U	1
23S_rRNA_2606_+	23S_rRNA	2606	C	1
23S_rRNA_2607_+	23S_rRNA	2607	G	0
23S_rRNA_2608_+	23S_rRNA	2608	G	0
23S_rRNA_2609_+	23S_rRNA	2609	U	0
23S_rRNA_2610_+	23S_rRNA	2610	C	0
23S_rRNA_2611_+	23S_rRNA	2611	C	1
23S_rRNA_2612_+	23S_rRNA	2612	C	1
23S_rRNA_2613_+	23S_rRNA	2613	U	0
23S_rRNA_2614_+	23S_rRNA	2614	A	0
23S_rRNA_2615_+	23S_rRNA	2615	U	1
23S_rRNA_2616_+	23S_rRNA	2616	C	1
23S_rRNA_2617_+	23S_rRNA	2617	U	1
23S_rRNA_2618_+	23S_rRNA	2618	G	1
23S_rRNA_2619_+	23S_rRNA	2619	C	1
23S_rRNA_2620_+	23S_rRNA	2620	C	1
23S_rRNA_2621_+	23S_rRNA	2621	G	1
23S_rRNA_2622_+	23S_rRNA	2622	U	1
23S_rRNA_2623_+	23S_rRNA	2623	G	1
23S_rRNA_2624_+	23S_rRNA	2624	G	1
23S_rRNA_2625_+	23S_rRNA	2625	G	1
23S_rRNA_2626_+	23S_rRNA	2626	C	1
23S_rRNA_2627_+	23S_rRNA	2627	G	0
23S_rRNA_2628_+	23S_rRNA	2628	C	0
23S_rRNA_2629_+	23S_rRNA	2629	U	0
23S_rRNA_2630_+	23S_rRNA	2630	G	1
23S_rRNA_2631_+	23S_rRNA	2631	G	1
23S_rRNA_2632_+	23S_rRNA	2632	A	1
23S_rRNA_2633_+	23S_rRNA	2633	G	1
23S_rRNA_2634_+	23S_rRNA	2634	A	1
23S_rRNA_2635_+	23S_rRNA	2635	A	1
23S_rRNA_2636_+	23S_rRNA	2636	C	1
23S_rRNA_2637_+	23S_rRNA	2637	U	1
23S_rRNA_2638_+	23S_rRNA	2638	G	0
23S_rRNA_2639_+	23S_rRNA	2639	A	0
23S_rRNA_2640_+	23S_rRNA	2640	G	1
23S_rRNA_2641_+	23S_rRNA	2641	G	1
23S_rRNA_2642_+	23S_rRNA	2642	G	1
23S_rRNA_2643_+	23S_rRNA	2643	G	1
23S_rRNA_2644_+	23S_rRNA	2644	G	0
23S_rRNA_2645_+	23S_rRNA	2645	G	0
23S_rRNA_2646_+	23S_rRNA	2646	C	1
23S_rRNA_2647_+	23S_rRNA	2647	U	1
23S_rRNA_2648_+	23S_rRNA	2648	G	1
23S_rRNA_2649_+	23S_rRNA	2649	C	1
23S_rRNA_2650_+	23S_rRNA	2650	U	1
23S_rRNA_2651_+	23S_rRNA	2651	C	1
23S_rRNA_2652_+	23S_rRNA	2652	C	1
23S_rRNA_2653_+	23S_rRNA	2653	U	0
23S_rRNA_2654_+	23S_rRNA	2654	A	0
23S_rRNA_2655_+	23S_rRNA	2655	G	0
23S_rRNA_2656_+	23S_rRNA	2656	U	0
23S_rRNA_2657_+	23S_rRNA	2657	A	0
23S_rRNA_2658_+	23S_rRNA	2658	C	0
23S_rRNA_2659_+	23S_rRNA	2659	G	0
23S_rRNA_2660_+	23S_rRNA	2660	A	0
23S_rRNA_2661_+	23S_rRNA	2661	G	0
23S_rRNA_2662_+	23S_rRNA	2662	A	0
23S_rRNA_2663_+	23S_rRNA	2663	G	0
23S_rRNA_2664_+	23S_rRNA	2664	G	0
23S_rRNA_2665_+	23S_rRNA	2665	A	0
23S_rRNA_2666_+	23S_rRNA	2666	C	0
23S_rRNA_2667_+	23S_rRNA	2667	C	0
23S_rRNA_2668_+	23S_rRNA	2668	G	1
23S_rRNA_2669_+	23S_rRNA	2669	G	1
23S_rRNA_2670_+	23S_rRNA	2670	A	1
23S_rRNA_2671_+	23S_rRNA	2671	G	1
23S_rRNA_2672_+	23S_rRNA	2672	U	1
23S_rRNA_2673_+	23S_rRNA	2673	G	1
23S_rRNA_2674_+	23S_rRNA	2674	G	1
23S_rRNA_2675_+	23S_rRNA	2675	A	1
23S_rRNA_2676_+	23S_rRNA	2676	C	1
23S_rRNA_2677_+	23S_rRNA	2677	G	1
23S_rRNA_2678_+	23S_rRNA	2678	C	1
23S_rRNA_2679_+	23S_rRNA	2679	A	1
23S_rRNA_2680_+	23S_rRNA	2680	U	1
23S_rRNA_2681_+	23S_rRNA	2681	C	0
23S_rRNA_2682_+	23S_rRNA	2682	A	0
23S_rRNA_2683_+	23S_rRNA	2683	C	0
23S_rRNA_2684_+	23S_rRNA	2684	U	1
23S_rRNA_2685_+	23S_rRNA	2685	G	1
23S_rRNA_2686_+	23S_rRNA	2686	G	1
23S_rRNA_2687_+	23S_rRNA	2687	U	0
23S_rRNA_2688_+	23S_rRNA	2688	G	0
23S_rRNA_2689_+	23S_rRNA	2689	U	0
23S_rRNA_2690_+	23S_rRNA	2690	U	0
23S_rRNA_2691_+	23S_rRNA	2691	C	1
23S_rRNA_2692_+	23S_rRNA	2692	G	1
23S_rRNA_2693_+	23S_rRNA	2693	G	1
23S_rRNA_2694_+	23S_rRNA	2694	G	1
23S_rRNA_2695_+	23S_rRNA	2695	U	1
23S_rRNA_2696_+	23S_rRNA	2696	U	1
23S_rRNA_2697_+	23S_rRNA	2697	G	1
23S_rRNA_2698_+	23S_rRNA	2698	U	1
23S_rRNA_2699_+	23S_rRNA	2699	C	1
23S_rRNA_2700_+	23S_rRNA	2700	A	1
23S_rRNA_2701_+	23S_rRNA	2701	U	1
23S_rRNA_2702_+	23S_rRNA	2702	G	0
23S_rRNA_2703_+	23S_rRNA	2703	C	0
23S_rRNA_2704_+	23S_rRNA	2704	C	0
23S_rRNA_2705_+	23S_rRNA	2705	A	0
23S_rRNA_2706_+	23S_rRNA	2706	A	1
23S_rRNA_2707_+	23S_rRNA	2707	U	1
23S_rRNA_2708_+	23S_rRNA	2708	G	1
23S_rRNA_2709_+	23S_rRNA	2709	G	1
23S_rRNA_2710_+	23S_rRNA	2710	C	1
23S_rRNA_2711_+	23S_rRNA	2711	A	1
23S_rRNA_2712_+	23S_rRNA	2712	C	0
23S_rRNA_2713_+	23S_rRNA	2713	U	0
23S_rRNA_2714_+	23S_rRNA	2714	G	1
23S_rRNA_2715_+	23S_rRNA	2715	C	1
23S_rRNA_2716_+	23S_rRNA	2716	C	1
23S_rRNA_2717_+	23S_rRNA	2717	C	1
23S_rRNA_2718_+	23S_rRNA	2718	G	1
23S_rRNA_2719_+	23S_rRNA	2719	G	0
23S_rRNA_2720_+	23S_rRNA	2720	U	0
23S_rRNA_2721_+	23S_rRNA	2721	A	0
23S_rRNA_2722_+	23S_rRNA	2722	G	0
23S_rRNA_2723_+	23S_rRNA	2723	C	1
23S_rRNA_2724_+	23S_rRNA	2724	U	1
23S_rRNA_2725_+	23S_rRNA	2725	A	1
23S_rRNA_2726_+	23S_rRNA	2726	A	0
23S_rRNA_2727_+	23S_rRNA	2727	A	1
23S_rRNA_2728_+	23S_rRNA	2728	U	1
23S_rRNA_2729_+	23S_rRNA	2729	G	1
23S_rRNA_2730_+	23S_rRNA	2730	C	1
23S_rRNA_2731_+	23S_rRNA	2731	G	1
23S_rRNA_2732_+	23S_rRNA	2732	G	1
23S_rRNA_2733_+	23S_rRNA	2733	A	0
23S_rRNA_2734_+	23S_rRNA	2734	A	0
23S_rRNA_2735_+	23S_rRNA	2735	G	1
23S_rRNA_2736_+	23S_rRNA	2736	A	1
23S_rRNA_2737_+	23S_rRNA	2737	G	1
23S_rRNA_2738_+	23S_rRNA	2738	A	0
23S_rRNA_2739_+	23S_rRNA	2739	U	0
23S_rRNA_2740_+	23S_rRNA	2740	A	0
23S_rRNA_2741_+	23S_rRNA	2741	A	0
23S_rRNA_2742_+	23S_rRNA	2742	G	1
23S_rRNA_2743_+	23S_rRNA	2743	U	1
23S_rRNA_2744_+	23S_rRNA	2744	G	1
23S_rRNA_2745_+	23S_rRNA	2745	C	1
23S_rRNA_2746_+	23S_rRNA	2746	U	1
23S_rRNA_2747_+	23S_rRNA	2747	G	0
23S_rRNA_2748_+	23S_rRNA	2748	A	0
23S_rRNA_2749_+	23S_rRNA	2749	A	0
23S_rRNA_2750_+	23S_rRNA	2750	A	0
23S_rRNA_2751_+	23S_rRNA	2751	G	0
23S_rRNA_2752_+	23S_rRNA	2752	C	0
23S_rRNA_2753_+	23S_rRNA	2753	A	0
23S_rRNA_2754_+	23S_rRNA	2754	U	0
23S_rRNA_2755_+	23S_rRNA	2755	C	0
23S_rRNA_2756_+	23S_rRNA	2756	U	0
23S_rRNA_2757_+	23S_rRNA	2757	A	0
23S_rRNA_2758_+	23S_rRNA	2758	A	1
23S_rRNA_2759_+	23S_rRNA	2759	G	1
23S_rRNA_2760_+	23S_rRNA	2760	C	1
23S_rRNA_2761_+	23S_rRNA	2761	A	1
23S_rRNA_2762_+	23S_rRNA	2762	C	1
23S_rRNA_2763_+	23S_rRNA	2763	G	0
23S_rRNA_2764_+	23S_rRNA	2764	A	0
23S_rRNA_2765_+	23S_rRNA	2765	A	0
23S_rRNA_2766_+	23S_rRNA	2766	A	0
23S_rRNA_2767_+	23S_rRNA	2767	C	1
23S_rRNA_2768_+	23S_rRNA	2768	U	1
23S_rRNA_2769_+	23S_rRNA	2769	U	1
23S_rRNA_2770_+	23S_rRNA	2770	G	0
23S_rRNA_2771_+	23S_rRNA	2771	C	1
23S_rRNA_2772_+	23S_rRNA	2772	C	1
23S_rRNA_2773_+	23S_rRNA	2773	C	1
23S_rRNA_2774_+	23S_rRNA	2774	C	1
23S_rRNA_2775_+	23S_rRNA	2775	G	0
23S_rRNA_2776_+	23S_rRNA	2776	A	0
23S_rRNA_2777_+	23S_rRNA	2777	G	1
23S_rRNA_2778_+	23S_rRNA	2778	A	0
23S_rRNA_2779_+	23S_rRNA	2779	U	0
23S_rRNA_2780_+	23S_rRNA	2780	G	0
23S_rRNA_2781_+	23S_rRNA	2781	A	1
23S_rRNA_2782_+	23S_rRNA	2782	G	1
23S_rRNA_2783_+	23S_rRNA	2783	U	1
23S_rRNA_2784_+	23S_rRNA	2784	U	1
23S_rRNA_2785_+	23S_rRNA	2785	C	1
23S_rRNA_2786_+	23S_rRNA	2786	U	1
23S_rRNA_2787_+	23S_rRNA	2787	C	1
23S_rRNA_2788_+	23S_rRNA	2788	C	1
23S_rRNA_2789_+	23S_rRNA	2789	C	0
23S_rRNA_2790_+	23S_rRNA	2790	U	0
23S_rRNA_2791_+	23S_rRNA	2791	G	1
23S_rRNA_2792_+	23S_rRNA	2792	A	1
23S_rRNA_2793_+	23S_rRNA	2793	C	1
23S_rRNA_2794_+	23S_rRNA	2794	C	1
23S_rRNA_2795_+	23S_rRNA	2795	C	1
23S_rRNA_2796_+	23S_rRNA	2796	U	1
23S_rRNA_2797_+	23S_rRNA	2797	U	0
23S_rRNA_2798_+	23S_rRNA	2798	U	0
23S_rRNA_2799_+	23S_rRNA	2799	A	0
23S_rRNA_2800_+	23S_rRNA	2800	A	1
23S_rRNA_2801_+	23S_rRNA	2801	G	1
23S_rRNA_2802_+	23S_rRNA	2802	G	1
23S_rRNA_2803_+	23S_rRNA	2803	G	1
23S_rRNA_2804_+	23S_rRNA	2804	U	1
23S_rRNA_2805_+	23S_rRNA	2805	C	1
23S_rRNA_2806_+	23S_rRNA	2806	C	0
23S_rRNA_2807_+	23S_rRNA	2807	U	0
23S_rRNA_2808_+	23S_rRNA	2808	G	1
23S_rRNA_2809_+	23S_rRNA	2809	A	0
23S_rRNA_2810_+	23S_rRNA	2810	A	0
23S_rRNA_2811_+	23S_rRNA	2811	G	1
23S_rRNA_2812_+	23S_rRNA	2812	G	1
23S_rRNA_2813_+	23S_rRNA	2813	A	1
23S_rRNA_2814_+	23S_rRNA	2814	A	1
23S_rRNA_2815_+	23S_rRNA	2815	C	1
23S_rRNA_2816_+	23S_rRNA	2816	G	1
23S_rRNA_2817_+	23S_rRNA	2817	U	1
23S_rRNA_2818_+	23S_rRNA	2818	U	1
23S_rRNA_2819_+	23S_rRNA	2819	G	1
23S_rRNA_2820_+	23S_rRNA	2820	A	0
23S_rRNA_2821_+	23S_rRNA	2821	A	0
23S_rRNA_2822_+	23S_rRNA	2822	G	0
23S_rRNA_2823_+	23S_rRNA	2823	A	0
23S_rRNA_2824_+	23S_rRNA	2824	C	0
23S_rRNA_2825_+	23S_rRNA	2825	G	0
23S_rRNA_2826_+	23S_rRNA	2826	A	0
23S_rRNA_2827_+	23S_rRNA	2827	C	1
23S_rRNA_2828_+	23S_rRNA	2828	G	1
23S_rRNA_2829_+	23S_rRNA	2829	A	1
23S_rRNA_2830_+	23S_rRNA	2830	C	1
23S_rRNA_2831_+	23S_rRNA	2831	G	1
23S_rRNA_2832_+	23S_rRNA	2832	U	0
23S_rRNA_2833_+	23S_rRNA	2833	U	0
23S_rRNA_2834_+	23S_rRNA	2834	G	0
23S_rRNA_2835_+	23S_rRNA	2835	A	0
23S_rRNA_2836_+	23S_rRNA	2836	U	1
23S_rRNA_2837_+	23S_rRNA	2837	A	1
23S_rRNA_2838_+	23S_rRNA	2838	G	1
23S_rRNA_2839_+	23S_rRNA	2839	G	1
23S_rRNA_2840_+	23S_rRNA	2840	C	1
23S_rRNA_2841_+	23S_rRNA	2841	C	1
23S_rRNA_2842_+	23S_rRNA	2842	G	1
23S_rRNA_2843_+	23S_rRNA	2843	G	1
23S_rRNA_2844_+	23S_rRNA	2844	G	1
23S_rRNA_2845_+	23S_rRNA	2845	U	1
23S_rRNA_2846_+	23S_rRNA	2846	G	1
23S_rRNA_2847_+	23S_rRNA	2847	U	0
23S_rRNA_2848_+	23S_rRNA	2848	G	0
23S_rRNA_2849_+	23S_rRNA	2849	U	1
23S_rRNA_2850_+	23S_rRNA	2850	A	0
23S_rRNA_2851_+	23S_rRNA	2851	A	0
23S_rRNA_2852_+	23S_rRNA	2852	G	1
23S_rRNA_2853_+	23S_rRNA	2853	C	1
23S_rRNA_2854_+	23S_rRNA	2854	G	1
23S_rRNA_2855_+	23S_rRNA	2855	C	1
23S_rRNA_2856_+	23S_rRNA	2856	A	1
23S_rRNA_2857_+	23S_rRNA	2857	G	0
23S_rRNA_2858_+	23S_rRNA	2858	C	0
23S_rRNA_2859_+	23S_rRNA	2859	G	0
23S_rRNA_2860_+	23S_rRNA	2860	A	0
23S_rRNA_2861_+	23S_rRNA	2861	U	1
23S_rRNA_2862_+	23S_rRNA	2862	G	1
23S_rRNA_2863_+	23S_rRNA	2863	C	1
23S_rRNA_2864_+	23S_rRNA	2864	G	1
23S_rRNA_2865_+	23S_rRNA	2865	U	1
23S_rRNA_2866_+	23S_rRNA	2866	U	1
23S_rRNA_2867_+	23S_rRNA	2867	G	0
23S_rRNA_2868_+	23S_rRNA	2868	A	0
23S_rRNA_2869_+	23S_rRNA	2869	G	0
23S_rRNA_2870_+	23S_rRNA	2870	C	1
23S_rRNA_2871_+	23S_rRNA	2871	U	1
23S_rRNA_2872_+	23S_rRNA	2872	A	1
23S_rRNA_2873_+	23S_rRNA	2873	A	0
23S_rRNA_2874_+	23S_rRNA	2874	C	1
23S_rRNA_2875_+	23S_rRNA	2875	C	1
23S_rRNA_2876_+	23S_rRNA	2876	G	1
23S_rRNA_2877_+	23S_rRNA	2877	G	1
23S_rRNA_2878_+	23S_rRNA	2878	U	1
23S_rRNA_2879_+	23S_rRNA	2879	A	0
23S_rRNA_2880_+	23S_rRNA	2880	C	1
23S_rRNA_2881_+	23S_rRNA	2881	U	1
23S_rRNA_2882_+	23S_rRNA	2882	A	1
23S_rRNA_2883_+	23S_rRNA	2883	A	0
23S_rRNA_2884_+	23S_rRNA	2884	U	0
23S_rRNA_2885_+	23S_rRNA	2885	G	0
23S_rRNA_2886_+	23S_rRNA	2886	A	1
23S_rRNA_2887_+	23S_rRNA	2887	A	1
23S_rRNA_2888_+	23S_rRNA	2888	C	1
23S_rRNA_2889_+	23S_rRNA	2889	C	1
23S_rRNA_2890_+	23S_rRNA	2890	G	0
23S_rRNA_2891_+	23S_rRNA	2891	U	1
23S_rRNA_2892_+	23S_rRNA	2892	G	0
23S_rRNA_2893_+	23S_rRNA	2893	A	0
23S_rRNA_2894_+	23S_rRNA	2894	G	0
23S_rRNA_2895_+	23S_rRNA	2895	G	1
23S_rRNA_2896_+	23S_rRNA	2896	C	1
23S_rRNA_2897_+	23S_rRNA	2897	U	1
23S_rRNA_2898_+	23S_rRNA	2898	U	1
23S_rRNA_2899_+	23S_rRNA	2899	A	1
23S_rRNA_2900_+	23S_rRNA	2900	A	1
23S_rRNA_2901_+	23S_rRNA	2901	C	1
23S_rRNA_2902_+	23S_rRNA	2902	C	1
23S_rRNA_2903_+	23S_rRNA	2903	U	0
23S_rRNA_2904_+	23S_rRNA	2904	U	0
