pos	motif	type	treated_fixed_count	treated_depth	control_fixed_count	control_depth
16S_rRNA_7_+	UGAAG	A	50	51	227	227
16S_rRNA_8_+	GAAGA	A	55	56	232	233
16S_rRNA_9_+	AAGAG	G	65	66	241	242
16S_rRNA_10_+	AGAGU	A	71	71	248	248
16S_rRNA_11_+	GAGUU	G	79	81	261	263
16S_rRNA_12_+	AGUUU	U	79	80	263	263
16S_rRNA_13_+	GUUUG	U	85	85	266	267
16S_rRNA_14_+	UUUGA	U	85	87	276	277
16S_rRNA_15_+	UUGAU	G	89	90	289	289
16S_rRNA_16_+	UGAUC	A	89	93	300	300
16S_rRNA_17_+	GAUCA	U	88	93	302	302
16S_rRNA_18_+	AUCAU	C	95	98	316	318
16S_rRNA_19_+	UCAUG	A	86	100	321	323
16S_rRNA_20_+	CAUGG	U	94	96	331	331
16S_rRNA_21_+	AUGGC	G	112	112	345	346
16S_rRNA_22_+	UGGCU	G	115	117	354	355
16S_rRNA_23_+	GGCUC	C	117	117	360	362
16S_rRNA_24_+	GCUCA	U	116	116	359	361
16S_rRNA_25_+	CUCAG	C	121	122	378	379
16S_rRNA_26_+	UCAGA	A	124	124	382	384
16S_rRNA_27_+	CAGAU	G	125	127	396	397
16S_rRNA_28_+	AGAUU	A	130	131	404	405
16S_rRNA_29_+	GAUUG	U	133	133	405	407
16S_rRNA_30_+	AUUGA	U	129	133	411	414
16S_rRNA_31_+	UUGAA	G	112	133	418	420
16S_rRNA_32_+	UGAAC	A	133	134	417	420
16S_rRNA_33_+	GAACG	A	134	135	419	421
16S_rRNA_34_+	AACGC	C	136	137	422	424
16S_rRNA_35_+	ACGCU	G	137	139	420	425
16S_rRNA_36_+	CGCUG	C	134	139	420	423
16S_rRNA_37_+	GCUGG	U	126	137	419	421
16S_rRNA_38_+	CUGGC	G	135	139	425	427
16S_rRNA_39_+	UGGCG	G	142	143	419	424
16S_rRNA_40_+	GGCGG	C	145	146	421	424
16S_rRNA_41_+	GCGGC	G	145	146	426	427
16S_rRNA_42_+	CGGCA	G	148	148	420	423
16S_rRNA_43_+	GGCAG	C	146	146	418	419
16S_rRNA_44_+	GCAGG	A	144	145	411	413
16S_rRNA_45_+	CAGGC	G	146	147	416	417
16S_rRNA_46_+	AGGCC	G	148	148	419	419
16S_rRNA_47_+	GGCCU	C	144	147	421	422
16S_rRNA_48_+	GCCUA	C	139	145	421	422
16S_rRNA_49_+	CCUAA	U	131	136	421	421
16S_rRNA_50_+	CUAAC	A	124	136	424	425
16S_rRNA_51_+	UAACA	A	143	145	422	425
16S_rRNA_52_+	AACAC	C	145	148	430	432
16S_rRNA_53_+	ACACA	A	147	148	428	429
16S_rRNA_54_+	CACAU	C	150	152	432	434
16S_rRNA_55_+	ACAUG	A	141	151	423	428
16S_rRNA_56_+	CAUGC	U	148	150	426	429
16S_rRNA_57_+	AUGCA	G	148	148	431	433
16S_rRNA_58_+	UGCAA	C	148	153	430	435
16S_rRNA_59_+	GCAAG	A	148	148	426	430
16S_rRNA_60_+	CAAGU	A	151	151	423	424
16S_rRNA_61_+	AAGUC	G	151	152	424	426
16S_rRNA_62_+	AGUCG	U	151	152	420	424
16S_rRNA_63_+	GUCGA	C	153	154	427	434
16S_rRNA_64_+	UCGAA	G	152	152	430	432
16S_rRNA_65_+	CGAAC	A	151	151	424	424
16S_rRNA_66_+	GAACG	A	153	153	420	423
16S_rRNA_67_+	AACGG	C	124	152	351	426
16S_rRNA_68_+	ACGGU	G	152	153	427	429
16S_rRNA_69_+	CGGUA	G	153	153	434	435
16S_rRNA_70_+	GGUAA	U	152	153	429	432
16S_rRNA_71_+	GUAAC	A	153	154	432	434
16S_rRNA_72_+	UAACA	A	154	154	433	433
16S_rRNA_73_+	AACAG	C	154	154	437	439
16S_rRNA_74_+	ACAGG	A	149	150	430	430
16S_rRNA_75_+	CAGGA	G	150	151	436	437
16S_rRNA_76_+	AGGAA	G	151	151	439	439
16S_rRNA_77_+	GGAAG	A	147	148	433	434
16S_rRNA_78_+	GAAGA	A	145	147	432	433
16S_rRNA_79_+	AAGAA	G	105	141	316	426
16S_rRNA_80_+	AGAAG	A	94	143	281	426
16S_rRNA_81_+	GAAGC	A	131	147	437	437
16S_rRNA_82_+	AAGCU	G	127	135	444	445
16S_rRNA_83_+	AGCUU	C	117	129	445	447
16S_rRNA_84_+	GCUUG	U	109	121	444	444
16S_rRNA_85_+	CUUGC	U	107	132	442	444
16S_rRNA_86_+	UUGCU	G	141	146	446	448
16S_rRNA_87_+	UGCUU	C	138	144	441	443
16S_rRNA_88_+	GCUUC	U	142	143	435	436
16S_rRNA_89_+	CUUCU	U	94	139	288	417
16S_rRNA_90_+	UUCUU	C	98	139	320	421
16S_rRNA_91_+	UCUUU	U	133	133	416	416
16S_rRNA_92_+	CUUUG	U	134	135	417	417
16S_rRNA_93_+	UUUGC	U	88	133	277	411
16S_rRNA_94_+	UUGCU	G	151	151	434	434
16S_rRNA_95_+	UGCUG	C	152	152	433	434
16S_rRNA_96_+	GCUGA	U	148	152	433	435
16S_rRNA_97_+	CUGAC	G	147	150	446	447
16S_rRNA_98_+	UGACG	A	152	152	446	446
16S_rRNA_99_+	GACGA	C	153	153	446	450
16S_rRNA_100_+	ACGAG	G	151	151	446	447
16S_rRNA_101_+	CGAGU	A	148	148	438	440
16S_rRNA_102_+	GAGUG	G	151	151	446	447
16S_rRNA_103_+	AGUGG	U	151	151	441	446
16S_rRNA_104_+	GUGGC	G	151	151	441	446
16S_rRNA_105_+	UGGCG	G	151	152	443	446
16S_rRNA_106_+	GGCGG	C	150	151	445	448
16S_rRNA_107_+	GCGGA	G	148	148	448	448
16S_rRNA_108_+	CGGAC	G	148	149	445	447
16S_rRNA_109_+	GGACG	A	147	147	438	440
16S_rRNA_110_+	GACGG	C	144	148	438	440
16S_rRNA_111_+	ACGGG	G	147	148	440	440
16S_rRNA_112_+	CGGGU	G	146	150	439	440
16S_rRNA_113_+	GGGUG	G	147	150	441	442
16S_rRNA_114_+	GGUGA	U	143	146	428	431
16S_rRNA_115_+	GUGAG	G	146	146	431	432
16S_rRNA_116_+	UGAGU	A	143	146	428	430
16S_rRNA_117_+	GAGUA	G	147	147	432	435
16S_rRNA_118_+	AGUAA	U	145	149	430	432
16S_rRNA_119_+	GUAAU	A	131	146	429	431
16S_rRNA_120_+	UAAUG	A	116	136	431	434
16S_rRNA_121_+	AAUGU	U	91	119	434	436
16S_rRNA_122_+	AUGUC	G	145	146	439	440
16S_rRNA_123_+	UGUCU	U	149	149	427	433
16S_rRNA_124_+	GUCUG	C	149	149	431	432
16S_rRNA_125_+	UCUGG	U	146	149	428	433
16S_rRNA_126_+	CUGGG	G	148	148	433	436
16S_rRNA_127_+	UGGGA	G	145	146	439	439
16S_rRNA_128_+	GGGAA	G	109	149	431	438
16S_rRNA_129_+	GGAAA	A	105	109	424	426
16S_rRNA_130_+	GAAAC	A	113	117	425	426
16S_rRNA_131_+	AAACU	A	130	145	382	420
16S_rRNA_132_+	AACUG	C	142	143	424	425
16S_rRNA_133_+	ACUGC	U	140	142	418	419
16S_rRNA_134_+	CUGCC	G	143	147	425	427
16S_rRNA_135_+	UGCCU	C	146	146	426	427
16S_rRNA_136_+	GCCUG	C	143	147	422	423
16S_rRNA_137_+	CCUGA	U	145	147	414	416
16S_rRNA_138_+	CUGAU	G	150	150	420	422
16S_rRNA_139_+	UGAUG	A	150	150	412	420
16S_rRNA_140_+	GAUGG	U	150	150	415	421
16S_rRNA_141_+	AUGGA	G	147	148	413	418
16S_rRNA_142_+	UGGAG	G	147	148	413	420
16S_rRNA_143_+	GGAGG	A	147	147	406	413
16S_rRNA_144_+	GAGGG	G	148	148	410	414
16S_rRNA_145_+	AGGGG	G	147	150	405	419
16S_rRNA_146_+	GGGGG	G	149	149	414	416
16S_rRNA_147_+	GGGGA	G	149	149	409	414
16S_rRNA_148_+	GGGAU	G	148	148	408	414
16S_rRNA_149_+	GGAUA	A	145	145	393	396
16S_rRNA_150_+	GAUAA	U	140	141	383	385
16S_rRNA_151_+	AUAAC	A	139	140	385	386
16S_rRNA_152_+	UAACU	A	139	140	395	395
16S_rRNA_153_+	AACUA	C	141	141	393	394
16S_rRNA_154_+	ACUAC	U	137	139	388	390
16S_rRNA_155_+	CUACU	A	147	147	387	389
16S_rRNA_156_+	UACUG	C	146	146	395	397
16S_rRNA_157_+	ACUGG	U	143	145	393	396
16S_rRNA_158_+	CUGGA	G	146	146	401	401
16S_rRNA_159_+	UGGAA	G	142	145	406	407
16S_rRNA_160_+	GGAAA	A	140	142	405	406
16S_rRNA_161_+	GAAAC	A	143	143	407	409
16S_rRNA_162_+	AAACG	A	146	146	412	412
16S_rRNA_163_+	AACGG	C	147	148	414	415
16S_rRNA_164_+	ACGGU	G	151	151	414	415
16S_rRNA_165_+	CGGUA	G	152	152	416	417
16S_rRNA_166_+	GGUAG	U	148	150	413	413
16S_rRNA_167_+	GUAGC	A	148	150	412	414
16S_rRNA_168_+	UAGCU	G	151	152	420	420
16S_rRNA_169_+	AGCUA	C	152	153	418	419
16S_rRNA_170_+	GCUAA	U	151	153	414	415
16S_rRNA_171_+	CUAAU	A	152	152	419	420
16S_rRNA_172_+	UAAUA	A	155	155	425	425
16S_rRNA_173_+	AAUAC	U	154	154	426	426
16S_rRNA_174_+	AUACC	A	152	152	424	426
16S_rRNA_175_+	UACCG	C	134	153	429	430
16S_rRNA_176_+	ACCGC	C	127	135	430	431
16S_rRNA_177_+	CCGCA	G	76	119	430	430
16S_rRNA_178_+	CGCAU	C	148	149	428	428
16S_rRNA_179_+	GCAUA	A	150	150	423	424
16S_rRNA_180_+	CAUAA	U	150	150	425	426
16S_rRNA_181_+	AUAAC	A	151	151	426	426
16S_rRNA_182_+	UAACG	A	142	151	431	431
16S_rRNA_183_+	AACGU	C	114	143	367	436
16S_rRNA_184_+	ACGUC	G	151	151	440	440
16S_rRNA_185_+	CGUCG	U	148	149	428	431
16S_rRNA_186_+	GUCGC	C	152	153	436	436
16S_rRNA_187_+	UCGCA	G	146	152	438	439
16S_rRNA_188_+	CGCAA	C	143	150	441	442
16S_rRNA_189_+	GCAAG	A	143	149	435	435
16S_rRNA_190_+	CAAGA	A	148	153	435	436
16S_rRNA_191_+	AAGAC	G	153	153	437	437
16S_rRNA_192_+	AGACC	A	153	153	440	441
16S_rRNA_193_+	GACCA	C	154	154	442	444
16S_rRNA_194_+	ACCAA	C	152	154	439	443
16S_rRNA_195_+	CCAAA	A	147	149	434	436
16S_rRNA_196_+	CAAAG	A	148	148	431	434
16S_rRNA_197_+	AAAGA	A	148	148	434	437
16S_rRNA_198_+	AAGAG	G	127	143	374	435
16S_rRNA_199_+	AGAGG	A	147	148	435	437
16S_rRNA_200_+	GAGGG	G	148	151	437	438
16S_rRNA_201_+	AGGGG	G	150	152	436	440
16S_rRNA_202_+	GGGGG	G	146	148	432	435
16S_rRNA_203_+	GGGGA	G	144	146	428	429
16S_rRNA_204_+	GGGAC	G	141	143	419	419
16S_rRNA_205_+	GGACC	A	131	137	408	412
16S_rRNA_206_+	GACCU	C	130	130	409	411
16S_rRNA_207_+	ACCUU	C	127	129	405	409
16S_rRNA_208_+	CCUUC	U	109	125	354	403
16S_rRNA_209_+	CUUCG	U	116	126	410	413
16S_rRNA_210_+	UUCGG	C	122	132	415	417
16S_rRNA_211_+	UCGGG	G	132	139	418	419
16S_rRNA_212_+	CGGGC	G	139	140	417	418
16S_rRNA_213_+	GGGCC	G	142	144	421	423
16S_rRNA_214_+	GGCCU	C	145	146	419	421
16S_rRNA_215_+	GCCUC	C	146	146	419	419
16S_rRNA_216_+	CCUCU	U	142	142	412	414
16S_rRNA_217_+	CUCUU	C	145	146	415	419
16S_rRNA_218_+	UCUUG	U	147	147	419	420
16S_rRNA_219_+	CUUGC	U	148	148	424	424
16S_rRNA_220_+	UUGCC	G	146	148	426	427
16S_rRNA_221_+	UGCCA	C	148	148	426	427
16S_rRNA_222_+	GCCAU	C	146	148	427	429
16S_rRNA_223_+	CCAUC	A	148	148	425	428
16S_rRNA_224_+	CAUCG	U	147	147	429	430
16S_rRNA_225_+	AUCGG	C	144	145	433	436
16S_rRNA_226_+	UCGGA	G	113	145	372	435
16S_rRNA_227_+	CGGAU	G	147	148	432	436
16S_rRNA_228_+	GGAUG	A	147	148	427	431
16S_rRNA_229_+	GAUGU	U	146	146	428	429
16S_rRNA_230_+	AUGUG	G	145	146	431	434
16S_rRNA_231_+	UGUGC	U	142	146	428	431
16S_rRNA_232_+	GUGCC	G	144	148	435	437
16S_rRNA_233_+	UGCCC	C	149	149	436	437
16S_rRNA_234_+	GCCCA	C	150	151	436	437
16S_rRNA_235_+	CCCAG	C	148	148	435	436
16S_rRNA_236_+	CCAGA	A	146	146	428	429
16S_rRNA_237_+	CAGAU	G	147	147	432	433
16S_rRNA_238_+	AGAUG	A	147	148	435	436
16S_rRNA_239_+	GAUGG	U	148	148	433	435
16S_rRNA_240_+	AUGGG	G	148	149	442	442
16S_rRNA_241_+	UGGGA	G	148	148	443	444
16S_rRNA_242_+	GGGAU	G	146	149	444	444
16S_rRNA_243_+	GGAUU	A	143	145	438	440
16S_rRNA_244_+	GAUUA	U	143	143	439	440
16S_rRNA_245_+	AUUAG	U	142	143	436	438
16S_rRNA_246_+	UUAGC	A	137	139	436	438
16S_rRNA_247_+	UAGCU	G	144	144	438	439
16S_rRNA_248_+	AGCUA	C	127	144	439	440
16S_rRNA_249_+	GCUAG	U	113	124	429	431
16S_rRNA_250_+	CUAGU	A	88	107	315	401
16S_rRNA_251_+	UAGUA	G	106	110	402	407
16S_rRNA_252_+	AGUAG	U	121	126	390	403
16S_rRNA_253_+	GUAGG	A	113	128	321	399
16S_rRNA_254_+	UAGGU	G	134	136	409	411
16S_rRNA_255_+	AGGUG	G	139	139	419	421
16S_rRNA_256_+	GGUGG	U	133	136	401	405
16S_rRNA_257_+	GUGGG	G	134	135	406	408
16S_rRNA_258_+	UGGGG	G	135	136	406	408
16S_rRNA_259_+	GGGGU	G	139	139	408	409
16S_rRNA_260_+	GGGUA	G	136	136	399	400
16S_rRNA_261_+	GGUAA	U	132	132	380	382
16S_rRNA_262_+	GUAAC	A	131	132	375	378
16S_rRNA_263_+	UAACG	A	134	134	381	381
16S_rRNA_264_+	AACGG	C	132	135	385	387
16S_rRNA_265_+	ACGGC	G	132	133	388	388
16S_rRNA_266_+	CGGCU	G	131	135	388	388
16S_rRNA_267_+	GGCUC	C	132	132	385	385
16S_rRNA_268_+	GCUCA	U	131	131	378	381
16S_rRNA_269_+	CUCAC	C	132	133	386	387
16S_rRNA_270_+	UCACC	A	131	131	388	388
16S_rRNA_271_+	CACCU	C	132	134	390	391
16S_rRNA_272_+	ACCUA	C	137	137	391	393
16S_rRNA_273_+	CCUAG	U	115	134	312	389
16S_rRNA_274_+	CUAGG	A	137	137	398	398
16S_rRNA_275_+	UAGGC	G	139	140	406	406
16S_rRNA_276_+	AGGCG	G	139	142	405	409
16S_rRNA_277_+	GGCGA	C	137	138	412	412
16S_rRNA_278_+	GCGAC	G	136	140	411	411
16S_rRNA_279_+	CGACG	A	112	137	406	409
16S_rRNA_280_+	GACGA	C	121	125	413	413
16S_rRNA_281_+	ACGAU	G	140	142	412	414
16S_rRNA_282_+	CGAUC	A	141	144	415	416
16S_rRNA_283_+	GAUCC	U	143	144	418	420
16S_rRNA_284_+	AUCCC	C	147	148	421	422
16S_rRNA_285_+	UCCCU	C	147	148	422	426
16S_rRNA_286_+	CCCUA	C	147	147	423	423
16S_rRNA_287_+	CCUAG	U	145	145	416	417
16S_rRNA_288_+	CUAGC	A	146	148	419	419
16S_rRNA_289_+	UAGCU	G	150	150	424	425
16S_rRNA_290_+	AGCUG	C	150	151	426	426
16S_rRNA_291_+	GCUGG	U	148	149	419	421
16S_rRNA_292_+	CUGGU	G	148	148	426	427
16S_rRNA_293_+	UGGUC	G	142	150	427	428
16S_rRNA_294_+	GGUCU	U	143	144	424	427
16S_rRNA_295_+	GUCUG	C	142	144	425	427
16S_rRNA_296_+	UCUGA	U	121	145	425	425
16S_rRNA_297_+	CUGAG	G	115	131	427	430
16S_rRNA_298_+	UGAGA	A	111	129	424	425
16S_rRNA_299_+	GAGAG	G	129	135	434	435
16S_rRNA_300_+	AGAGG	A	110	134	436	438
16S_rRNA_301_+	GAGGA	G	113	121	445	445
16S_rRNA_302_+	AGGAU	G	138	141	447	448
16S_rRNA_303_+	GGAUG	A	131	144	435	436
16S_rRNA_304_+	GAUGA	U	123	132	430	434
16S_rRNA_305_+	AUGAC	G	146	147	438	438
16S_rRNA_306_+	UGACC	A	149	151	432	434
16S_rRNA_307_+	GACCA	C	152	152	433	435
16S_rRNA_308_+	ACCAG	C	151	151	431	434
16S_rRNA_309_+	CCAGC	A	153	153	429	429
16S_rRNA_310_+	CAGCC	G	154	154	433	434
16S_rRNA_311_+	AGCCA	C	154	154	437	437
16S_rRNA_312_+	GCCAC	C	154	155	437	439
16S_rRNA_313_+	CCACA	A	149	149	434	435
16S_rRNA_314_+	CACAC	C	151	151	431	437
16S_rRNA_315_+	ACACU	A	151	151	433	433
16S_rRNA_316_+	CACUG	C	150	151	437	438
16S_rRNA_317_+	ACUGG	U	147	148	430	432
16S_rRNA_318_+	CUGGA	G	148	149	437	439
16S_rRNA_319_+	UGGAA	G	145	147	436	438
16S_rRNA_320_+	GGAAC	A	144	146	436	437
16S_rRNA_321_+	GAACU	A	148	148	433	434
16S_rRNA_322_+	AACUG	C	146	148	433	435
16S_rRNA_323_+	ACUGA	U	139	143	427	430
16S_rRNA_324_+	CUGAG	G	141	143	435	436
16S_rRNA_325_+	UGAGA	A	142	143	422	427
16S_rRNA_326_+	GAGAC	G	145	147	427	431
16S_rRNA_327_+	AGACA	A	146	147	424	427
16S_rRNA_328_+	GACAC	C	143	148	429	434
16S_rRNA_329_+	ACACG	A	142	148	427	428
16S_rRNA_330_+	CACGG	C	144	146	428	431
16S_rRNA_331_+	ACGGU	G	138	147	430	433
16S_rRNA_332_+	CGGUC	G	149	149	432	434
16S_rRNA_333_+	GGUCC	U	144	148	415	420
16S_rRNA_334_+	GUCCA	C	148	148	423	424
16S_rRNA_335_+	UCCAG	C	145	147	427	428
16S_rRNA_336_+	CCAGA	A	146	146	421	424
16S_rRNA_337_+	CAGAC	G	147	147	428	428
16S_rRNA_338_+	AGACU	A	147	149	426	429
16S_rRNA_339_+	GACUC	C	148	149	427	430
16S_rRNA_340_+	ACUCC	U	142	143	426	427
16S_rRNA_341_+	CUCCU	C	146	146	430	431
16S_rRNA_342_+	UCCUA	C	142	145	429	429
16S_rRNA_343_+	CCUAC	U	136	139	423	425
16S_rRNA_344_+	CUACG	A	117	135	424	426
16S_rRNA_345_+	UACGG	C	112	126	425	428
16S_rRNA_346_+	ACGGG	G	134	142	427	428
16S_rRNA_347_+	CGGGA	G	143	143	427	428
16S_rRNA_348_+	GGGAG	G	145	145	428	428
16S_rRNA_349_+	GGAGG	A	141	144	423	423
16S_rRNA_350_+	GAGGC	G	145	146	424	428
16S_rRNA_351_+	AGGCA	G	145	146	428	432
16S_rRNA_352_+	GGCAG	C	144	148	430	431
16S_rRNA_353_+	GCAGC	A	141	145	427	428
16S_rRNA_354_+	CAGCA	G	145	145	429	433
16S_rRNA_355_+	AGCAG	C	147	148	434	436
16S_rRNA_356_+	GCAGU	A	147	147	431	431
16S_rRNA_357_+	CAGUG	G	147	148	434	435
16S_rRNA_358_+	AGUGG	U	142	145	418	429
16S_rRNA_359_+	GUGGG	G	141	142	422	424
16S_rRNA_360_+	UGGGG	G	144	147	434	434
16S_rRNA_361_+	GGGGA	G	147	148	433	434
16S_rRNA_362_+	GGGAA	G	140	147	427	433
16S_rRNA_363_+	GGAAU	A	134	138	413	417
16S_rRNA_364_+	GAAUA	A	137	140	421	422
16S_rRNA_365_+	AAUAU	U	133	138	421	421
16S_rRNA_366_+	AUAUU	A	141	143	425	425
16S_rRNA_367_+	UAUUG	U	143	143	424	425
16S_rRNA_368_+	AUUGC	U	139	144	425	426
16S_rRNA_369_+	UUGCA	G	147	148	426	428
16S_rRNA_370_+	UGCAC	C	149	150	427	429
16S_rRNA_371_+	GCACA	A	148	148	423	427
16S_rRNA_372_+	CACAA	C	147	148	431	433
16S_rRNA_373_+	ACAAU	A	145	145	426	428
16S_rRNA_374_+	CAAUG	A	148	148	433	433
16S_rRNA_375_+	AAUGG	U	147	148	430	431
16S_rRNA_376_+	AUGGG	G	148	148	436	436
16S_rRNA_377_+	UGGGC	G	149	149	437	438
16S_rRNA_378_+	GGGCG	G	146	147	437	438
16S_rRNA_379_+	GGCGC	C	145	146	435	435
16S_rRNA_380_+	GCGCA	G	145	146	428	430
16S_rRNA_381_+	CGCAA	C	143	146	429	430
16S_rRNA_382_+	GCAAG	A	140	141	420	422
16S_rRNA_383_+	CAAGC	A	146	146	422	423
16S_rRNA_384_+	AAGCC	G	147	147	430	431
16S_rRNA_385_+	AGCCU	C	148	148	434	435
16S_rRNA_386_+	GCCUG	C	148	148	432	434
16S_rRNA_387_+	CCUGA	U	147	148	428	429
16S_rRNA_388_+	CUGAU	G	150	150	437	437
16S_rRNA_389_+	UGAUG	A	146	149	434	434
16S_rRNA_390_+	GAUGC	U	144	146	430	435
16S_rRNA_391_+	AUGCA	G	148	148	432	436
16S_rRNA_392_+	UGCAG	C	149	149	434	435
16S_rRNA_393_+	GCAGC	A	150	150	429	433
16S_rRNA_394_+	CAGCC	G	152	152	434	435
16S_rRNA_395_+	AGCCA	C	152	152	436	438
16S_rRNA_396_+	GCCAU	C	148	149	433	439
16S_rRNA_397_+	CCAUG	A	130	148	432	434
16S_rRNA_398_+	CAUGC	U	148	149	435	436
16S_rRNA_399_+	AUGCC	G	150	150	436	438
16S_rRNA_400_+	UGCCG	C	150	150	433	437
16S_rRNA_401_+	GCCGC	C	149	150	437	440
16S_rRNA_402_+	CCGCG	G	150	151	434	440
16S_rRNA_403_+	CGCGU	C	147	150	433	439
16S_rRNA_404_+	GCGUG	G	144	146	434	436
16S_rRNA_405_+	CGUGU	U	136	141	430	433
16S_rRNA_406_+	GUGUA	G	144	147	434	437
16S_rRNA_407_+	UGUAU	U	142	143	436	437
16S_rRNA_408_+	GUAUG	A	142	143	436	437
16S_rRNA_409_+	UAUGA	U	141	145	434	437
16S_rRNA_410_+	AUGAA	G	139	140	433	438
16S_rRNA_411_+	UGAAG	A	135	139	433	435
16S_rRNA_412_+	GAAGA	A	121	139	434	437
16S_rRNA_413_+	AAGAA	G	137	141	435	438
16S_rRNA_414_+	AGAAG	A	142	144	439	441
16S_rRNA_415_+	GAAGG	A	141	144	439	441
16S_rRNA_416_+	AAGGC	G	137	146	443	443
16S_rRNA_417_+	AGGCC	G	139	144	443	445
16S_rRNA_418_+	GGCCU	C	141	141	438	442
16S_rRNA_419_+	GCCUU	C	140	140	436	437
16S_rRNA_420_+	CCUUC	U	136	139	425	427
16S_rRNA_421_+	CUUCG	U	131	139	423	424
16S_rRNA_422_+	UUCGG	C	118	134	421	426
16S_rRNA_423_+	UCGGG	G	133	138	425	426
16S_rRNA_424_+	CGGGU	G	138	140	424	426
16S_rRNA_425_+	GGGUU	G	137	142	423	425
16S_rRNA_426_+	GGUUG	U	138	141	417	420
16S_rRNA_427_+	GUUGU	U	135	139	417	418
16S_rRNA_428_+	UUGUA	G	136	141	424	425
16S_rRNA_429_+	UGUAA	U	136	143	419	420
16S_rRNA_430_+	GUAAA	A	144	144	418	420
16S_rRNA_431_+	UAAAG	A	142	143	421	422
16S_rRNA_432_+	AAAGU	A	143	144	423	425
16S_rRNA_433_+	AAGUA	G	147	147	428	428
16S_rRNA_434_+	AGUAC	U	146	146	424	424
16S_rRNA_435_+	GUACU	A	148	149	424	424
16S_rRNA_436_+	UACUU	C	140	148	424	427
16S_rRNA_437_+	ACUUU	U	138	139	420	420
16S_rRNA_438_+	CUUUC	U	138	140	421	422
16S_rRNA_439_+	UUUCA	U	143	146	420	422
16S_rRNA_440_+	UUCAG	C	145	146	424	427
16S_rRNA_441_+	UCAGC	A	147	147	412	416
16S_rRNA_442_+	CAGCG	G	148	148	413	422
16S_rRNA_443_+	AGCGG	C	148	149	412	422
16S_rRNA_444_+	GCGGG	G	147	148	416	420
16S_rRNA_445_+	CGGGG	G	146	148	418	423
16S_rRNA_446_+	GGGGA	G	146	147	415	421
16S_rRNA_447_+	GGGAG	G	138	146	414	418
16S_rRNA_448_+	GGAGG	A	133	136	401	405
16S_rRNA_449_+	GAGGA	G	142	143	412	414
16S_rRNA_450_+	AGGAA	G	143	145	413	416
16S_rRNA_451_+	GGAAG	A	143	143	406	409
16S_rRNA_452_+	GAAGG	A	140	147	406	409
16S_rRNA_453_+	AAGGG	G	146	148	409	414
16S_rRNA_454_+	AGGGA	G	150	150	415	417
16S_rRNA_455_+	GGGAG	G	149	149	410	415
16S_rRNA_456_+	GGAGU	A	148	148	400	402
16S_rRNA_457_+	GAGUA	G	149	149	408	409
16S_rRNA_458_+	AGUAA	U	147	148	399	405
16S_rRNA_459_+	GUAAA	A	144	144	400	400
16S_rRNA_460_+	UAAAG	A	145	147	403	405
16S_rRNA_461_+	AAAGU	A	149	149	406	409
16S_rRNA_462_+	AAGUU	G	151	151	417	417
16S_rRNA_463_+	AGUUA	U	149	151	416	416
16S_rRNA_464_+	GUUAA	U	149	150	413	414
16S_rRNA_465_+	UUAAU	A	115	148	415	416
16S_rRNA_466_+	UAAUA	A	116	118	416	417
16S_rRNA_467_+	AAUAC	U	107	115	416	418
16S_rRNA_468_+	AUACC	A	153	153	422	423
16S_rRNA_469_+	UACCU	C	155	155	431	431
16S_rRNA_470_+	ACCUU	C	151	154	426	431
16S_rRNA_471_+	CCUUU	U	151	152	424	424
16S_rRNA_472_+	CUUUG	U	150	150	431	431
16S_rRNA_473_+	UUUGC	U	151	151	429	429
16S_rRNA_474_+	UUGCU	G	153	154	428	429
16S_rRNA_475_+	UGCUC	C	152	153	426	426
16S_rRNA_476_+	GCUCA	U	147	150	419	420
16S_rRNA_477_+	CUCAU	C	151	152	428	429
16S_rRNA_478_+	UCAUU	A	137	151	428	429
16S_rRNA_479_+	CAUUG	U	151	151	431	431
16S_rRNA_480_+	AUUGA	U	147	147	430	430
16S_rRNA_481_+	UUGAC	G	149	149	432	433
16S_rRNA_482_+	UGACG	A	152	152	430	432
16S_rRNA_483_+	GACGU	C	145	154	435	437
16S_rRNA_484_+	ACGUU	G	141	144	434	435
16S_rRNA_485_+	CGUUA	U	140	151	425	427
16S_rRNA_486_+	GUUAC	U	149	150	429	430
16S_rRNA_487_+	UUACC	A	148	148	432	432
16S_rRNA_488_+	UACCC	C	151	151	435	436
16S_rRNA_489_+	ACCCG	C	151	151	436	438
16S_rRNA_490_+	CCCGC	C	151	152	434	436
16S_rRNA_491_+	CCGCA	G	151	152	435	436
16S_rRNA_492_+	CGCAG	C	150	152	432	432
16S_rRNA_493_+	GCAGA	A	144	150	427	428
16S_rRNA_494_+	CAGAA	G	151	152	433	433
16S_rRNA_495_+	AGAAG	A	148	152	431	434
16S_rRNA_496_+	GAAGA	A	149	151	430	431
16S_rRNA_497_+	AAGAA	G	143	152	436	437
16S_rRNA_498_+	AGAAG	A	150	153	432	438
16S_rRNA_499_+	GAAGC	A	151	153	435	437
16S_rRNA_500_+	AAGCA	G	151	154	438	441
16S_rRNA_501_+	AGCAC	C	153	153	442	442
16S_rRNA_502_+	GCACC	A	153	154	438	440
16S_rRNA_503_+	CACCG	C	147	153	442	442
16S_rRNA_504_+	ACCGG	C	139	147	437	438
16S_rRNA_505_+	CCGGC	G	128	137	439	440
16S_rRNA_506_+	CGGCU	G	124	136	438	441
16S_rRNA_507_+	GGCUA	C	132	141	428	429
16S_rRNA_508_+	GCUAA	U	129	141	427	430
16S_rRNA_509_+	CUAAC	A	133	134	433	433
16S_rRNA_510_+	UAACU	A	141	141	437	439
16S_rRNA_511_+	AACUC	C	150	151	439	440
16S_rRNA_512_+	ACUCC	U	148	150	435	437
16S_rRNA_513_+	CUCCG	C	152	152	441	442
16S_rRNA_514_+	UCCGU	C	150	154	439	442
16S_rRNA_515_+	CCGUG	G	148	150	443	443
16S_rRNA_516_+	CGUGC	U	142	150	440	440
16S_rRNA_517_+	GUGCC	G	138	146	437	439
16S_rRNA_518_+	UGCCA	C	139	144	436	438
16S_rRNA_519_+	GCCAG	C	139	148	439	439
16S_rRNA_520_+	CCAGC	A	144	148	429	432
16S_rRNA_521_+	CAGCA	G	144	147	433	436
16S_rRNA_522_+	AGCAG	C	152	153	436	439
16S_rRNA_523_+	GCAGC	A	149	152	434	435
16S_rRNA_524_+	CAGCC	G	151	153	435	439
16S_rRNA_525_+	AGCCG	C	152	153	435	439
16S_rRNA_526_+	GCCGC	C	145	150	422	436
16S_rRNA_527_+	CCGCG	G	148	150	417	425
16S_rRNA_528_+	CGCGG	C	133	148	433	437
16S_rRNA_529_+	GCGGU	G	133	136	431	433
16S_rRNA_530_+	CGGUA	G	136	148	435	439
16S_rRNA_531_+	GGUAA	U	133	150	430	433
16S_rRNA_532_+	GUAAU	A	147	148	434	436
16S_rRNA_533_+	UAAUA	A	153	153	440	440
16S_rRNA_534_+	AAUAC	U	152	152	442	443
16S_rRNA_535_+	AUACG	A	150	151	441	443
16S_rRNA_536_+	UACGG	C	150	151	445	447
16S_rRNA_537_+	ACGGA	G	151	151	448	448
16S_rRNA_538_+	CGGAG	G	153	153	447	449
16S_rRNA_539_+	GGAGG	A	146	150	442	446
16S_rRNA_540_+	GAGGG	G	147	147	442	447
16S_rRNA_541_+	AGGGU	G	152	152	449	450
16S_rRNA_542_+	GGGUG	G	151	151	446	448
16S_rRNA_543_+	GGUGC	U	147	149	442	446
16S_rRNA_544_+	GUGCA	G	150	151	449	449
16S_rRNA_545_+	UGCAA	C	148	149	449	452
16S_rRNA_546_+	GCAAG	A	146	148	446	446
16S_rRNA_547_+	CAAGC	A	149	149	446	448
16S_rRNA_548_+	AAGCG	G	151	151	450	450
16S_rRNA_549_+	AGCGU	C	155	155	448	451
16S_rRNA_550_+	GCGUU	G	151	153	451	452
16S_rRNA_551_+	CGUUA	U	146	151	442	445
16S_rRNA_552_+	GUUAA	U	142	146	445	448
16S_rRNA_553_+	UUAAU	A	144	145	443	445
16S_rRNA_554_+	UAAUC	A	148	150	445	448
16S_rRNA_555_+	AAUCG	U	147	151	447	448
16S_rRNA_556_+	AUCGG	C	143	147	450	451
16S_rRNA_557_+	UCGGA	G	139	145	450	450
16S_rRNA_558_+	CGGAA	G	142	147	446	447
16S_rRNA_559_+	GGAAU	A	136	144	445	445
16S_rRNA_560_+	GAAUU	A	128	139	447	447
16S_rRNA_561_+	AAUUA	U	123	131	443	447
16S_rRNA_562_+	AUUAC	U	126	130	440	443
16S_rRNA_563_+	UUACU	A	134	143	441	442
16S_rRNA_564_+	UACUG	C	145	146	439	441
16S_rRNA_565_+	ACUGG	U	141	145	428	437
16S_rRNA_566_+	CUGGG	G	144	147	436	439
16S_rRNA_567_+	UGGGC	G	142	146	439	441
16S_rRNA_568_+	GGGCG	G	140	142	436	440
16S_rRNA_569_+	GGCGU	C	140	142	425	428
16S_rRNA_570_+	GCGUA	G	141	141	424	427
16S_rRNA_571_+	CGUAA	U	111	140	415	417
16S_rRNA_572_+	GUAAA	A	114	116	413	416
16S_rRNA_573_+	UAAAG	A	123	125	420	421
16S_rRNA_574_+	AAAGC	A	134	140	419	420
16S_rRNA_575_+	AAGCG	G	134	144	422	423
16S_rRNA_576_+	AGCGC	C	148	152	426	426
16S_rRNA_577_+	GCGCA	G	155	155	423	425
16S_rRNA_578_+	CGCAC	C	153	154	426	427
16S_rRNA_579_+	GCACG	A	153	153	421	423
16S_rRNA_580_+	CACGC	C	154	154	425	429
16S_rRNA_581_+	ACGCA	G	148	152	424	425
16S_rRNA_582_+	CGCAG	C	151	152	419	423
16S_rRNA_583_+	GCAGG	A	147	151	421	422
16S_rRNA_584_+	CAGGC	G	150	150	424	426
16S_rRNA_585_+	AGGCG	G	152	154	425	432
16S_rRNA_586_+	GGCGG	C	146	147	425	427
16S_rRNA_587_+	GCGGU	G	140	148	424	428
16S_rRNA_588_+	CGGUU	G	148	152	427	429
16S_rRNA_589_+	GGUUU	U	149	150	413	415
16S_rRNA_590_+	GUUUG	U	149	150	413	414
16S_rRNA_591_+	UUUGU	U	148	149	414	414
16S_rRNA_592_+	UUGUU	G	149	150	420	420
16S_rRNA_593_+	UGUUA	U	150	151	419	419
16S_rRNA_594_+	GUUAA	U	145	148	412	414
16S_rRNA_595_+	UUAAG	A	143	144	416	417
16S_rRNA_596_+	UAAGU	A	143	144	412	412
16S_rRNA_597_+	AAGUC	G	145	146	420	421
16S_rRNA_598_+	AGUCA	U	147	147	417	419
16S_rRNA_599_+	GUCAG	C	146	146	420	421
16S_rRNA_600_+	UCAGA	A	146	147	417	418
16S_rRNA_601_+	CAGAU	G	145	147	419	420
16S_rRNA_602_+	AGAUG	A	142	144	413	414
16S_rRNA_603_+	GAUGU	U	142	142	411	414
16S_rRNA_604_+	AUGUG	G	139	143	419	419
16S_rRNA_605_+	UGUGA	U	135	136	411	413
16S_rRNA_606_+	GUGAA	G	125	135	410	413
16S_rRNA_607_+	UGAAA	A	128	131	409	411
16S_rRNA_608_+	GAAAU	A	132	133	415	416
16S_rRNA_609_+	AAAUC	A	133	137	413	413
16S_rRNA_610_+	AAUCC	U	133	137	407	410
16S_rRNA_611_+	AUCCC	C	133	134	414	414
16S_rRNA_612_+	UCCCC	C	132	132	417	417
16S_rRNA_613_+	CCCCG	C	130	131	417	417
16S_rRNA_614_+	CCCGG	C	130	132	417	419
16S_rRNA_615_+	CCGGG	G	129	130	417	417
16S_rRNA_616_+	CGGGC	G	127	130	413	414
16S_rRNA_617_+	GGGCU	G	105	129	412	412
16S_rRNA_618_+	GGCUC	C	100	105	409	410
16S_rRNA_619_+	GCUCA	U	95	109	403	404
16S_rRNA_620_+	CUCAA	C	113	123	408	412
16S_rRNA_621_+	UCAAC	A	107	112	409	410
16S_rRNA_622_+	CAACC	A	114	119	409	410
16S_rRNA_623_+	AACCU	C	131	133	416	419
16S_rRNA_624_+	ACCUG	C	133	133	416	417
16S_rRNA_625_+	CCUGG	U	133	135	407	413
16S_rRNA_626_+	CUGGG	G	138	138	421	421
16S_rRNA_627_+	UGGGA	G	139	141	427	427
16S_rRNA_628_+	GGGAA	G	136	141	427	429
16S_rRNA_629_+	GGAAC	A	140	140	427	428
16S_rRNA_630_+	GAACU	A	138	143	430	431
16S_rRNA_631_+	AACUG	C	131	138	431	433
16S_rRNA_632_+	ACUGC	U	122	137	430	431
16S_rRNA_633_+	CUGCA	G	146	148	433	434
16S_rRNA_634_+	UGCAU	C	150	150	439	439
16S_rRNA_635_+	GCAUC	A	148	148	434	434
16S_rRNA_636_+	CAUCU	U	147	148	434	434
16S_rRNA_637_+	AUCUG	C	144	146	430	431
16S_rRNA_638_+	UCUGA	U	145	145	429	429
16S_rRNA_639_+	CUGAU	G	145	146	432	432
16S_rRNA_640_+	UGAUA	A	146	146	431	431
16S_rRNA_641_+	GAUAC	U	147	147	429	430
16S_rRNA_642_+	AUACU	A	144	144	430	433
16S_rRNA_643_+	UACUG	C	145	145	435	436
16S_rRNA_644_+	ACUGG	U	143	145	425	431
16S_rRNA_645_+	CUGGC	G	146	146	428	430
16S_rRNA_646_+	UGGCA	G	144	147	430	434
16S_rRNA_647_+	GGCAA	C	147	147	432	433
16S_rRNA_648_+	GCAAG	A	145	147	430	431
16S_rRNA_649_+	CAAGC	A	151	151	428	429
16S_rRNA_650_+	AAGCU	G	150	151	434	435
16S_rRNA_651_+	AGCUU	C	143	150	433	435
16S_rRNA_652_+	GCUUG	U	130	138	430	430
16S_rRNA_653_+	CUUGA	U	120	143	430	430
16S_rRNA_654_+	UUGAG	G	146	146	429	432
16S_rRNA_655_+	UGAGU	A	149	149	426	427
16S_rRNA_656_+	GAGUC	G	150	153	429	433
16S_rRNA_657_+	AGUCU	U	150	150	427	427
16S_rRNA_658_+	GUCUC	C	148	149	421	422
16S_rRNA_659_+	UCUCG	U	149	149	415	417
16S_rRNA_660_+	CUCGU	C	150	151	416	421
16S_rRNA_661_+	UCGUA	G	146	147	418	423
16S_rRNA_662_+	CGUAG	U	138	147	412	415
16S_rRNA_663_+	GUAGA	A	137	139	408	412
16S_rRNA_664_+	UAGAG	G	133	138	403	409
16S_rRNA_665_+	AGAGG	A	142	144	405	409
16S_rRNA_666_+	GAGGG	G	142	145	403	410
16S_rRNA_667_+	AGGGG	G	147	148	408	414
16S_rRNA_668_+	GGGGG	G	146	146	402	408
16S_rRNA_669_+	GGGGG	G	145	146	396	400
16S_rRNA_670_+	GGGGU	G	141	142	388	395
16S_rRNA_671_+	GGGUA	G	136	138	380	386
16S_rRNA_672_+	GGUAG	U	127	130	371	373
16S_rRNA_673_+	GUAGA	A	118	124	370	372
16S_rRNA_674_+	UAGAA	G	122	123	372	375
16S_rRNA_675_+	AGAAU	A	127	131	380	382
16S_rRNA_676_+	GAAUU	A	131	135	384	385
16S_rRNA_677_+	AAUUC	U	126	133	385	385
16S_rRNA_678_+	AUUCC	U	138	138	384	388
16S_rRNA_679_+	UUCCA	C	139	139	396	397
16S_rRNA_680_+	UCCAG	C	141	141	399	401
16S_rRNA_681_+	CCAGG	A	135	140	396	400
16S_rRNA_682_+	CAGGU	G	127	138	399	404
16S_rRNA_683_+	AGGUG	G	134	138	410	410
16S_rRNA_684_+	GGUGU	U	129	134	399	405
16S_rRNA_685_+	GUGUA	G	135	138	404	409
16S_rRNA_686_+	UGUAG	U	128	134	406	411
16S_rRNA_687_+	GUAGC	A	127	131	412	413
16S_rRNA_688_+	UAGCG	G	130	131	420	421
16S_rRNA_689_+	AGCGG	C	137	139	419	424
16S_rRNA_690_+	GCGGU	G	127	136	417	423
16S_rRNA_691_+	CGGUG	G	120	129	420	424
16S_rRNA_692_+	GGUGA	U	116	123	416	416
16S_rRNA_693_+	GUGAA	G	118	131	422	422
16S_rRNA_694_+	UGAAA	A	117	122	421	422
16S_rRNA_695_+	GAAAU	A	122	125	426	426
16S_rRNA_696_+	AAAUG	A	124	131	426	427
16S_rRNA_697_+	AAUGC	U	113	128	425	429
16S_rRNA_698_+	AUGCG	G	126	129	433	434
16S_rRNA_699_+	UGCGU	C	126	132	432	434
16S_rRNA_700_+	GCGUA	G	125	133	431	436
16S_rRNA_701_+	CGUAG	U	112	133	428	431
16S_rRNA_702_+	GUAGA	A	117	117	425	427
16S_rRNA_703_+	UAGAG	G	120	121	432	433
16S_rRNA_704_+	AGAGA	A	135	137	430	434
16S_rRNA_705_+	GAGAU	G	132	134	433	438
16S_rRNA_706_+	AGAUC	A	137	138	433	435
16S_rRNA_707_+	GAUCU	U	136	137	431	433
16S_rRNA_708_+	AUCUG	C	138	138	434	435
16S_rRNA_709_+	UCUGG	U	137	138	431	433
16S_rRNA_710_+	CUGGA	G	135	136	441	441
16S_rRNA_711_+	UGGAG	G	133	138	437	440
16S_rRNA_712_+	GGAGG	A	134	136	429	431
16S_rRNA_713_+	GAGGA	G	140	142	436	437
16S_rRNA_714_+	AGGAA	G	138	144	435	441
16S_rRNA_715_+	GGAAU	A	131	141	432	433
16S_rRNA_716_+	GAAUA	A	137	141	433	433
16S_rRNA_717_+	AAUAC	U	127	137	430	431
16S_rRNA_718_+	AUACC	A	136	138	424	426
16S_rRNA_719_+	UACCG	C	138	140	430	433
16S_rRNA_720_+	ACCGG	C	132	138	427	431
16S_rRNA_721_+	CCGGU	G	129	132	430	432
16S_rRNA_722_+	CGGUG	G	125	134	425	429
16S_rRNA_723_+	GGUGG	U	133	136	422	424
16S_rRNA_724_+	GUGGC	G	131	137	427	429
16S_rRNA_725_+	UGGCG	G	129	134	426	428
16S_rRNA_726_+	GGCGA	C	131	137	426	426
16S_rRNA_727_+	GCGAA	G	134	139	420	423
16S_rRNA_728_+	CGAAG	A	137	142	404	405
16S_rRNA_729_+	GAAGG	A	139	143	409	410
16S_rRNA_730_+	AAGGC	G	136	141	412	413
16S_rRNA_731_+	AGGCG	G	144	146	413	415
16S_rRNA_732_+	GGCGG	C	137	143	411	413
16S_rRNA_733_+	GCGGC	G	142	143	416	417
16S_rRNA_734_+	CGGCC	G	140	145	410	418
16S_rRNA_735_+	GGCCC	C	140	140	411	411
16S_rRNA_736_+	GCCCC	C	140	140	412	416
16S_rRNA_737_+	CCCCC	C	141	144	416	416
16S_rRNA_738_+	CCCCU	C	140	144	417	419
16S_rRNA_739_+	CCCUG	C	142	143	416	417
16S_rRNA_740_+	CCUGG	U	138	141	413	414
16S_rRNA_741_+	CUGGA	G	137	140	417	420
16S_rRNA_742_+	UGGAC	G	142	145	419	421
16S_rRNA_743_+	GGACG	A	145	145	419	420
16S_rRNA_744_+	GACGA	C	150	150	425	426
16S_rRNA_745_+	ACGAA	G	147	147	423	424
16S_rRNA_746_+	CGAAG	A	141	146	422	422
16S_rRNA_747_+	GAAGA	A	145	146	423	425
16S_rRNA_748_+	AAGAC	G	147	147	429	429
16S_rRNA_749_+	AGACU	A	148	148	427	427
16S_rRNA_750_+	GACUG	C	148	149	431	432
16S_rRNA_751_+	ACUGA	U	146	146	425	426
16S_rRNA_752_+	CUGAC	G	146	146	429	430
16S_rRNA_753_+	UGACG	A	146	147	425	427
16S_rRNA_754_+	GACGC	C	147	147	436	436
16S_rRNA_755_+	ACGCU	G	145	147	431	436
16S_rRNA_756_+	CGCUC	C	146	146	431	433
16S_rRNA_757_+	GCUCA	U	141	145	424	427
16S_rRNA_758_+	CUCAG	C	147	148	430	431
16S_rRNA_759_+	UCAGG	A	138	146	424	427
16S_rRNA_760_+	CAGGU	G	137	143	427	430
16S_rRNA_761_+	AGGUG	G	149	149	434	435
16S_rRNA_762_+	GGUGC	U	144	146	424	427
16S_rRNA_763_+	GUGCG	G	147	147	422	425
16S_rRNA_764_+	UGCGA	C	147	150	423	426
16S_rRNA_765_+	GCGAA	G	140	147	425	426
16S_rRNA_766_+	CGAAA	A	139	143	421	421
16S_rRNA_767_+	GAAAG	A	145	145	421	424
16S_rRNA_768_+	AAAGC	A	149	149	418	421
16S_rRNA_769_+	AAGCG	G	151	151	415	422
16S_rRNA_770_+	AGCGU	C	151	152	422	424
16S_rRNA_771_+	GCGUG	G	147	148	419	423
16S_rRNA_772_+	CGUGG	U	145	146	403	418
16S_rRNA_773_+	GUGGG	G	149	149	416	418
16S_rRNA_774_+	UGGGG	G	150	151	419	424
16S_rRNA_775_+	GGGGA	G	146	149	421	423
16S_rRNA_776_+	GGGAG	G	135	145	418	421
16S_rRNA_777_+	GGAGC	A	130	134	406	411
16S_rRNA_778_+	GAGCA	G	146	146	411	413
16S_rRNA_779_+	AGCAA	C	133	145	404	409
16S_rRNA_780_+	GCAAA	A	131	131	400	401
16S_rRNA_781_+	CAAAC	A	129	131	403	404
16S_rRNA_782_+	AAACA	A	143	143	403	406
16S_rRNA_783_+	AACAG	C	141	142	410	411
16S_rRNA_784_+	ACAGG	A	138	141	408	408
16S_rRNA_785_+	CAGGA	G	135	138	408	411
16S_rRNA_786_+	AGGAU	G	134	137	416	416
16S_rRNA_787_+	GGAUU	A	128	137	406	408
16S_rRNA_788_+	GAUUA	U	125	127	403	405
16S_rRNA_789_+	AUUAG	U	127	133	408	409
16S_rRNA_790_+	UUAGA	A	127	131	406	408
16S_rRNA_791_+	UAGAU	G	129	132	410	410
16S_rRNA_792_+	AGAUA	A	135	139	413	413
16S_rRNA_793_+	GAUAC	U	125	135	410	411
16S_rRNA_794_+	AUACC	A	129	137	416	416
16S_rRNA_795_+	UACCC	C	138	139	421	422
16S_rRNA_796_+	ACCCU	C	142	143	422	423
16S_rRNA_797_+	CCCUG	C	144	144	420	420
16S_rRNA_798_+	CCUGG	U	135	141	415	417
16S_rRNA_799_+	CUGGU	G	137	140	419	420
16S_rRNA_800_+	UGGUA	G	137	141	418	421
16S_rRNA_801_+	GGUAG	U	131	136	414	415
16S_rRNA_802_+	GUAGU	A	137	140	409	411
16S_rRNA_803_+	UAGUC	G	140	140	417	418
16S_rRNA_804_+	AGUCC	U	143	143	413	418
16S_rRNA_805_+	GUCCA	C	147	147	426	426
16S_rRNA_806_+	UCCAC	C	145	145	424	426
16S_rRNA_807_+	CCACG	A	145	146	424	425
16S_rRNA_808_+	CACGC	C	147	147	429	431
16S_rRNA_809_+	ACGCC	G	145	146	426	429
16S_rRNA_810_+	CGCCG	C	144	144	430	431
16S_rRNA_811_+	GCCGU	C	142	145	432	433
16S_rRNA_812_+	CCGUA	G	131	143	434	435
16S_rRNA_813_+	CGUAA	U	124	142	428	432
16S_rRNA_814_+	GUAAA	A	138	138	432	432
16S_rRNA_815_+	UAAAC	A	140	142	435	437
16S_rRNA_816_+	AAACG	A	135	142	439	440
16S_rRNA_817_+	AACGA	C	130	137	440	442
16S_rRNA_818_+	ACGAU	G	139	143	440	442
16S_rRNA_819_+	CGAUG	A	136	146	440	441
16S_rRNA_820_+	GAUGU	U	134	137	438	440
16S_rRNA_821_+	AUGUC	G	148	149	441	442
16S_rRNA_822_+	UGUCG	U	149	149	434	437
16S_rRNA_823_+	GUCGA	C	147	148	435	435
16S_rRNA_824_+	UCGAC	G	148	150	435	436
16S_rRNA_825_+	CGACU	A	150	150	428	431
16S_rRNA_826_+	GACUU	C	150	151	429	431
16S_rRNA_827_+	ACUUG	U	147	148	419	424
16S_rRNA_828_+	CUUGG	U	133	147	425	426
16S_rRNA_829_+	UUGGA	G	145	146	428	429
16S_rRNA_830_+	UGGAG	G	147	148	422	425
16S_rRNA_831_+	GGAGG	A	151	151	418	420
16S_rRNA_832_+	GAGGU	G	148	150	420	423
16S_rRNA_833_+	AGGUU	G	145	147	425	426
16S_rRNA_834_+	GGUUG	U	125	137	400	402
16S_rRNA_835_+	GUUGU	U	122	128	401	401
16S_rRNA_836_+	UUGUG	G	124	125	402	403
16S_rRNA_837_+	UGUGC	U	126	137	400	402
16S_rRNA_838_+	GUGCC	G	128	140	403	404
16S_rRNA_839_+	UGCCC	C	132	133	406	407
16S_rRNA_840_+	GCCCU	C	136	136	410	410
16S_rRNA_841_+	CCCUU	C	135	137	406	407
16S_rRNA_842_+	CCUUG	U	128	132	398	399
16S_rRNA_843_+	CUUGA	U	112	136	401	401
16S_rRNA_844_+	UUGAG	G	116	130	406	407
16S_rRNA_845_+	UGAGG	A	122	131	397	399
16S_rRNA_846_+	GAGGC	G	136	139	402	402
16S_rRNA_847_+	AGGCG	G	139	142	400	405
16S_rRNA_848_+	GGCGU	C	143	145	401	402
16S_rRNA_849_+	GCGUG	G	145	147	405	406
16S_rRNA_850_+	CGUGG	U	142	143	401	401
16S_rRNA_851_+	GUGGC	G	147	150	407	407
16S_rRNA_852_+	UGGCU	G	149	150	409	410
16S_rRNA_853_+	GGCUU	C	146	147	406	408
16S_rRNA_854_+	GCUUC	U	142	147	404	406
16S_rRNA_855_+	CUUCC	U	126	143	359	405
16S_rRNA_856_+	UUCCG	C	144	146	411	412
16S_rRNA_857_+	UCCGG	C	144	146	416	418
16S_rRNA_858_+	CCGGA	G	146	146	421	422
16S_rRNA_859_+	CGGAG	G	146	149	424	424
16S_rRNA_860_+	GGAGC	A	147	148	423	423
16S_rRNA_861_+	GAGCU	G	147	149	428	428
16S_rRNA_862_+	AGCUA	C	140	147	425	427
16S_rRNA_863_+	GCUAA	U	133	142	421	423
16S_rRNA_864_+	CUAAC	A	133	136	428	429
16S_rRNA_865_+	UAACG	A	137	142	433	433
16S_rRNA_866_+	AACGC	C	135	141	437	439
16S_rRNA_867_+	ACGCG	G	142	144	434	434
16S_rRNA_868_+	CGCGU	C	141	145	436	437
16S_rRNA_869_+	GCGUU	G	140	143	439	440
16S_rRNA_870_+	CGUUA	U	136	142	435	436
16S_rRNA_871_+	GUUAA	U	140	148	435	436
16S_rRNA_872_+	UUAAG	A	146	149	435	435
16S_rRNA_873_+	UAAGU	A	150	151	436	436
16S_rRNA_874_+	AAGUC	G	153	153	437	438
16S_rRNA_875_+	AGUCG	U	152	153	435	437
16S_rRNA_876_+	GUCGA	C	153	153	437	438
16S_rRNA_877_+	UCGAC	G	151	151	438	440
16S_rRNA_878_+	CGACC	A	147	149	434	435
16S_rRNA_879_+	GACCG	C	150	151	439	439
16S_rRNA_880_+	ACCGC	C	150	150	436	438
16S_rRNA_881_+	CCGCC	G	146	148	436	437
16S_rRNA_882_+	CGCCU	C	148	150	440	441
16S_rRNA_883_+	GCCUG	C	147	148	436	437
16S_rRNA_884_+	CCUGG	U	139	148	425	431
16S_rRNA_885_+	CUGGG	G	143	144	423	427
16S_rRNA_886_+	UGGGG	G	147	149	433	434
16S_rRNA_887_+	GGGGA	G	145	149	433	435
16S_rRNA_888_+	GGGAG	G	146	148	429	433
16S_rRNA_889_+	GGAGU	A	137	142	428	430
16S_rRNA_890_+	GAGUA	G	135	143	436	436
16S_rRNA_891_+	AGUAC	U	138	142	435	437
16S_rRNA_892_+	GUACG	A	138	141	435	438
16S_rRNA_893_+	UACGG	C	145	146	440	441
16S_rRNA_894_+	ACGGC	G	143	145	442	443
16S_rRNA_895_+	CGGCC	G	147	147	445	445
16S_rRNA_896_+	GGCCG	C	146	148	444	444
16S_rRNA_897_+	GCCGC	C	143	146	441	443
16S_rRNA_898_+	CCGCA	G	135	145	437	439
16S_rRNA_899_+	CGCAA	C	136	143	438	440
16S_rRNA_900_+	GCAAG	A	134	142	435	435
16S_rRNA_901_+	CAAGG	A	132	145	433	433
16S_rRNA_902_+	AAGGU	G	145	146	435	437
16S_rRNA_903_+	AGGUU	G	145	147	439	441
16S_rRNA_904_+	GGUUA	U	141	144	435	435
16S_rRNA_905_+	GUUAA	U	126	142	434	437
16S_rRNA_906_+	UUAAA	A	129	131	434	435
16S_rRNA_907_+	UAAAA	A	133	137	436	436
16S_rRNA_908_+	AAAAC	A	146	147	437	438
16S_rRNA_909_+	AAACU	A	144	146	437	438
16S_rRNA_910_+	AACUC	C	144	145	437	438
16S_rRNA_911_+	ACUCA	U	141	143	434	434
16S_rRNA_912_+	CUCAA	C	137	144	438	440
16S_rRNA_913_+	UCAAA	A	135	138	434	436
16S_rRNA_914_+	CAAAU	A	130	137	439	439
16S_rRNA_915_+	AAAUG	A	118	138	437	439
16S_rRNA_916_+	AAUGA	U	109	127	435	438
16S_rRNA_917_+	AUGAA	G	113	127	425	438
16S_rRNA_918_+	UGAAU	A	136	138	420	421
16S_rRNA_919_+	GAAUU	A	136	139	422	433
16S_rRNA_920_+	AAUUG	U	131	141	432	433
16S_rRNA_921_+	AUUGA	U	138	140	427	430
16S_rRNA_922_+	UUGAC	G	144	144	420	433
16S_rRNA_923_+	UGACG	A	143	143	410	418
16S_rRNA_924_+	GACGG	C	145	146	431	433
16S_rRNA_925_+	ACGGG	G	148	148	427	433
16S_rRNA_926_+	CGGGG	G	150	150	428	429
16S_rRNA_927_+	GGGGG	G	151	151	421	427
16S_rRNA_928_+	GGGGC	G	153	153	418	422
16S_rRNA_929_+	GGGCC	G	149	151	411	414
16S_rRNA_930_+	GGCCC	C	148	149	405	407
16S_rRNA_931_+	GCCCG	C	147	147	402	403
16S_rRNA_932_+	CCCGC	C	148	149	394	395
16S_rRNA_933_+	CCGCA	G	145	147	391	396
16S_rRNA_934_+	CGCAC	C	143	145	397	398
16S_rRNA_935_+	GCACA	A	134	138	389	391
16S_rRNA_936_+	CACAA	C	137	144	396	398
16S_rRNA_937_+	ACAAG	A	138	141	398	399
16S_rRNA_938_+	CAAGC	A	145	146	397	400
16S_rRNA_939_+	AAGCG	G	146	147	403	405
16S_rRNA_940_+	AGCGG	C	146	149	406	408
16S_rRNA_941_+	GCGGU	G	145	145	408	410
16S_rRNA_942_+	CGGUG	G	144	147	411	414
16S_rRNA_943_+	GGUGG	U	138	144	408	410
16S_rRNA_944_+	GUGGA	G	139	143	411	411
16S_rRNA_945_+	UGGAG	G	143	146	414	416
16S_rRNA_946_+	GGAGC	A	143	143	411	412
16S_rRNA_947_+	GAGCA	G	143	144	414	417
16S_rRNA_948_+	AGCAU	C	144	145	416	420
16S_rRNA_949_+	GCAUG	A	142	144	414	415
16S_rRNA_950_+	CAUGU	U	140	142	414	417
16S_rRNA_951_+	AUGUG	G	139	141	423	423
16S_rRNA_952_+	UGUGG	U	127	139	417	422
16S_rRNA_953_+	GUGGU	G	129	131	419	419
16S_rRNA_954_+	UGGUU	G	124	139	425	428
16S_rRNA_955_+	GGUUU	U	127	129	419	419
16S_rRNA_956_+	GUUUA	U	122	126	421	421
16S_rRNA_957_+	UUUAA	U	130	137	421	422
16S_rRNA_958_+	UUAAU	A	126	135	420	423
16S_rRNA_959_+	UAAUU	A	133	137	425	426
16S_rRNA_960_+	AAUUC	U	143	144	425	426
16S_rRNA_961_+	AUUCG	U	144	147	424	425
16S_rRNA_962_+	UUCGA	C	143	145	427	428
16S_rRNA_963_+	UCGAU	G	139	143	429	429
16S_rRNA_964_+	CGAUG	A	123	141	423	424
16S_rRNA_965_+	GAUGC	U	113	123	424	425
16S_rRNA_966_+	AUGCA	G	127	136	411	427
16S_rRNA_967_+	UGCAA	C	136	140	427	429
16S_rRNA_968_+	GCAAC	A	138	141	427	430
16S_rRNA_969_+	CAACG	A	143	145	429	430
16S_rRNA_970_+	AACGC	C	142	145	435	435
16S_rRNA_971_+	ACGCG	G	141	147	432	433
16S_rRNA_972_+	CGCGA	C	145	149	434	434
16S_rRNA_973_+	GCGAA	G	148	149	434	435
16S_rRNA_974_+	CGAAG	A	145	147	428	429
16S_rRNA_975_+	GAAGA	A	142	143	429	429
16S_rRNA_976_+	AAGAA	G	142	146	430	431
16S_rRNA_977_+	AGAAC	A	147	147	432	432
16S_rRNA_978_+	GAACC	A	143	147	430	433
16S_rRNA_979_+	AACCU	C	146	149	441	442
16S_rRNA_980_+	ACCUU	C	145	148	437	439
16S_rRNA_981_+	CCUUA	U	143	147	436	437
16S_rRNA_982_+	CUUAC	U	142	146	438	440
16S_rRNA_983_+	UUACC	A	143	144	435	436
16S_rRNA_984_+	UACCU	C	146	147	441	441
16S_rRNA_985_+	ACCUG	C	145	146	437	439
16S_rRNA_986_+	CCUGG	U	142	144	431	432
16S_rRNA_987_+	CUGGU	G	145	145	430	432
16S_rRNA_988_+	UGGUC	G	144	146	432	433
16S_rRNA_989_+	GGUCU	U	138	141	425	427
16S_rRNA_990_+	GUCUU	C	140	140	428	429
16S_rRNA_991_+	UCUUG	U	139	143	426	426
16S_rRNA_992_+	CUUGA	U	129	140	427	427
16S_rRNA_993_+	UUGAC	G	137	145	433	433
16S_rRNA_994_+	UGACA	A	133	139	427	430
16S_rRNA_995_+	GACAU	C	137	137	432	434
16S_rRNA_996_+	ACAUC	A	137	143	426	427
16S_rRNA_997_+	CAUCC	U	142	142	418	425
16S_rRNA_998_+	AUCCA	C	147	147	432	432
16S_rRNA_999_+	UCCAC	C	143	145	429	431
16S_rRNA_1000_+	CCACA	A	137	138	419	419
16S_rRNA_1001_+	CACAG	C	131	137	418	419
16S_rRNA_1002_+	ACAGA	A	25	121	98	391
16S_rRNA_1003_+	CAGAA	G	127	131	406	407
16S_rRNA_1004_+	AGAAC	A	121	129	404	406
16S_rRNA_1005_+	GAACU	A	130	131	402	406
16S_rRNA_1006_+	AACUU	C	25	121	99	396
16S_rRNA_1007_+	ACUUU	U	122	123	407	408
16S_rRNA_1008_+	CUUUC	U	124	125	409	410
16S_rRNA_1009_+	UUUCC	U	125	125	407	410
16S_rRNA_1010_+	UUCCA	C	24	116	100	391
16S_rRNA_1011_+	UCCAG	C	120	121	406	409
16S_rRNA_1012_+	CCAGA	A	120	121	408	410
16S_rRNA_1013_+	CAGAG	G	119	121	410	411
16S_rRNA_1014_+	AGAGA	A	118	118	404	405
16S_rRNA_1015_+	GAGAU	G	116	116	405	406
16S_rRNA_1016_+	AGAUG	A	116	116	400	403
16S_rRNA_1017_+	GAUGG	U	111	115	398	398
16S_rRNA_1018_+	AUGGA	G	110	114	397	397
16S_rRNA_1019_+	UGGAU	G	91	94	347	347
16S_rRNA_1020_+	GGAUU	A	91	94	339	342
16S_rRNA_1021_+	GAUUG	U	26	91	100	344
16S_rRNA_1022_+	AUUGG	U	24	89	98	344
16S_rRNA_1024_+	UGGUG	G	109	113	409	410
16S_rRNA_1025_+	GGUGC	U	108	119	407	407
16S_rRNA_1026_+	GUGCC	G	129	130	417	417
16S_rRNA_1027_+	UGCCU	C	130	132	420	420
16S_rRNA_1028_+	GCCUU	C	132	132	422	423
16S_rRNA_1029_+	CCUUC	U	131	132	418	418
16S_rRNA_1030_+	CUUCG	U	128	132	423	424
16S_rRNA_1031_+	UUCGG	C	118	133	430	433
16S_rRNA_1032_+	UCGGG	G	133	135	436	436
16S_rRNA_1033_+	CGGGA	G	137	139	439	439
16S_rRNA_1034_+	GGGAA	G	138	140	440	441
16S_rRNA_1035_+	GGAAC	A	133	138	438	438
16S_rRNA_1036_+	GAACU	A	133	137	431	431
16S_rRNA_1037_+	AACUG	C	136	136	430	430
16S_rRNA_1038_+	ACUGU	U	22	133	86	412
16S_rRNA_1039_+	CUGUG	G	140	141	434	435
16S_rRNA_1040_+	UGUGA	U	137	141	432	434
16S_rRNA_1041_+	GUGAG	G	138	138	441	442
16S_rRNA_1042_+	UGAGA	A	125	140	432	433
16S_rRNA_1043_+	GAGAC	G	142	146	433	435
16S_rRNA_1044_+	AGACA	A	142	143	437	438
16S_rRNA_1045_+	GACAG	C	140	144	441	444
16S_rRNA_1046_+	ACAGG	A	147	148	436	438
16S_rRNA_1047_+	CAGGU	G	142	149	440	442
16S_rRNA_1048_+	AGGUG	G	133	144	440	444
16S_rRNA_1049_+	GGUGC	U	125	132	436	437
16S_rRNA_1050_+	GUGCU	G	146	146	439	442
16S_rRNA_1051_+	UGCUG	C	147	148	440	440
16S_rRNA_1052_+	GCUGC	U	140	145	440	441
16S_rRNA_1053_+	CUGCA	G	142	144	445	445
16S_rRNA_1054_+	UGCAU	C	138	145	444	445
16S_rRNA_1055_+	GCAUG	A	148	149	437	441
16S_rRNA_1056_+	CAUGG	U	148	151	436	438
16S_rRNA_1057_+	AUGGC	G	151	151	441	441
16S_rRNA_1058_+	UGGCU	G	152	153	441	442
16S_rRNA_1059_+	GGCUG	C	154	154	440	440
16S_rRNA_1060_+	GCUGU	U	149	151	432	434
16S_rRNA_1061_+	CUGUC	G	148	149	443	443
16S_rRNA_1062_+	UGUCG	U	149	149	437	439
16S_rRNA_1063_+	GUCGU	C	147	147	443	445
16S_rRNA_1064_+	UCGUC	G	149	150	441	443
16S_rRNA_1065_+	CGUCA	U	147	147	434	436
16S_rRNA_1066_+	GUCAG	C	147	148	440	441
16S_rRNA_1067_+	UCAGC	A	146	147	435	437
16S_rRNA_1068_+	CAGCU	G	149	149	440	442
16S_rRNA_1069_+	AGCUC	C	148	149	440	441
16S_rRNA_1070_+	GCUCG	U	146	147	432	436
16S_rRNA_1071_+	CUCGU	C	142	145	440	442
16S_rRNA_1072_+	UCGUG	G	137	145	441	442
16S_rRNA_1073_+	CGUGU	U	134	142	438	439
16S_rRNA_1074_+	GUGUU	G	122	138	439	440
16S_rRNA_1075_+	UGUUG	U	118	122	432	435
16S_rRNA_1076_+	GUUGU	U	131	136	433	434
16S_rRNA_1077_+	UUGUG	G	127	131	438	439
16S_rRNA_1078_+	UGUGA	U	127	134	435	438
16S_rRNA_1079_+	GUGAA	G	110	128	438	442
16S_rRNA_1080_+	UGAAA	A	114	116	435	439
16S_rRNA_1081_+	GAAAU	A	119	124	438	441
16S_rRNA_1082_+	AAAUG	A	117	126	437	440
16S_rRNA_1083_+	AAUGU	U	116	124	438	439
16S_rRNA_1084_+	AUGUU	G	119	130	439	439
16S_rRNA_1085_+	UGUUG	U	114	119	436	436
16S_rRNA_1086_+	GUUGG	U	113	125	435	439
16S_rRNA_1087_+	UUGGG	G	130	130	441	442
16S_rRNA_1088_+	UGGGU	G	127	128	442	442
16S_rRNA_1089_+	GGGUU	G	115	130	440	440
16S_rRNA_1090_+	GGUUA	U	99	112	418	419
16S_rRNA_1091_+	GUUAA	U	98	119	417	419
16S_rRNA_1092_+	UUAAG	A	113	117	420	420
16S_rRNA_1093_+	UAAGU	A	112	122	423	424
16S_rRNA_1094_+	AAGUC	G	96	117	426	428
16S_rRNA_1095_+	AGUCC	U	132	137	415	418
16S_rRNA_1096_+	GUCCC	C	141	141	422	423
16S_rRNA_1097_+	UCCCG	C	143	143	426	429
16S_rRNA_1098_+	CCCGC	C	146	146	428	430
16S_rRNA_1099_+	CCGCA	G	146	148	433	433
16S_rRNA_1100_+	CGCAA	C	147	148	431	431
16S_rRNA_1101_+	GCAAC	A	146	147	427	428
16S_rRNA_1102_+	CAACG	A	145	148	425	426
16S_rRNA_1103_+	AACGA	C	151	151	429	429
16S_rRNA_1104_+	ACGAG	G	148	149	425	430
16S_rRNA_1105_+	CGAGC	A	146	147	424	425
16S_rRNA_1106_+	GAGCG	G	148	148	433	434
16S_rRNA_1107_+	AGCGC	C	144	149	436	436
16S_rRNA_1108_+	GCGCA	G	146	148	436	438
16S_rRNA_1109_+	CGCAA	C	138	148	438	438
16S_rRNA_1110_+	GCAAC	A	135	136	434	434
16S_rRNA_1111_+	CAACC	A	135	139	428	430
16S_rRNA_1112_+	AACCC	C	148	148	436	436
16S_rRNA_1113_+	ACCCU	C	147	148	435	435
16S_rRNA_1114_+	CCCUU	C	145	148	432	433
16S_rRNA_1115_+	CCUUA	U	140	145	427	428
16S_rRNA_1116_+	CUUAU	U	139	145	426	427
16S_rRNA_1117_+	UUAUC	A	146	146	428	428
16S_rRNA_1118_+	UAUCU	U	150	150	426	426
16S_rRNA_1119_+	AUCUU	C	148	149	413	422
16S_rRNA_1120_+	UCUUU	U	37	143	71	392
16S_rRNA_1121_+	CUUUU	U	139	146	406	412
16S_rRNA_1122_+	UUUUG	U	140	145	418	421
16S_rRNA_1123_+	UUUGU	U	134	140	427	427
16S_rRNA_1124_+	UUGUU	G	137	140	429	431
16S_rRNA_1125_+	UGUUG	U	144	146	427	427
16S_rRNA_1126_+	GUUGC	U	138	144	426	428
16S_rRNA_1127_+	UUGCC	G	136	146	431	432
16S_rRNA_1128_+	UGCCA	C	140	142	428	431
16S_rRNA_1129_+	GCCAG	C	144	147	429	432
16S_rRNA_1130_+	CCAGC	A	139	146	425	425
16S_rRNA_1131_+	CAGCG	G	146	147	428	428
16S_rRNA_1132_+	AGCGG	C	147	147	430	433
16S_rRNA_1133_+	GCGGU	G	143	147	431	431
16S_rRNA_1134_+	CGGUC	G	145	146	431	432
16S_rRNA_1135_+	GGUCC	U	140	145	420	422
16S_rRNA_1136_+	GUCCG	C	146	147	425	427
16S_rRNA_1137_+	UCCGG	C	149	151	426	428
16S_rRNA_1138_+	CCGGC	G	152	152	425	427
16S_rRNA_1139_+	CGGCC	G	152	152	425	429
16S_rRNA_1140_+	GGCCG	C	154	154	425	426
16S_rRNA_1141_+	GCCGG	C	152	152	423	425
16S_rRNA_1142_+	CCGGG	G	150	150	425	427
16S_rRNA_1143_+	CGGGA	G	153	153	428	429
16S_rRNA_1144_+	GGGAA	G	153	153	429	431
16S_rRNA_1145_+	GGAAC	A	149	151	423	425
16S_rRNA_1146_+	GAACU	A	147	152	424	426
16S_rRNA_1147_+	AACUC	C	146	148	425	426
16S_rRNA_1148_+	ACUCA	U	146	146	419	422
16S_rRNA_1149_+	CUCAA	C	149	150	429	429
16S_rRNA_1150_+	UCAAA	A	150	150	424	425
16S_rRNA_1151_+	CAAAG	A	149	150	426	427
16S_rRNA_1152_+	AAAGG	A	148	149	424	427
16S_rRNA_1153_+	AAGGA	G	147	147	430	430
16S_rRNA_1154_+	AGGAG	G	150	152	432	432
16S_rRNA_1155_+	GGAGA	A	143	146	421	423
16S_rRNA_1156_+	GAGAC	G	143	145	430	431
16S_rRNA_1157_+	AGACU	A	144	147	431	432
16S_rRNA_1158_+	GACUG	C	137	144	430	432
16S_rRNA_1159_+	ACUGC	U	134	143	418	421
16S_rRNA_1160_+	CUGCC	G	145	146	425	428
16S_rRNA_1161_+	UGCCA	C	142	143	426	426
16S_rRNA_1162_+	GCCAG	C	143	145	427	429
16S_rRNA_1163_+	CCAGU	A	140	143	425	425
16S_rRNA_1164_+	CAGUG	G	140	141	428	428
16S_rRNA_1165_+	AGUGA	U	134	138	422	423
16S_rRNA_1166_+	GUGAU	G	115	141	425	425
16S_rRNA_1167_+	UGAUA	A	108	123	426	426
16S_rRNA_1168_+	GAUAA	U	110	116	423	427
16S_rRNA_1169_+	AUAAA	A	137	138	422	423
16S_rRNA_1170_+	UAAAC	A	134	142	425	426
16S_rRNA_1171_+	AAACU	A	145	145	427	428
16S_rRNA_1172_+	AACUG	C	149	149	429	430
16S_rRNA_1173_+	ACUGG	U	147	147	427	427
16S_rRNA_1174_+	CUGGA	G	147	147	436	436
16S_rRNA_1175_+	UGGAG	G	148	148	433	435
16S_rRNA_1176_+	GGAGG	A	148	149	425	427
16S_rRNA_1177_+	GAGGA	G	148	149	431	432
16S_rRNA_1178_+	AGGAA	G	147	150	432	435
16S_rRNA_1179_+	GGAAG	A	149	150	430	430
16S_rRNA_1180_+	GAAGG	A	148	149	426	428
16S_rRNA_1181_+	AAGGU	G	135	149	432	434
16S_rRNA_1182_+	AGGUG	G	121	145	435	436
16S_rRNA_1183_+	GGUGG	U	112	126	429	432
16S_rRNA_1184_+	GUGGG	G	143	144	431	435
16S_rRNA_1185_+	UGGGG	G	144	145	435	439
16S_rRNA_1186_+	GGGGA	G	145	145	439	440
16S_rRNA_1187_+	GGGAU	G	142	143	437	440
16S_rRNA_1188_+	GGAUG	A	130	143	437	438
16S_rRNA_1189_+	GAUGA	U	128	136	438	440
16S_rRNA_1190_+	AUGAC	G	144	145	444	445
16S_rRNA_1191_+	UGACG	A	145	146	438	440
16S_rRNA_1192_+	GACGU	C	148	148	444	445
16S_rRNA_1193_+	ACGUC	G	147	149	443	444
16S_rRNA_1194_+	CGUCA	U	138	145	435	436
16S_rRNA_1195_+	GUCAA	C	132	141	440	441
16S_rRNA_1196_+	UCAAG	A	131	144	438	438
16S_rRNA_1197_+	CAAGU	A	147	148	432	435
16S_rRNA_1198_+	AAGUC	G	146	147	442	442
16S_rRNA_1199_+	AGUCA	U	145	147	439	442
16S_rRNA_1200_+	GUCAU	C	148	148	441	441
16S_rRNA_1201_+	UCAUC	A	145	145	438	439
16S_rRNA_1202_+	CAUCA	U	143	145	439	439
16S_rRNA_1203_+	AUCAU	C	138	142	440	441
16S_rRNA_1204_+	UCAUG	A	124	140	439	439
16S_rRNA_1205_+	CAUGG	U	105	123	436	437
16S_rRNA_1206_+	AUGGC	G	136	139	438	440
16S_rRNA_1207_+	UGGCC	G	109	137	415	441
16S_rRNA_1208_+	GGCCC	C	144	144	444	444
16S_rRNA_1209_+	GCCCU	C	143	143	446	446
16S_rRNA_1210_+	CCCUU	C	142	142	441	444
16S_rRNA_1211_+	CCUUA	U	128	137	433	434
16S_rRNA_1212_+	CUUAC	U	123	139	438	439
16S_rRNA_1213_+	UUACG	A	131	142	439	440
16S_rRNA_1214_+	UACGA	C	138	139	441	444
16S_rRNA_1215_+	ACGAC	G	146	147	443	444
16S_rRNA_1216_+	CGACC	A	147	148	435	441
16S_rRNA_1217_+	GACCA	C	148	148	441	445
16S_rRNA_1218_+	ACCAG	C	151	152	445	448
16S_rRNA_1219_+	CCAGG	A	150	151	439	444
16S_rRNA_1220_+	CAGGG	G	150	151	444	446
16S_rRNA_1221_+	AGGGC	G	151	151	448	449
16S_rRNA_1222_+	GGGCU	G	145	147	445	448
16S_rRNA_1223_+	GGCUA	C	136	147	442	445
16S_rRNA_1224_+	GCUAC	U	136	141	438	441
16S_rRNA_1225_+	CUACA	A	147	148	440	441
16S_rRNA_1226_+	UACAC	C	144	147	447	447
16S_rRNA_1227_+	ACACA	A	148	148	442	443
16S_rRNA_1228_+	CACAC	C	147	148	446	447
16S_rRNA_1229_+	ACACG	A	147	147	444	444
16S_rRNA_1230_+	CACGU	C	148	148	448	450
16S_rRNA_1231_+	ACGUG	G	146	148	442	447
16S_rRNA_1232_+	CGUGC	U	147	147	439	442
16S_rRNA_1233_+	GUGCU	G	147	149	441	445
16S_rRNA_1234_+	UGCUA	C	147	148	440	442
16S_rRNA_1235_+	GCUAC	U	141	145	435	437
16S_rRNA_1236_+	CUACA	A	139	142	438	438
16S_rRNA_1237_+	UACAA	C	136	144	438	444
16S_rRNA_1238_+	ACAAU	A	129	134	437	437
16S_rRNA_1239_+	CAAUG	A	131	136	437	440
16S_rRNA_1240_+	AAUGG	U	128	137	429	433
16S_rRNA_1241_+	AUGGC	G	140	144	435	439
16S_rRNA_1242_+	UGGCG	G	143	143	437	439
16S_rRNA_1243_+	GGCGC	C	142	143	439	441
16S_rRNA_1244_+	GCGCA	G	141	144	433	441
16S_rRNA_1245_+	CGCAU	C	132	144	437	440
16S_rRNA_1246_+	GCAUA	A	125	128	427	431
16S_rRNA_1247_+	CAUAC	U	119	127	425	430
16S_rRNA_1248_+	AUACA	A	133	137	428	430
16S_rRNA_1249_+	UACAA	C	135	140	438	438
16S_rRNA_1250_+	ACAAA	A	139	143	427	435
16S_rRNA_1251_+	CAAAG	A	133	141	434	436
16S_rRNA_1252_+	AAAGA	A	138	140	432	436
16S_rRNA_1253_+	AAGAG	G	138	141	436	438
16S_rRNA_1254_+	AGAGA	A	142	143	431	434
16S_rRNA_1255_+	GAGAA	G	135	141	434	436
16S_rRNA_1256_+	AGAAG	A	137	138	429	431
16S_rRNA_1257_+	GAAGC	A	145	147	428	431
16S_rRNA_1258_+	AAGCG	G	146	147	433	435
16S_rRNA_1259_+	AGCGA	C	148	150	434	437
16S_rRNA_1260_+	GCGAC	G	145	146	428	431
16S_rRNA_1261_+	CGACC	A	137	145	423	424
16S_rRNA_1262_+	GACCU	C	146	147	425	426
16S_rRNA_1263_+	ACCUC	C	144	145	416	418
16S_rRNA_1264_+	CCUCG	U	145	147	415	418
16S_rRNA_1265_+	CUCGC	C	143	144	425	425
16S_rRNA_1266_+	UCGCG	G	144	145	421	425
16S_rRNA_1267_+	CGCGA	C	132	142	425	425
16S_rRNA_1268_+	GCGAG	G	136	139	424	426
16S_rRNA_1269_+	CGAGA	A	132	138	411	416
16S_rRNA_1270_+	GAGAG	G	146	146	419	424
16S_rRNA_1271_+	AGAGC	A	145	145	420	422
16S_rRNA_1272_+	GAGCA	G	140	145	424	427
16S_rRNA_1273_+	AGCAA	C	142	144	422	424
16S_rRNA_1274_+	GCAAG	A	140	141	424	424
16S_rRNA_1275_+	CAAGC	A	141	144	424	425
16S_rRNA_1276_+	AAGCG	G	138	140	429	430
16S_rRNA_1277_+	AGCGG	C	137	142	432	432
16S_rRNA_1278_+	GCGGA	G	137	141	431	432
16S_rRNA_1279_+	CGGAC	G	133	141	429	431
16S_rRNA_1280_+	GGACC	A	131	139	421	422
16S_rRNA_1281_+	GACCU	C	140	140	427	428
16S_rRNA_1282_+	ACCUC	C	139	140	426	426
16S_rRNA_1283_+	CCUCA	U	139	140	420	423
16S_rRNA_1284_+	CUCAU	C	127	141	426	426
16S_rRNA_1285_+	UCAUA	A	113	123	422	425
16S_rRNA_1286_+	CAUAA	U	104	115	423	427
16S_rRNA_1287_+	AUAAA	A	130	131	423	423
16S_rRNA_1288_+	UAAAG	A	132	138	427	428
16S_rRNA_1289_+	AAAGU	A	137	144	426	427
16S_rRNA_1290_+	AAGUG	G	140	141	432	432
16S_rRNA_1291_+	AGUGC	U	141	142	430	431
16S_rRNA_1292_+	GUGCG	G	148	149	433	436
16S_rRNA_1293_+	UGCGU	C	150	150	435	436
16S_rRNA_1294_+	GCGUC	G	151	151	433	436
16S_rRNA_1295_+	CGUCG	U	144	146	428	429
16S_rRNA_1296_+	GUCGU	C	146	147	433	435
16S_rRNA_1297_+	UCGUA	G	143	144	433	434
16S_rRNA_1298_+	CGUAG	U	140	143	422	425
16S_rRNA_1299_+	GUAGU	A	143	145	421	423
16S_rRNA_1300_+	UAGUC	G	146	148	426	429
16S_rRNA_1301_+	AGUCC	U	145	149	422	428
16S_rRNA_1302_+	GUCCG	C	149	150	431	432
16S_rRNA_1303_+	UCCGG	C	149	151	430	436
16S_rRNA_1304_+	CCGGA	G	147	150	432	435
16S_rRNA_1305_+	CGGAU	G	151	151	435	436
16S_rRNA_1306_+	GGAUU	A	142	147	427	427
16S_rRNA_1307_+	GAUUG	U	138	140	425	426
16S_rRNA_1308_+	AUUGG	U	145	147	424	425
16S_rRNA_1309_+	UUGGA	G	147	148	427	429
16S_rRNA_1310_+	UGGAG	G	149	150	428	429
16S_rRNA_1311_+	GGAGU	A	148	149	420	421
16S_rRNA_1312_+	GAGUC	G	147	150	423	426
16S_rRNA_1313_+	AGUCU	U	140	146	423	424
16S_rRNA_1314_+	GUCUG	C	143	145	423	425
16S_rRNA_1315_+	UCUGC	U	135	144	419	422
16S_rRNA_1316_+	CUGCA	G	131	141	425	426
16S_rRNA_1317_+	UGCAA	C	136	141	426	428
16S_rRNA_1318_+	GCAAC	A	140	145	423	423
16S_rRNA_1319_+	CAACU	A	136	146	425	425
16S_rRNA_1320_+	AACUC	C	138	139	425	426
16S_rRNA_1321_+	ACUCG	U	135	138	418	420
16S_rRNA_1322_+	CUCGA	C	135	142	426	426
16S_rRNA_1323_+	UCGAC	G	148	148	429	429
16S_rRNA_1324_+	CGACU	A	146	147	428	428
16S_rRNA_1325_+	GACUC	C	147	148	428	429
16S_rRNA_1326_+	ACUCC	U	143	147	420	422
16S_rRNA_1327_+	CUCCA	C	148	149	426	426
16S_rRNA_1328_+	UCCAU	C	149	150	428	428
16S_rRNA_1329_+	CCAUG	A	147	149	429	429
16S_rRNA_1330_+	CAUGA	U	128	146	428	429
16S_rRNA_1331_+	AUGAA	G	123	140	430	431
16S_rRNA_1332_+	UGAAG	A	141	145	427	428
16S_rRNA_1333_+	GAAGU	A	141	148	427	429
16S_rRNA_1334_+	AAGUC	G	129	144	433	433
16S_rRNA_1335_+	AGUCG	U	132	150	428	430
16S_rRNA_1336_+	GUCGG	C	151	152	429	435
16S_rRNA_1337_+	UCGGA	G	151	152	437	440
16S_rRNA_1338_+	CGGAA	G	149	153	436	442
16S_rRNA_1339_+	GGAAU	A	151	153	432	433
16S_rRNA_1340_+	GAAUC	A	154	154	429	434
16S_rRNA_1341_+	AAUCG	U	145	153	427	430
16S_rRNA_1342_+	AUCGC	C	152	153	434	435
16S_rRNA_1343_+	UCGCU	G	149	151	438	440
16S_rRNA_1344_+	CGCUA	C	146	149	435	437
16S_rRNA_1345_+	GCUAG	U	141	145	431	433
16S_rRNA_1346_+	CUAGU	A	138	142	431	433
16S_rRNA_1347_+	UAGUA	G	140	140	435	438
16S_rRNA_1348_+	AGUAA	U	142	143	424	433
16S_rRNA_1349_+	GUAAU	A	148	148	424	425
16S_rRNA_1350_+	UAAUC	A	148	148	436	438
16S_rRNA_1351_+	AAUCG	U	146	147	435	437
16S_rRNA_1352_+	AUCGU	C	147	147	438	441
16S_rRNA_1353_+	UCGUG	G	145	145	442	443
16S_rRNA_1354_+	CGUGG	U	142	144	429	435
16S_rRNA_1355_+	GUGGA	G	139	142	430	431
16S_rRNA_1356_+	UGGAU	G	132	139	435	437
16S_rRNA_1357_+	GGAUC	A	116	131	430	431
16S_rRNA_1358_+	GAUCA	U	103	117	428	432
16S_rRNA_1359_+	AUCAG	C	99	111	433	433
16S_rRNA_1360_+	UCAGA	A	101	115	425	428
16S_rRNA_1361_+	CAGAA	G	95	112	427	430
16S_rRNA_1362_+	AGAAU	A	113	127	429	430
16S_rRNA_1363_+	GAAUG	A	118	131	431	432
16S_rRNA_1364_+	AAUGC	U	100	124	430	430
16S_rRNA_1365_+	AUGCC	G	140	142	432	433
16S_rRNA_1366_+	UGCCA	C	144	146	437	439
16S_rRNA_1367_+	GCCAC	C	146	146	437	438
16S_rRNA_1368_+	CCACG	A	147	147	437	438
16S_rRNA_1369_+	CACGG	C	147	147	441	442
16S_rRNA_1370_+	ACGGU	G	146	146	445	446
16S_rRNA_1371_+	CGGUG	G	146	147	445	445
16S_rRNA_1372_+	GGUGA	U	143	145	441	443
16S_rRNA_1373_+	GUGAA	G	141	145	445	445
16S_rRNA_1374_+	UGAAU	A	139	141	441	443
16S_rRNA_1375_+	GAAUA	A	143	146	439	443
16S_rRNA_1376_+	AAUAC	U	112	142	439	440
16S_rRNA_1377_+	AUACG	A	129	141	441	442
16S_rRNA_1378_+	UACGU	C	136	141	446	447
16S_rRNA_1379_+	ACGUU	G	147	147	445	445
16S_rRNA_1380_+	CGUUC	U	143	144	438	440
16S_rRNA_1381_+	GUUCC	U	140	144	431	438
16S_rRNA_1382_+	UUCCC	C	146	146	439	441
16S_rRNA_1383_+	UCCCG	C	148	148	439	439
16S_rRNA_1384_+	CCCGG	C	147	148	435	437
16S_rRNA_1385_+	CCGGG	G	147	147	438	439
16S_rRNA_1386_+	CGGGC	G	146	146	437	440
16S_rRNA_1387_+	GGGCC	G	147	149	437	440
16S_rRNA_1388_+	GGCCU	C	148	148	439	439
16S_rRNA_1389_+	GCCUU	C	140	146	435	436
16S_rRNA_1390_+	CCUUG	U	113	135	432	433
16S_rRNA_1391_+	CUUGU	U	108	129	430	432
16S_rRNA_1392_+	UUGUA	G	111	125	434	435
16S_rRNA_1393_+	UGUAC	U	121	139	429	431
16S_rRNA_1394_+	GUACA	A	130	134	426	427
16S_rRNA_1395_+	UACAC	C	130	139	433	433
16S_rRNA_1396_+	ACACA	A	145	146	426	426
16S_rRNA_1397_+	CACAC	C	146	148	433	434
16S_rRNA_1398_+	ACACC	A	142	144	423	426
16S_rRNA_1399_+	CACCG	C	147	149	428	430
16S_rRNA_1400_+	ACCGC	C	146	147	429	430
16S_rRNA_1401_+	CCGCC	G	145	150	416	419
16S_rRNA_1402_+	CGCCC	C	145	149	416	422
16S_rRNA_1403_+	GCCCG	C	150	150	423	424
16S_rRNA_1404_+	CCCGU	C	152	152	420	421
16S_rRNA_1405_+	CCGUC	G	152	152	418	420
16S_rRNA_1406_+	CGUCA	U	150	151	408	410
16S_rRNA_1407_+	GUCAC	C	149	149	408	410
16S_rRNA_1408_+	UCACA	A	141	146	402	406
16S_rRNA_1409_+	CACAC	C	148	149	412	413
16S_rRNA_1410_+	ACACC	A	145	149	403	406
16S_rRNA_1411_+	CACCA	C	149	149	406	409
16S_rRNA_1412_+	ACCAU	C	148	149	412	413
16S_rRNA_1413_+	CCAUG	A	129	143	400	405
16S_rRNA_1414_+	CAUGG	U	125	137	400	404
16S_rRNA_1415_+	AUGGG	G	139	141	408	411
16S_rRNA_1416_+	UGGGA	G	138	144	413	414
16S_rRNA_1417_+	GGGAG	G	144	145	407	411
16S_rRNA_1418_+	GGAGU	A	142	143	396	397
16S_rRNA_1419_+	GAGUG	G	142	145	404	405
16S_rRNA_1420_+	AGUGG	U	141	144	399	403
16S_rRNA_1421_+	GUGGG	G	146	147	406	408
16S_rRNA_1422_+	UGGGU	G	145	149	404	410
16S_rRNA_1423_+	GGGUU	G	146	148	405	407
16S_rRNA_1424_+	GGUUG	U	145	145	398	400
16S_rRNA_1425_+	GUUGC	U	148	149	403	405
16S_rRNA_1426_+	UUGCA	G	149	151	408	409
16S_rRNA_1427_+	UGCAA	C	147	150	399	410
16S_rRNA_1428_+	GCAAA	A	146	147	398	401
16S_rRNA_1429_+	CAAAA	A	147	148	403	407
16S_rRNA_1430_+	AAAAG	A	147	148	408	410
16S_rRNA_1431_+	AAAGA	A	146	148	407	410
16S_rRNA_1432_+	AAGAA	G	144	147	405	411
16S_rRNA_1433_+	AGAAG	A	144	148	407	410
16S_rRNA_1434_+	GAAGU	A	146	146	417	419
16S_rRNA_1435_+	AAGUA	G	143	146	413	421
16S_rRNA_1436_+	AGUAG	U	144	146	415	418
16S_rRNA_1437_+	GUAGG	A	145	145	413	415
16S_rRNA_1438_+	UAGGU	G	135	146	422	424
16S_rRNA_1439_+	AGGUA	G	130	135	425	430
16S_rRNA_1440_+	GGUAG	U	115	123	406	409
16S_rRNA_1441_+	GUAGC	A	114	116	404	404
16S_rRNA_1442_+	UAGCU	G	129	131	411	411
16S_rRNA_1443_+	AGCUU	C	117	129	411	412
16S_rRNA_1444_+	GCUUA	U	102	116	398	399
16S_rRNA_1445_+	CUUAA	U	101	115	401	405
16S_rRNA_1446_+	UUAAC	A	115	118	400	402
16S_rRNA_1447_+	UAACC	A	111	123	411	411
16S_rRNA_1448_+	AACCU	C	137	137	411	412
16S_rRNA_1449_+	ACCUU	C	135	135	407	409
16S_rRNA_1450_+	CCUUC	U	132	134	407	407
16S_rRNA_1451_+	CUUCG	U	127	134	405	409
16S_rRNA_1452_+	UUCGG	C	126	135	409	409
16S_rRNA_1453_+	UCGGG	G	131	140	410	412
16S_rRNA_1454_+	CGGGA	G	138	141	412	412
16S_rRNA_1455_+	GGGAG	G	134	139	412	412
16S_rRNA_1456_+	GGAGG	A	130	137	402	402
16S_rRNA_1457_+	GAGGG	G	139	141	404	406
16S_rRNA_1458_+	AGGGC	G	143	145	409	413
16S_rRNA_1459_+	GGGCG	G	143	144	407	409
16S_rRNA_1460_+	GGCGC	C	145	146	407	408
16S_rRNA_1461_+	GCGCU	G	144	144	408	410
16S_rRNA_1462_+	CGCUU	C	142	143	408	408
16S_rRNA_1463_+	GCUUA	U	135	136	405	405
16S_rRNA_1464_+	CUUAC	U	137	140	412	412
16S_rRNA_1465_+	UUACC	A	141	143	414	414
16S_rRNA_1466_+	UACCA	C	139	139	418	420
16S_rRNA_1467_+	ACCAC	C	141	141	418	419
16S_rRNA_1468_+	CCACU	A	140	143	414	415
16S_rRNA_1469_+	CACUU	C	136	141	414	415
16S_rRNA_1470_+	ACUUU	U	138	139	411	413
16S_rRNA_1471_+	CUUUG	U	135	140	409	412
16S_rRNA_1472_+	UUUGU	U	139	139	413	415
16S_rRNA_1473_+	UUGUG	G	137	141	421	422
16S_rRNA_1474_+	UGUGA	U	136	140	413	415
16S_rRNA_1475_+	GUGAU	G	139	139	417	417
16S_rRNA_1476_+	UGAUU	A	137	139	414	414
16S_rRNA_1477_+	GAUUC	U	135	136	415	415
16S_rRNA_1478_+	AUUCA	U	134	134	411	413
16S_rRNA_1479_+	UUCAU	C	135	136	417	417
16S_rRNA_1480_+	UCAUG	A	130	137	409	412
16S_rRNA_1481_+	CAUGA	U	126	128	408	410
16S_rRNA_1482_+	AUGAC	G	130	131	406	411
16S_rRNA_1483_+	UGACU	A	127	130	401	409
16S_rRNA_1484_+	GACUG	C	132	132	406	409
16S_rRNA_1485_+	ACUGG	U	117	124	397	404
16S_rRNA_1486_+	CUGGG	G	126	128	396	405
16S_rRNA_1487_+	UGGGG	G	127	127	397	401
16S_rRNA_1488_+	GGGGU	G	124	124	398	403
16S_rRNA_1489_+	GGGUG	G	123	124	384	391
16S_rRNA_1490_+	GGUGA	U	106	111	363	366
16S_rRNA_1491_+	GUGAA	G	112	114	364	367
16S_rRNA_1492_+	UGAAG	A	109	113	359	360
16S_rRNA_1493_+	GAAGU	A	115	116	355	356
16S_rRNA_1494_+	AAGUC	G	110	115	351	354
16S_rRNA_1495_+	AGUCG	U	103	113	348	351
16S_rRNA_1496_+	GUCGU	C	103	111	354	356
16S_rRNA_1497_+	UCGUA	G	106	110	350	362
16S_rRNA_1498_+	CGUAA	U	94	110	246	335
16S_rRNA_1499_+	GUAAC	A	107	111	350	351
16S_rRNA_1500_+	UAACA	A	107	109	349	350
16S_rRNA_1501_+	AACAA	C	109	110	351	354
16S_rRNA_1502_+	ACAAG	A	111	112	350	350
16S_rRNA_1503_+	CAAGG	A	109	110	348	349
16S_rRNA_1504_+	AAGGU	G	104	108	352	354
16S_rRNA_1505_+	AGGUA	G	107	110	358	358
16S_rRNA_1506_+	GGUAA	U	101	105	348	348
16S_rRNA_1507_+	GUAAC	A	104	105	348	348
16S_rRNA_1508_+	UAACC	A	104	104	345	346
16S_rRNA_1509_+	AACCG	C	105	105	348	349
16S_rRNA_1510_+	ACCGU	C	103	105	343	345
16S_rRNA_1511_+	CCGUA	G	100	101	343	345
16S_rRNA_1512_+	CGUAG	U	98	99	329	330
16S_rRNA_1513_+	GUAGG	A	99	101	318	330
16S_rRNA_1514_+	UAGGG	G	99	101	309	316
16S_rRNA_1515_+	AGGGG	G	102	104	326	329
16S_rRNA_1516_+	GGGGA	G	105	105	332	332
16S_rRNA_1517_+	GGGAA	G	101	105	314	319
16S_rRNA_1518_+	GGAAC	A	97	100	298	302
16S_rRNA_1519_+	GAACC	A	95	96	294	301
16S_rRNA_1520_+	AACCU	C	95	95	302	303
16S_rRNA_1521_+	ACCUG	C	96	96	298	299
16S_rRNA_1522_+	CCUGC	U	91	92	303	303
16S_rRNA_1523_+	CUGCG	G	90	90	300	300
16S_rRNA_1524_+	UGCGG	C	89	90	297	298
16S_rRNA_1525_+	GCGGU	G	87	88	289	291
16S_rRNA_1526_+	CGGUU	G	88	88	288	291
16S_rRNA_1527_+	GGUUG	U	78	78	282	283
16S_rRNA_1528_+	GUUGG	U	86	86	282	282
16S_rRNA_1529_+	UUGGA	G	79	79	276	276
16S_rRNA_1530_+	UGGAU	G	80	80	273	274
16S_rRNA_1531_+	GGAUC	A	70	73	269	270
16S_rRNA_1532_+	GAUCA	U	69	71	268	268
16S_rRNA_1533_+	AUCAC	C	72	74	261	261
16S_rRNA_1534_+	UCACC	A	65	65	256	257
16S_rRNA_1535_+	CACCU	C	71	72	258	258
16S_rRNA_1536_+	ACCUC	C	67	68	247	249
16S_rRNA_1537_+	CCUCC	U	61	63	242	244
16S_rRNA_1538_+	CUCCU	C	62	62	231	232
16S_rRNA_1539_+	UCCUU	C	58	60	228	229
16S_rRNA_1540_+	CCUUA	U	57	57	221	221
16S_rRNA_1541_+	CUUAN	U	55	55	216	216
16S_rRNA_1542_+	UUANN	A	50	50	196	196
23S_rRNA_1_+	NNGGU	G	51	51	214	214
23S_rRNA_2_+	NGGUU	G	52	52	219	219
23S_rRNA_3_+	GGUUA	U	52	52	211	211
23S_rRNA_4_+	GUUAA	U	54	55	227	231
23S_rRNA_5_+	UUAAG	A	55	56	239	240
23S_rRNA_6_+	UAAGC	A	63	63	251	251
23S_rRNA_7_+	AAGCG	G	65	65	253	254
23S_rRNA_8_+	AGCGA	C	68	68	261	262
23S_rRNA_9_+	GCGAC	G	71	71	267	268
23S_rRNA_10_+	CGACU	A	69	72	272	273
23S_rRNA_11_+	GACUA	C	74	74	277	278
23S_rRNA_12_+	ACUAA	U	72	75	282	282
23S_rRNA_13_+	CUAAG	A	82	82	289	289
23S_rRNA_14_+	UAAGC	A	85	86	295	295
23S_rRNA_15_+	AAGCG	G	89	89	300	300
23S_rRNA_16_+	AGCGU	C	88	89	305	307
23S_rRNA_17_+	GCGUA	G	92	92	316	317
23S_rRNA_18_+	CGUAC	U	93	93	315	316
23S_rRNA_19_+	GUACA	A	92	92	327	327
23S_rRNA_20_+	UACAC	C	95	95	332	333
23S_rRNA_21_+	ACACG	A	97	97	341	341
23S_rRNA_22_+	CACGG	C	99	99	348	349
23S_rRNA_23_+	ACGGU	G	104	104	356	357
23S_rRNA_24_+	CGGUG	G	109	110	363	365
23S_rRNA_25_+	GGUGG	U	103	106	351	354
23S_rRNA_26_+	GUGGA	G	110	111	377	378
23S_rRNA_27_+	UGGAU	G	117	117	382	383
23S_rRNA_28_+	GGAUG	A	107	116	377	378
23S_rRNA_29_+	GAUGC	U	108	111	374	374
23S_rRNA_30_+	AUGCC	G	117	121	361	380
23S_rRNA_31_+	UGCCC	C	123	124	355	356
23S_rRNA_32_+	GCCCU	C	127	127	379	381
23S_rRNA_33_+	CCCUG	C	126	128	371	371
23S_rRNA_34_+	CCUGG	U	123	126	365	367
23S_rRNA_35_+	CUGGC	G	128	129	375	375
23S_rRNA_36_+	UGGCA	G	130	131	372	374
23S_rRNA_37_+	GGCAG	C	132	134	377	378
23S_rRNA_38_+	GCAGU	A	131	131	375	376
23S_rRNA_39_+	CAGUC	G	134	134	382	384
23S_rRNA_40_+	AGUCA	U	132	132	379	380
23S_rRNA_41_+	GUCAG	C	133	135	373	376
23S_rRNA_42_+	UCAGA	A	129	130	370	373
23S_rRNA_43_+	CAGAG	G	134	134	374	378
23S_rRNA_44_+	AGAGG	A	130	133	379	380
23S_rRNA_45_+	GAGGC	G	131	132	379	382
23S_rRNA_46_+	AGGCG	G	138	138	388	388
23S_rRNA_47_+	GGCGA	C	135	136	386	387
23S_rRNA_48_+	GCGAU	G	135	135	390	391
23S_rRNA_49_+	CGAUG	A	136	138	394	395
23S_rRNA_50_+	GAUGA	U	134	135	388	392
23S_rRNA_51_+	AUGAA	G	140	140	394	395
23S_rRNA_52_+	UGAAG	A	137	137	396	396
23S_rRNA_53_+	GAAGG	A	136	137	392	394
23S_rRNA_54_+	AAGGA	G	134	136	388	392
23S_rRNA_55_+	AGGAC	G	138	138	396	397
23S_rRNA_56_+	GGACG	A	131	133	390	392
23S_rRNA_57_+	GACGU	C	130	130	393	396
23S_rRNA_58_+	ACGUG	G	134	134	393	394
23S_rRNA_59_+	CGUGC	U	131	131	377	379
23S_rRNA_60_+	GUGCU	G	132	133	390	392
23S_rRNA_61_+	UGCUA	C	132	132	387	389
23S_rRNA_62_+	GCUAA	U	124	131	380	385
23S_rRNA_63_+	CUAAU	A	128	129	387	388
23S_rRNA_64_+	UAAUC	A	130	130	388	389
23S_rRNA_65_+	AAUCU	U	133	133	386	387
23S_rRNA_66_+	AUCUG	C	134	134	386	390
23S_rRNA_67_+	UCUGC	U	132	133	385	386
23S_rRNA_68_+	CUGCG	G	132	132	398	400
23S_rRNA_69_+	UGCGA	C	130	134	397	399
23S_rRNA_70_+	GCGAU	G	132	132	400	402
23S_rRNA_71_+	CGAUA	A	130	135	397	400
23S_rRNA_72_+	GAUAA	U	136	136	398	399
23S_rRNA_73_+	AUAAG	A	133	133	401	403
23S_rRNA_74_+	UAAGC	A	133	133	406	406
23S_rRNA_75_+	AAGCG	G	134	136	407	409
23S_rRNA_76_+	AGCGU	C	137	137	412	415
23S_rRNA_77_+	GCGUC	G	136	136	413	416
23S_rRNA_78_+	CGUCG	U	133	133	405	407
23S_rRNA_79_+	GUCGG	C	141	141	407	412
23S_rRNA_80_+	UCGGU	G	140	141	414	414
23S_rRNA_81_+	CGGUA	G	138	141	414	416
23S_rRNA_82_+	GGUAA	U	130	134	406	408
23S_rRNA_83_+	GUAAG	A	126	130	409	412
23S_rRNA_84_+	UAAGG	A	131	134	409	414
23S_rRNA_85_+	AAGGU	G	138	141	415	416
23S_rRNA_86_+	AGGUG	G	139	140	420	421
23S_rRNA_87_+	GGUGA	U	135	135	409	411
23S_rRNA_88_+	GUGAU	G	138	141	418	419
23S_rRNA_89_+	UGAUA	A	134	135	411	413
23S_rRNA_90_+	GAUAU	U	136	137	409	412
23S_rRNA_91_+	AUAUG	A	108	137	413	413
23S_rRNA_92_+	UAUGA	U	107	111	412	413
23S_rRNA_93_+	AUGAA	G	137	143	416	417
23S_rRNA_94_+	UGAAC	A	140	143	411	412
23S_rRNA_95_+	GAACC	A	142	144	412	413
23S_rRNA_96_+	AACCG	C	145	145	418	418
23S_rRNA_97_+	ACCGU	C	140	144	418	420
23S_rRNA_98_+	CCGUU	G	120	143	419	419
23S_rRNA_99_+	CGUUA	U	97	118	413	414
23S_rRNA_100_+	GUUAU	U	107	122	409	411
23S_rRNA_101_+	UUAUA	A	125	129	409	410
23S_rRNA_102_+	UAUAA	U	139	140	411	411
23S_rRNA_103_+	AUAAC	A	144	144	411	411
23S_rRNA_104_+	UAACC	A	144	144	414	415
23S_rRNA_105_+	AACCG	C	147	147	418	418
23S_rRNA_106_+	ACCGG	C	146	147	416	417
23S_rRNA_107_+	CCGGC	G	149	149	419	419
23S_rRNA_108_+	CGGCG	G	149	149	419	420
23S_rRNA_109_+	GGCGA	C	148	148	412	415
23S_rRNA_110_+	GCGAU	G	150	150	418	419
23S_rRNA_111_+	CGAUU	A	148	150	417	417
23S_rRNA_112_+	GAUUU	U	149	150	420	420
23S_rRNA_113_+	AUUUC	U	151	151	420	420
23S_rRNA_114_+	UUUCC	U	146	149	417	420
23S_rRNA_115_+	UUCCG	C	150	150	425	426
23S_rRNA_116_+	UCCGA	C	148	150	426	431
23S_rRNA_117_+	CCGAA	G	150	150	429	430
23S_rRNA_118_+	CGAAU	A	151	153	423	424
23S_rRNA_119_+	GAAUG	A	153	153	426	427
23S_rRNA_120_+	AAUGG	U	150	153	420	427
23S_rRNA_121_+	AUGGG	G	149	149	426	427
23S_rRNA_122_+	UGGGG	G	149	150	427	430
23S_rRNA_123_+	GGGGA	G	152	152	432	433
23S_rRNA_124_+	GGGAA	G	144	151	422	428
23S_rRNA_125_+	GGAAA	A	136	140	401	401
23S_rRNA_126_+	GAAAC	A	146	146	403	404
23S_rRNA_127_+	AAACC	A	143	143	399	402
23S_rRNA_128_+	AACCC	C	143	144	407	409
23S_rRNA_129_+	ACCCA	C	140	140	406	407
23S_rRNA_130_+	CCCAG	C	137	137	405	407
23S_rRNA_131_+	CCAGU	A	136	138	404	404
23S_rRNA_132_+	CAGUG	G	140	140	403	407
23S_rRNA_133_+	AGUGU	U	136	140	401	406
23S_rRNA_134_+	GUGUG	G	143	144	410	410
23S_rRNA_135_+	UGUGU	U	140	143	407	410
23S_rRNA_136_+	GUGUU	G	124	140	411	413
23S_rRNA_137_+	UGUUU	U	128	128	402	403
23S_rRNA_138_+	GUUUC	U	121	134	404	404
23S_rRNA_139_+	UUUCG	U	129	142	398	400
23S_rRNA_140_+	UUCGA	C	100	136	404	406
23S_rRNA_141_+	UCGAC	G	115	130	405	408
23S_rRNA_142_+	CGACA	A	139	141	402	404
23S_rRNA_143_+	GACAC	C	143	144	409	411
23S_rRNA_144_+	ACACA	A	145	145	407	409
23S_rRNA_145_+	CACAC	C	149	149	414	415
23S_rRNA_146_+	ACACU	A	149	149	412	414
23S_rRNA_147_+	CACUA	C	150	150	415	416
23S_rRNA_148_+	ACUAU	U	147	147	414	415
23S_rRNA_149_+	CUAUC	A	146	147	416	417
23S_rRNA_150_+	UAUCA	U	147	147	420	420
23S_rRNA_151_+	AUCAU	C	147	148	423	425
23S_rRNA_152_+	UCAUU	A	146	147	421	425
23S_rRNA_153_+	CAUUA	U	147	147	422	423
23S_rRNA_154_+	AUUAA	U	143	144	420	422
23S_rRNA_155_+	UUAAC	A	145	145	422	423
23S_rRNA_156_+	UAACU	A	146	146	424	427
23S_rRNA_157_+	AACUG	C	146	147	428	431
23S_rRNA_158_+	ACUGA	U	136	143	421	424
23S_rRNA_159_+	CUGAA	G	130	135	425	427
23S_rRNA_160_+	UGAAU	A	133	137	421	421
23S_rRNA_161_+	GAAUC	A	132	137	421	424
23S_rRNA_162_+	AAUCC	U	124	136	422	427
23S_rRNA_163_+	AUCCA	C	131	132	427	429
23S_rRNA_164_+	UCCAU	C	136	140	429	429
23S_rRNA_165_+	CCAUA	A	133	141	427	427
23S_rRNA_166_+	CAUAG	U	134	137	423	424
23S_rRNA_167_+	AUAGG	A	139	141	421	422
23S_rRNA_168_+	UAGGU	G	141	141	424	425
23S_rRNA_169_+	AGGUU	G	144	144	428	431
23S_rRNA_170_+	GGUUA	U	141	141	411	415
23S_rRNA_171_+	GUUAA	U	138	138	418	421
23S_rRNA_172_+	UUAAU	A	139	139	420	420
23S_rRNA_173_+	UAAUG	A	141	141	425	426
23S_rRNA_174_+	AAUGA	U	141	141	418	418
23S_rRNA_175_+	AUGAG	G	140	140	419	419
23S_rRNA_176_+	UGAGG	A	139	140	413	414
23S_rRNA_177_+	GAGGC	G	138	140	419	420
23S_rRNA_178_+	AGGCG	G	140	140	421	422
23S_rRNA_179_+	GGCGA	C	137	137	417	422
23S_rRNA_180_+	GCGAA	G	136	138	416	423
23S_rRNA_181_+	CGAAC	A	135	135	414	417
23S_rRNA_182_+	GAACC	A	135	137	415	420
23S_rRNA_183_+	AACCG	C	137	137	420	423
23S_rRNA_184_+	ACCGG	C	137	138	413	426
23S_rRNA_185_+	CCGGG	G	138	138	416	421
23S_rRNA_186_+	CGGGG	G	140	140	420	424
23S_rRNA_187_+	GGGGG	G	137	138	424	429
23S_rRNA_188_+	GGGGA	G	134	134	419	426
23S_rRNA_189_+	GGGAA	G	129	133	416	420
23S_rRNA_190_+	GGAAC	A	127	130	415	416
23S_rRNA_191_+	GAACU	A	129	133	410	412
23S_rRNA_192_+	AACUG	C	130	130	415	417
23S_rRNA_193_+	ACUGA	U	127	129	413	415
23S_rRNA_194_+	CUGAA	G	117	132	417	420
23S_rRNA_195_+	UGAAA	A	119	122	420	422
23S_rRNA_196_+	GAAAC	A	122	123	422	423
23S_rRNA_197_+	AAACA	A	139	142	424	425
23S_rRNA_198_+	AACAU	C	132	138	430	430
23S_rRNA_199_+	ACAUC	A	126	135	424	425
23S_rRNA_200_+	CAUCU	U	126	133	422	425
23S_rRNA_201_+	AUCUA	C	133	136	424	424
23S_rRNA_202_+	UCUAA	U	130	141	421	424
23S_rRNA_203_+	CUAAG	A	138	139	429	429
23S_rRNA_204_+	UAAGU	A	141	142	433	434
23S_rRNA_205_+	AAGUA	G	142	143	438	440
23S_rRNA_206_+	AGUAC	U	141	141	434	439
23S_rRNA_207_+	GUACC	A	143	143	433	437
23S_rRNA_208_+	UACCC	C	145	145	442	443
23S_rRNA_209_+	ACCCC	C	144	144	441	442
23S_rRNA_210_+	CCCCG	C	146	147	443	443
23S_rRNA_211_+	CCCGA	C	145	145	443	444
23S_rRNA_212_+	CCGAG	G	146	146	436	437
23S_rRNA_213_+	CGAGG	A	142	142	428	430
23S_rRNA_214_+	GAGGA	G	148	148	433	434
23S_rRNA_215_+	AGGAA	G	146	148	432	436
23S_rRNA_216_+	GGAAA	A	147	147	432	433
23S_rRNA_217_+	GAAAA	A	146	147	433	435
23S_rRNA_218_+	AAAAG	A	147	147	437	438
23S_rRNA_219_+	AAAGA	A	145	146	436	437
23S_rRNA_220_+	AAGAA	G	145	147	437	440
23S_rRNA_221_+	AGAAA	A	148	148	434	437
23S_rRNA_222_+	GAAAU	A	149	149	436	438
23S_rRNA_223_+	AAAUC	A	151	151	435	437
23S_rRNA_224_+	AAUCA	U	148	151	431	435
23S_rRNA_225_+	AUCAA	C	143	147	434	438
23S_rRNA_226_+	UCAAC	A	142	143	429	433
23S_rRNA_227_+	CAACC	A	129	142	432	434
23S_rRNA_228_+	AACCG	C	123	130	438	438
23S_rRNA_229_+	ACCGA	C	119	145	439	439
23S_rRNA_230_+	CCGAG	G	124	126	433	434
23S_rRNA_231_+	CGAGA	A	115	124	420	422
23S_rRNA_232_+	GAGAU	G	136	140	424	424
23S_rRNA_233_+	AGAUU	A	138	139	419	419
23S_rRNA_234_+	GAUUC	U	136	137	416	418
23S_rRNA_235_+	AUUCC	U	137	139	419	421
23S_rRNA_236_+	UUCCC	C	138	140	424	426
23S_rRNA_237_+	UCCCC	C	140	141	424	426
23S_rRNA_238_+	CCCCC	C	141	141	427	427
23S_rRNA_239_+	CCCCA	C	141	142	424	425
23S_rRNA_240_+	CCCAG	C	140	140	423	424
23S_rRNA_241_+	CCAGU	A	139	139	415	416
23S_rRNA_242_+	CAGUA	G	138	138	422	422
23S_rRNA_243_+	AGUAG	U	136	138	419	420
23S_rRNA_244_+	GUAGC	A	137	139	418	421
23S_rRNA_245_+	UAGCG	G	137	139	426	428
23S_rRNA_246_+	AGCGG	C	128	138	426	431
23S_rRNA_247_+	GCGGC	G	121	138	428	429
23S_rRNA_248_+	CGGCG	G	134	143	426	428
23S_rRNA_249_+	GGCGA	C	126	139	424	425
23S_rRNA_250_+	GCGAG	G	138	143	424	424
23S_rRNA_251_+	CGAGC	A	136	140	416	416
23S_rRNA_252_+	GAGCG	G	143	143	421	422
23S_rRNA_253_+	AGCGA	C	144	145	423	427
23S_rRNA_254_+	GCGAA	G	142	143	426	427
23S_rRNA_255_+	CGAAC	A	139	140	413	416
23S_rRNA_256_+	GAACG	A	144	144	421	422
23S_rRNA_257_+	AACGG	C	142	144	425	428
23S_rRNA_258_+	ACGGG	G	144	145	427	428
23S_rRNA_259_+	CGGGG	G	145	145	428	430
23S_rRNA_260_+	GGGGA	G	144	144	431	432
23S_rRNA_261_+	GGGAG	G	148	148	433	434
23S_rRNA_262_+	GGAGG	A	146	146	428	428
23S_rRNA_263_+	GAGGA	G	145	146	425	425
23S_rRNA_264_+	AGGAG	G	17	141	47	410
23S_rRNA_265_+	GGAGC	A	148	148	425	426
23S_rRNA_266_+	GAGCC	G	149	150	430	433
23S_rRNA_267_+	AGCCC	C	149	150	436	438
23S_rRNA_268_+	GCCCA	C	151	151	438	440
23S_rRNA_269_+	CCCAG	C	151	151	436	438
23S_rRNA_270_+	CCAGA	A	144	149	424	428
23S_rRNA_271_+	CAGAG	G	148	149	430	432
23S_rRNA_272_+	AGAGC	A	146	148	427	429
23S_rRNA_273_+	GAGCC	G	144	147	434	435
23S_rRNA_274_+	AGCCU	C	140	143	434	436
23S_rRNA_275_+	GCCUG	C	132	140	432	433
23S_rRNA_276_+	CCUGA	U	114	133	423	428
23S_rRNA_277_+	CUGAA	G	114	136	430	430
23S_rRNA_278_+	UGAAU	A	130	134	423	426
23S_rRNA_279_+	GAAUC	A	135	139	425	426
23S_rRNA_280_+	AAUCA	U	128	138	424	426
23S_rRNA_281_+	AUCAG	C	143	143	427	430
23S_rRNA_282_+	UCAGU	A	139	143	426	427
23S_rRNA_283_+	CAGUG	G	140	140	431	431
23S_rRNA_284_+	AGUGU	U	141	141	420	423
23S_rRNA_285_+	GUGUG	G	146	146	423	423
23S_rRNA_286_+	UGUGU	U	142	142	418	421
23S_rRNA_287_+	GUGUG	G	145	145	421	424
23S_rRNA_288_+	UGUGU	U	142	142	415	418
23S_rRNA_289_+	GUGUG	G	143	143	421	423
23S_rRNA_290_+	UGUGU	U	141	142	413	416
23S_rRNA_291_+	GUGUU	G	142	142	424	426
23S_rRNA_292_+	UGUUA	U	141	143	412	415
23S_rRNA_293_+	GUUAG	U	140	142	414	416
23S_rRNA_294_+	UUAGU	A	140	142	415	415
23S_rRNA_295_+	UAGUG	G	145	145	419	420
23S_rRNA_296_+	AGUGG	U	140	144	416	419
23S_rRNA_297_+	GUGGA	G	142	142	421	425
23S_rRNA_298_+	UGGAA	G	143	144	426	428
23S_rRNA_299_+	GGAAG	A	142	142	414	416
23S_rRNA_300_+	GAAGC	A	143	143	408	410
23S_rRNA_301_+	AAGCG	G	145	145	411	414
23S_rRNA_302_+	AGCGU	C	144	145	412	413
23S_rRNA_303_+	GCGUC	G	146	146	414	415
23S_rRNA_304_+	CGUCU	U	145	145	408	408
23S_rRNA_305_+	GUCUG	C	144	144	408	410
23S_rRNA_306_+	UCUGG	U	142	143	401	403
23S_rRNA_307_+	CUGGA	G	145	145	410	410
23S_rRNA_308_+	UGGAA	G	138	142	408	414
23S_rRNA_309_+	GGAAA	A	141	141	410	412
23S_rRNA_310_+	GAAAG	A	144	144	411	414
23S_rRNA_311_+	AAAGG	A	145	146	416	419
23S_rRNA_312_+	AAGGC	G	145	146	417	418
23S_rRNA_313_+	AGGCG	G	145	146	419	420
23S_rRNA_314_+	GGCGC	C	145	145	417	421
23S_rRNA_315_+	GCGCG	G	145	145	417	417
23S_rRNA_316_+	CGCGC	C	122	143	350	415
23S_rRNA_317_+	GCGCG	G	144	144	414	417
23S_rRNA_318_+	CGCGA	C	145	145	414	416
23S_rRNA_319_+	GCGAU	G	144	146	414	415
23S_rRNA_320_+	CGAUA	A	143	143	415	415
23S_rRNA_321_+	GAUAC	U	138	143	415	416
23S_rRNA_322_+	AUACA	A	134	141	415	417
23S_rRNA_323_+	UACAG	C	130	136	420	420
23S_rRNA_324_+	ACAGG	A	140	142	419	421
23S_rRNA_325_+	CAGGG	G	145	145	424	424
23S_rRNA_326_+	AGGGU	G	146	148	425	425
23S_rRNA_327_+	GGGUG	G	147	148	422	424
23S_rRNA_328_+	GGUGA	U	143	143	408	409
23S_rRNA_329_+	GUGAC	G	145	146	413	414
23S_rRNA_330_+	UGACA	A	144	145	413	414
23S_rRNA_331_+	GACAG	C	146	146	417	419
23S_rRNA_332_+	ACAGC	A	147	147	416	418
23S_rRNA_333_+	CAGCC	G	146	147	416	420
23S_rRNA_334_+	AGCCC	C	149	149	423	423
23S_rRNA_335_+	GCCCC	C	150	150	426	426
23S_rRNA_336_+	CCCCG	C	149	149	428	428
23S_rRNA_337_+	CCCGU	C	148	148	428	429
23S_rRNA_338_+	CCGUA	G	146	146	427	428
23S_rRNA_339_+	CGUAC	U	142	143	424	427
23S_rRNA_340_+	GUACA	A	145	145	426	426
23S_rRNA_341_+	UACAC	C	148	148	428	431
23S_rRNA_342_+	ACACA	A	147	147	428	431
23S_rRNA_343_+	CACAA	C	126	148	430	436
23S_rRNA_344_+	ACAAA	A	125	125	430	432
23S_rRNA_345_+	CAAAA	A	127	134	438	438
23S_rRNA_346_+	AAAAA	A	146	147	441	441
23S_rRNA_347_+	AAAAU	A	148	149	439	439
23S_rRNA_348_+	AAAUG	A	146	146	443	443
23S_rRNA_349_+	AAUGC	U	143	144	442	443
23S_rRNA_350_+	AUGCA	G	146	146	438	441
23S_rRNA_351_+	UGCAC	C	146	147	440	441
23S_rRNA_352_+	GCACA	A	148	148	437	440
23S_rRNA_353_+	CACAU	C	151	151	444	446
23S_rRNA_354_+	ACAUG	A	149	150	442	442
23S_rRNA_355_+	CAUGC	U	148	148	440	441
23S_rRNA_356_+	AUGCU	G	151	151	442	444
23S_rRNA_357_+	UGCUG	C	145	148	438	439
23S_rRNA_358_+	GCUGU	U	142	144	435	436
23S_rRNA_359_+	CUGUG	G	143	144	438	439
23S_rRNA_360_+	UGUGA	U	141	146	435	436
23S_rRNA_361_+	GUGAG	G	140	141	436	436
23S_rRNA_362_+	UGAGC	A	143	145	435	435
23S_rRNA_363_+	GAGCU	G	149	149	438	439
23S_rRNA_364_+	AGCUC	C	149	149	436	437
23S_rRNA_365_+	GCUCG	U	146	148	433	434
23S_rRNA_366_+	CUCGA	C	138	145	438	438
23S_rRNA_367_+	UCGAU	G	137	139	437	437
23S_rRNA_368_+	CGAUG	A	119	137	432	435
23S_rRNA_369_+	GAUGA	U	130	132	435	435
23S_rRNA_370_+	AUGAG	G	146	147	433	436
23S_rRNA_371_+	UGAGU	A	141	143	424	427
23S_rRNA_372_+	GAGUA	G	142	145	428	430
23S_rRNA_373_+	AGUAG	U	140	143	428	429
23S_rRNA_374_+	GUAGG	A	143	143	424	426
23S_rRNA_375_+	UAGGG	G	147	147	426	430
23S_rRNA_376_+	AGGGC	G	148	148	427	435
23S_rRNA_377_+	GGGCG	G	138	146	427	429
23S_rRNA_378_+	GGCGG	C	139	140	424	425
23S_rRNA_379_+	GCGGG	G	146	146	431	433
23S_rRNA_380_+	CGGGA	G	144	145	428	431
23S_rRNA_381_+	GGGAC	G	130	143	426	428
23S_rRNA_382_+	GGACA	A	127	128	424	424
23S_rRNA_383_+	GACAC	C	125	130	426	429
23S_rRNA_384_+	ACACG	A	133	141	428	429
23S_rRNA_385_+	CACGU	C	129	138	433	433
23S_rRNA_386_+	ACGUG	G	108	135	429	430
23S_rRNA_387_+	CGUGG	U	109	123	425	425
23S_rRNA_388_+	GUGGU	G	116	130	428	429
23S_rRNA_389_+	UGGUA	G	128	137	427	430
23S_rRNA_390_+	GGUAU	U	124	132	422	423
23S_rRNA_391_+	GUAUC	A	134	137	426	426
23S_rRNA_392_+	UAUCC	U	145	145	422	423
23S_rRNA_393_+	AUCCU	C	147	149	427	427
23S_rRNA_394_+	UCCUG	C	146	146	424	425
23S_rRNA_395_+	CCUGU	U	145	145	420	420
23S_rRNA_396_+	CUGUC	G	149	150	429	429
23S_rRNA_397_+	UGUCU	U	146	148	424	426
23S_rRNA_398_+	GUCUG	C	143	145	426	426
23S_rRNA_399_+	UCUGA	U	142	144	422	424
23S_rRNA_400_+	CUGAA	G	142	145	426	428
23S_rRNA_401_+	UGAAU	A	137	141	422	423
23S_rRNA_402_+	GAAUA	A	136	141	427	428
23S_rRNA_403_+	AAUAU	U	74	135	427	430
23S_rRNA_404_+	AUAUG	A	82	101	428	429
23S_rRNA_405_+	UAUGG	U	139	147	419	426
23S_rRNA_406_+	AUGGG	G	146	148	425	426
23S_rRNA_407_+	UGGGG	G	149	150	432	435
23S_rRNA_408_+	GGGGG	G	151	151	431	434
23S_rRNA_409_+	GGGGG	G	149	150	425	432
23S_rRNA_410_+	GGGGA	G	148	149	429	432
23S_rRNA_411_+	GGGAC	G	145	150	428	430
23S_rRNA_412_+	GGACC	A	146	150	422	422
23S_rRNA_413_+	GACCA	C	152	152	430	430
23S_rRNA_414_+	ACCAU	C	148	153	428	431
23S_rRNA_415_+	CCAUC	A	147	152	425	426
23S_rRNA_416_+	CAUCC	U	148	149	421	425
23S_rRNA_417_+	AUCCU	C	153	153	430	430
23S_rRNA_418_+	UCCUC	C	152	152	426	427
23S_rRNA_419_+	CCUCC	U	150	151	418	424
23S_rRNA_420_+	CUCCA	C	153	153	429	429
23S_rRNA_421_+	UCCAA	C	152	154	429	430
23S_rRNA_422_+	CCAAG	A	154	154	424	426
23S_rRNA_423_+	CAAGG	A	153	153	424	425
23S_rRNA_424_+	AAGGC	G	153	154	430	430
23S_rRNA_425_+	AGGCU	G	153	153	430	433
23S_rRNA_426_+	GGCUA	C	151	152	424	427
23S_rRNA_427_+	GCUAA	U	144	148	420	426
23S_rRNA_428_+	CUAAA	A	142	144	425	426
23S_rRNA_429_+	UAAAU	A	146	146	426	430
23S_rRNA_430_+	AAAUA	A	144	145	426	427
23S_rRNA_431_+	AAUAC	U	146	147	427	430
23S_rRNA_432_+	AUACU	A	147	148	428	429
23S_rRNA_433_+	UACUC	C	147	149	430	431
23S_rRNA_434_+	ACUCC	U	143	146	424	427
23S_rRNA_435_+	CUCCU	C	147	149	434	435
23S_rRNA_436_+	UCCUG	C	146	148	434	435
23S_rRNA_437_+	CCUGA	U	142	142	430	430
23S_rRNA_438_+	CUGAC	G	142	142	436	438
23S_rRNA_439_+	UGACU	A	141	142	429	431
23S_rRNA_440_+	GACUG	C	134	140	429	432
23S_rRNA_441_+	ACUGA	U	116	131	424	429
23S_rRNA_442_+	CUGAC	G	115	119	435	437
23S_rRNA_443_+	UGACC	A	111	123	424	426
23S_rRNA_444_+	GACCG	C	134	134	433	435
23S_rRNA_445_+	ACCGA	C	126	131	429	434
23S_rRNA_446_+	CCGAU	G	117	129	431	436
23S_rRNA_447_+	CGAUA	A	115	124	421	426
23S_rRNA_448_+	GAUAG	U	116	120	423	427
23S_rRNA_449_+	AUAGU	A	127	130	425	427
23S_rRNA_450_+	UAGUG	G	115	127	429	432
23S_rRNA_451_+	AGUGA	U	114	128	422	424
23S_rRNA_452_+	GUGAA	G	134	135	428	429
23S_rRNA_453_+	UGAAC	A	130	134	426	427
23S_rRNA_454_+	GAACC	A	133	134	425	425
23S_rRNA_455_+	AACCA	C	135	135	429	431
23S_rRNA_456_+	ACCAG	C	135	137	430	430
23S_rRNA_457_+	CCAGU	A	133	135	418	419
23S_rRNA_458_+	CAGUA	G	138	138	420	424
23S_rRNA_459_+	AGUAC	U	133	139	423	424
23S_rRNA_460_+	GUACC	A	133	135	421	423
23S_rRNA_461_+	UACCG	C	137	137	426	427
23S_rRNA_462_+	ACCGU	C	130	139	422	426
23S_rRNA_463_+	CCGUG	G	131	135	425	425
23S_rRNA_464_+	CGUGA	U	130	137	415	419
23S_rRNA_465_+	GUGAG	G	131	141	417	419
23S_rRNA_466_+	UGAGG	A	133	135	411	414
23S_rRNA_467_+	GAGGG	G	137	137	421	423
23S_rRNA_468_+	AGGGA	G	138	140	425	426
23S_rRNA_469_+	GGGAA	G	126	138	422	426
23S_rRNA_470_+	GGAAA	A	126	129	411	411
23S_rRNA_471_+	GAAAG	A	135	137	412	413
23S_rRNA_472_+	AAAGG	A	137	138	408	412
23S_rRNA_473_+	AAGGC	G	131	137	413	414
23S_rRNA_474_+	AGGCG	G	134	136	414	416
23S_rRNA_475_+	GGCGA	C	131	135	410	410
23S_rRNA_476_+	GCGAA	G	128	133	409	411
23S_rRNA_477_+	CGAAA	A	132	132	400	400
23S_rRNA_478_+	GAAAA	A	130	130	403	404
23S_rRNA_479_+	AAAAG	A	132	132	404	405
23S_rRNA_480_+	AAAGA	A	129	131	402	403
23S_rRNA_481_+	AAGAA	G	121	127	404	405
23S_rRNA_482_+	AGAAC	A	125	126	401	405
23S_rRNA_483_+	GAACC	A	125	127	403	405
23S_rRNA_484_+	AACCC	C	127	127	411	411
23S_rRNA_485_+	ACCCC	C	128	128	407	409
23S_rRNA_486_+	CCCCG	C	131	131	408	410
23S_rRNA_487_+	CCCGG	C	126	128	406	408
23S_rRNA_488_+	CCGGC	G	126	128	408	410
23S_rRNA_489_+	CGGCG	G	127	128	407	411
23S_rRNA_490_+	GGCGA	C	122	127	409	412
23S_rRNA_491_+	GCGAG	G	123	128	407	410
23S_rRNA_492_+	CGAGG	A	121	125	401	404
23S_rRNA_493_+	GAGGG	G	128	128	406	410
23S_rRNA_494_+	AGGGG	G	131	132	414	415
23S_rRNA_495_+	GGGGA	G	131	132	412	415
23S_rRNA_496_+	GGGAG	G	129	133	415	417
23S_rRNA_497_+	GGAGU	A	134	134	411	414
23S_rRNA_498_+	GAGUG	G	133	135	418	419
23S_rRNA_499_+	AGUGA	U	128	134	417	417
23S_rRNA_500_+	GUGAA	G	130	137	418	423
23S_rRNA_501_+	UGAAA	A	138	138	417	418
23S_rRNA_502_+	GAAAA	A	140	140	425	425
23S_rRNA_503_+	AAAAA	A	143	143	425	428
23S_rRNA_504_+	AAAAG	A	142	142	427	430
23S_rRNA_505_+	AAAGA	A	139	140	427	429
23S_rRNA_506_+	AAGAA	G	135	139	430	432
23S_rRNA_507_+	AGAAC	A	140	142	431	433
23S_rRNA_508_+	GAACC	A	138	142	434	435
23S_rRNA_509_+	AACCU	C	142	142	438	439
23S_rRNA_510_+	ACCUG	C	143	144	431	435
23S_rRNA_511_+	CCUGA	U	140	142	424	428
23S_rRNA_512_+	CUGAA	G	143	145	426	431
23S_rRNA_513_+	UGAAA	A	145	146	423	424
23S_rRNA_514_+	GAAAC	A	145	145	426	427
23S_rRNA_515_+	AAACC	A	149	149	427	430
23S_rRNA_516_+	AACCG	C	149	149	428	431
23S_rRNA_517_+	ACCGU	C	146	148	429	431
23S_rRNA_518_+	CCGUG	G	144	144	433	434
23S_rRNA_519_+	CGUGU	U	142	143	421	427
23S_rRNA_520_+	GUGUA	G	144	145	428	429
23S_rRNA_521_+	UGUAC	U	141	143	421	424
23S_rRNA_522_+	GUACG	A	143	143	425	426
23S_rRNA_523_+	UACGU	C	145	146	432	434
23S_rRNA_524_+	ACGUA	G	146	147	432	433
23S_rRNA_525_+	CGUAC	U	138	145	424	427
23S_rRNA_526_+	GUACA	A	138	140	426	427
23S_rRNA_527_+	UACAA	C	135	141	431	431
23S_rRNA_528_+	ACAAG	A	135	140	427	428
23S_rRNA_529_+	CAAGC	A	143	144	426	427
23S_rRNA_530_+	AAGCA	G	148	148	431	432
23S_rRNA_531_+	AGCAG	C	148	149	432	434
23S_rRNA_532_+	GCAGU	A	142	146	426	429
23S_rRNA_533_+	CAGUG	G	138	141	432	438
23S_rRNA_534_+	AGUGG	U	127	134	424	431
23S_rRNA_535_+	GUGGG	G	133	138	429	432
23S_rRNA_536_+	UGGGA	G	132	144	430	433
23S_rRNA_537_+	GGGAG	G	142	146	425	428
23S_rRNA_538_+	GGAGC	A	135	140	415	415
23S_rRNA_539_+	GAGCA	G	141	142	418	418
23S_rRNA_540_+	AGCAU	C	141	142	412	416
23S_rRNA_541_+	GCAUG	A	135	137	409	411
23S_rRNA_542_+	CAUGC	U	23	132	79	395
23S_rRNA_543_+	AUGCU	G	133	136	410	414
23S_rRNA_544_+	UGCUU	C	130	137	413	414
23S_rRNA_545_+	GCUUA	U	123	131	414	418
23S_rRNA_546_+	CUUAG	U	124	135	417	419
23S_rRNA_547_+	UUAGG	A	118	134	422	422
23S_rRNA_548_+	UAGGC	G	125	129	424	427
23S_rRNA_549_+	AGGCG	G	144	144	431	432
23S_rRNA_550_+	GGCGU	C	140	143	430	431
23S_rRNA_551_+	GCGUG	G	142	143	430	433
23S_rRNA_552_+	CGUGU	U	142	143	426	428
23S_rRNA_553_+	GUGUG	G	144	144	434	434
23S_rRNA_554_+	UGUGA	U	140	144	432	432
23S_rRNA_555_+	GUGAC	G	143	145	436	436
23S_rRNA_556_+	UGACU	A	141	147	435	438
23S_rRNA_557_+	GACUG	C	144	145	441	441
23S_rRNA_558_+	ACUGC	U	138	145	435	437
23S_rRNA_559_+	CUGCG	G	146	148	443	444
23S_rRNA_560_+	UGCGU	C	147	149	443	444
23S_rRNA_561_+	GCGUA	G	144	146	445	445
23S_rRNA_562_+	CGUAC	U	143	144	440	441
23S_rRNA_563_+	GUACC	A	140	144	442	442
23S_rRNA_564_+	UACCU	C	148	148	445	447
23S_rRNA_565_+	ACCUU	C	128	146	432	443
23S_rRNA_566_+	CCUUU	U	121	126	424	429
23S_rRNA_567_+	CUUUU	U	125	133	437	439
23S_rRNA_568_+	UUUUG	U	129	139	435	437
23S_rRNA_569_+	UUUGU	U	130	135	437	438
23S_rRNA_570_+	UUGUA	G	119	133	438	441
23S_rRNA_571_+	UGUAU	U	132	136	432	435
23S_rRNA_572_+	GUAUA	A	120	131	432	434
23S_rRNA_573_+	UAUAA	U	118	132	429	435
23S_rRNA_574_+	AUAAU	A	116	117	434	434
23S_rRNA_575_+	UAAUG	A	125	134	438	440
23S_rRNA_576_+	AAUGG	U	115	136	435	442
23S_rRNA_577_+	AUGGG	G	123	127	439	439
23S_rRNA_578_+	UGGGU	G	131	137	431	437
23S_rRNA_579_+	GGGUC	G	143	143	437	439
23S_rRNA_580_+	GGUCA	U	137	139	414	421
23S_rRNA_581_+	GUCAG	C	141	141	421	422
23S_rRNA_582_+	UCAGC	A	143	144	415	417
23S_rRNA_583_+	CAGCG	G	144	145	419	421
23S_rRNA_584_+	AGCGA	C	143	146	420	423
23S_rRNA_585_+	GCGAC	G	140	144	421	423
23S_rRNA_586_+	CGACU	A	138	145	414	417
23S_rRNA_587_+	GACUU	C	136	144	419	419
23S_rRNA_588_+	ACUUA	U	129	138	412	416
23S_rRNA_589_+	CUUAU	U	129	132	413	415
23S_rRNA_590_+	UUAUA	A	133	136	418	418
23S_rRNA_591_+	UAUAU	U	140	141	422	423
23S_rRNA_592_+	AUAUU	A	140	143	421	424
23S_rRNA_593_+	UAUUC	U	143	143	422	423
23S_rRNA_594_+	AUUCU	U	144	145	423	425
23S_rRNA_595_+	UUCUG	C	144	144	421	422
23S_rRNA_596_+	UCUGU	U	139	142	415	415
23S_rRNA_597_+	CUGUA	G	140	142	422	423
23S_rRNA_598_+	UGUAG	U	137	141	416	417
23S_rRNA_599_+	GUAGC	A	135	141	414	417
23S_rRNA_600_+	UAGCA	G	135	137	417	420
23S_rRNA_601_+	AGCAA	C	133	138	418	420
23S_rRNA_602_+	GCAAG	A	128	131	414	415
23S_rRNA_603_+	CAAGG	A	140	142	412	414
23S_rRNA_604_+	AAGGU	G	140	142	416	417
23S_rRNA_605_+	AGGUU	G	137	139	420	421
23S_rRNA_606_+	GGUUA	U	132	136	410	413
23S_rRNA_607_+	GUUAA	U	130	134	409	412
23S_rRNA_608_+	UUAAC	A	128	133	413	413
23S_rRNA_609_+	UAACC	A	131	134	412	415
23S_rRNA_610_+	AACCG	C	138	138	401	402
23S_rRNA_611_+	ACCGA	C	134	137	397	400
23S_rRNA_612_+	CCGAA	G	119	129	401	401
23S_rRNA_613_+	CGAAU	A	103	124	398	400
23S_rRNA_614_+	GAAUA	A	105	109	407	407
23S_rRNA_615_+	AAUAG	U	100	110	404	407
23S_rRNA_616_+	AUAGG	A	123	129	400	403
23S_rRNA_617_+	UAGGG	G	126	130	407	409
23S_rRNA_618_+	AGGGG	G	129	133	412	414
23S_rRNA_619_+	GGGGA	G	135	137	417	419
23S_rRNA_620_+	GGGAG	G	139	140	417	417
23S_rRNA_621_+	GGAGC	A	139	141	413	413
23S_rRNA_622_+	GAGCC	G	139	142	416	417
23S_rRNA_623_+	AGCCG	C	142	143	419	421
23S_rRNA_624_+	GCCGA	C	142	147	420	422
23S_rRNA_625_+	CCGAA	G	141	144	422	423
23S_rRNA_626_+	CGAAG	A	138	143	421	423
23S_rRNA_627_+	GAAGG	A	145	147	424	425
23S_rRNA_628_+	AAGGG	G	147	148	426	429
23S_rRNA_629_+	AGGGA	G	146	148	430	432
23S_rRNA_630_+	GGGAA	G	146	149	430	433
23S_rRNA_631_+	GGAAA	A	144	145	425	427
23S_rRNA_632_+	GAAAC	A	147	148	429	429
23S_rRNA_633_+	AAACC	A	152	152	426	426
23S_rRNA_634_+	AACCG	C	151	153	433	434
23S_rRNA_635_+	ACCGA	C	148	155	433	434
23S_rRNA_636_+	CCGAG	G	145	147	423	428
23S_rRNA_637_+	CGAGU	A	140	144	425	426
23S_rRNA_638_+	GAGUC	G	138	146	430	430
23S_rRNA_639_+	AGUCU	U	144	146	429	429
23S_rRNA_640_+	GUCUU	C	143	146	426	427
23S_rRNA_641_+	UCUUA	U	141	144	422	423
23S_rRNA_642_+	CUUAA	U	140	146	430	431
23S_rRNA_643_+	UUAAC	A	139	141	431	431
23S_rRNA_644_+	UAACU	A	141	143	431	431
23S_rRNA_645_+	AACUG	C	138	143	430	431
23S_rRNA_646_+	ACUGG	U	122	140	417	424
23S_rRNA_647_+	CUGGG	G	131	135	427	429
23S_rRNA_648_+	UGGGC	G	133	143	423	428
23S_rRNA_649_+	GGGCG	G	137	140	422	428
23S_rRNA_650_+	GGCGU	C	137	139	412	417
23S_rRNA_651_+	GCGUU	G	137	143	418	419
23S_rRNA_652_+	CGUUA	U	135	139	411	413
23S_rRNA_653_+	GUUAA	U	131	141	409	411
23S_rRNA_654_+	UUAAG	A	142	145	414	414
23S_rRNA_655_+	UAAGU	A	140	146	411	411
23S_rRNA_656_+	AAGUU	G	141	143	414	416
23S_rRNA_657_+	AGUUG	U	140	141	409	409
23S_rRNA_658_+	GUUGC	U	136	140	407	410
23S_rRNA_659_+	UUGCA	G	146	148	408	409
23S_rRNA_660_+	UGCAG	C	145	147	412	412
23S_rRNA_661_+	GCAGG	A	143	143	408	408
23S_rRNA_662_+	CAGGG	G	144	144	410	410
23S_rRNA_663_+	AGGGU	G	143	143	409	412
23S_rRNA_664_+	GGGUA	G	125	144	339	406
23S_rRNA_665_+	GGUAU	U	136	139	405	406
23S_rRNA_666_+	GUAUA	A	135	140	409	409
23S_rRNA_667_+	UAUAG	U	137	138	412	412
23S_rRNA_668_+	AUAGA	A	130	137	409	409
23S_rRNA_669_+	UAGAC	G	133	135	412	413
23S_rRNA_670_+	AGACC	A	136	141	412	414
23S_rRNA_671_+	GACCC	C	142	142	422	423
23S_rRNA_672_+	ACCCG	C	142	143	420	423
23S_rRNA_673_+	CCCGA	C	139	141	421	421
23S_rRNA_674_+	CCGAA	G	137	140	419	420
23S_rRNA_675_+	CGAAA	A	136	139	416	416
23S_rRNA_676_+	GAAAC	A	137	140	417	419
23S_rRNA_677_+	AAACC	A	137	138	414	415
23S_rRNA_678_+	AACCC	C	144	144	415	419
23S_rRNA_679_+	ACCCG	C	146	146	419	420
23S_rRNA_680_+	CCCGG	C	143	144	416	418
23S_rRNA_681_+	CCGGU	G	137	140	414	417
23S_rRNA_682_+	CGGUG	G	139	141	415	417
23S_rRNA_683_+	GGUGA	U	134	135	403	404
23S_rRNA_684_+	GUGAU	G	134	136	404	405
23S_rRNA_685_+	UGAUC	A	131	136	399	399
23S_rRNA_686_+	GAUCU	U	132	135	399	399
23S_rRNA_687_+	AUCUA	C	133	133	395	395
23S_rRNA_688_+	UCUAG	U	136	136	391	394
23S_rRNA_689_+	CUAGC	A	138	138	389	389
23S_rRNA_690_+	UAGCC	G	136	136	384	389
23S_rRNA_691_+	AGCCA	C	138	138	389	393
23S_rRNA_692_+	GCCAU	C	137	138	386	390
23S_rRNA_693_+	CCAUG	A	133	133	388	390
23S_rRNA_694_+	CAUGG	U	130	132	382	389
23S_rRNA_695_+	AUGGG	G	133	134	396	397
23S_rRNA_696_+	UGGGC	G	133	135	399	402
23S_rRNA_697_+	GGGCA	G	131	136	398	402
23S_rRNA_698_+	GGCAG	C	126	129	399	400
23S_rRNA_699_+	GCAGG	A	123	129	394	395
23S_rRNA_700_+	CAGGU	G	135	135	407	407
23S_rRNA_701_+	AGGUU	G	135	140	411	412
23S_rRNA_702_+	GGUUG	U	133	134	404	406
23S_rRNA_703_+	GUUGA	U	140	141	403	404
23S_rRNA_704_+	UUGAA	G	138	140	409	410
23S_rRNA_705_+	UGAAG	A	133	138	411	412
23S_rRNA_706_+	GAAGG	A	140	140	410	413
23S_rRNA_707_+	AAGGU	G	144	144	419	420
23S_rRNA_708_+	AGGUU	G	143	145	419	422
23S_rRNA_709_+	GGUUG	U	142	143	411	413
23S_rRNA_710_+	GUUGG	U	141	143	415	418
23S_rRNA_711_+	UUGGG	G	142	144	431	432
23S_rRNA_712_+	UGGGU	G	138	141	430	431
23S_rRNA_713_+	GGGUA	G	142	143	431	432
23S_rRNA_714_+	GGUAA	U	141	141	423	426
23S_rRNA_715_+	GUAAC	A	136	144	425	428
23S_rRNA_716_+	UAACA	A	137	138	427	428
23S_rRNA_717_+	AACAC	C	136	136	434	434
23S_rRNA_718_+	ACACU	A	147	147	433	433
23S_rRNA_719_+	CACUA	C	144	147	430	431
23S_rRNA_720_+	ACUAA	U	140	140	426	428
23S_rRNA_721_+	CUAAC	A	143	143	432	433
23S_rRNA_722_+	UAACU	A	145	147	440	440
23S_rRNA_723_+	AACUG	C	147	147	440	444
23S_rRNA_724_+	ACUGG	U	134	146	436	440
23S_rRNA_725_+	CUGGA	G	137	139	438	440
23S_rRNA_726_+	UGGAG	G	131	141	442	444
23S_rRNA_727_+	GGAGG	A	127	139	428	431
23S_rRNA_728_+	GAGGA	G	132	137	440	440
23S_rRNA_729_+	AGGAC	G	147	147	442	444
23S_rRNA_730_+	GGACC	A	144	144	427	429
23S_rRNA_731_+	GACCG	C	146	146	437	438
23S_rRNA_732_+	ACCGA	C	143	146	435	438
23S_rRNA_733_+	CCGAA	G	137	140	437	438
23S_rRNA_734_+	CGAAC	A	131	138	432	433
23S_rRNA_735_+	GAACC	A	133	140	435	436
23S_rRNA_736_+	AACCG	C	142	143	437	438
23S_rRNA_737_+	ACCGA	C	134	141	435	436
23S_rRNA_738_+	CCGAC	G	125	133	438	440
23S_rRNA_739_+	CGACU	A	124	134	429	430
23S_rRNA_740_+	GACUA	C	139	139	435	435
23S_rRNA_741_+	ACUAA	U	130	136	413	432
23S_rRNA_742_+	CUAAU	A	131	132	415	415
23S_rRNA_743_+	UAAUG	A	116	135	396	420
23S_rRNA_744_+	AAUGU	U	59	111	315	394
23S_rRNA_745_+	AUGUU	G	18	69	125	321
23S_rRNA_746_+	UGUUG	U	125	128	427	427
23S_rRNA_747_+	GUUGA	U	113	130	432	432
23S_rRNA_748_+	UUGAA	G	107	128	437	438
23S_rRNA_749_+	UGAAA	A	138	139	436	437
23S_rRNA_750_+	GAAAA	A	141	141	439	439
23S_rRNA_751_+	AAAAA	A	145	145	440	440
23S_rRNA_752_+	AAAAU	A	144	145	439	439
23S_rRNA_753_+	AAAUU	A	146	146	440	441
23S_rRNA_754_+	AAUUA	U	146	146	436	438
23S_rRNA_755_+	AUUAG	U	143	144	433	434
23S_rRNA_756_+	UUAGC	A	146	147	435	435
23S_rRNA_757_+	UAGCG	G	146	146	435	435
23S_rRNA_758_+	AGCGG	C	144	148	437	440
23S_rRNA_759_+	GCGGA	G	138	142	437	439
23S_rRNA_760_+	CGGAU	G	142	144	435	438
23S_rRNA_761_+	GGAUG	A	130	141	435	436
23S_rRNA_762_+	GAUGA	U	123	133	435	437
23S_rRNA_763_+	AUGAC	G	126	136	434	436
23S_rRNA_764_+	UGACU	A	123	135	431	432
23S_rRNA_765_+	GACUU	C	142	143	432	433
23S_rRNA_766_+	ACUUG	U	141	145	420	425
23S_rRNA_767_+	CUUGU	U	142	144	426	428
23S_rRNA_768_+	UUGUG	G	148	148	429	430
23S_rRNA_769_+	UGUGG	U	145	146	427	429
23S_rRNA_770_+	GUGGC	G	146	147	431	432
23S_rRNA_771_+	UGGCU	G	144	145	429	433
23S_rRNA_772_+	GGCUG	C	146	146	428	428
23S_rRNA_773_+	GCUGG	U	139	144	424	427
23S_rRNA_774_+	CUGGG	G	143	144	430	432
23S_rRNA_775_+	UGGGG	G	142	144	428	432
23S_rRNA_776_+	GGGGG	G	141	143	427	430
23S_rRNA_777_+	GGGGU	G	143	145	430	431
23S_rRNA_778_+	GGGUG	G	142	144	415	418
23S_rRNA_779_+	GGUGA	U	139	139	405	408
23S_rRNA_780_+	GUGAA	G	136	144	416	418
23S_rRNA_781_+	UGAAA	A	136	139	413	413
23S_rRNA_782_+	GAAAG	A	139	141	413	415
23S_rRNA_783_+	AAAGG	A	142	143	412	413
23S_rRNA_784_+	AAGGC	G	133	145	418	419
23S_rRNA_785_+	AGGCC	G	143	147	421	422
23S_rRNA_786_+	GGCCA	C	139	144	418	418
23S_rRNA_787_+	GCCAA	C	139	142	411	415
23S_rRNA_788_+	CCAAU	A	137	138	411	411
23S_rRNA_789_+	CAAUC	A	134	141	413	413
23S_rRNA_790_+	AAUCA	U	132	137	413	414
23S_rRNA_791_+	AUCAA	C	129	140	415	418
23S_rRNA_792_+	UCAAA	A	132	132	419	421
23S_rRNA_793_+	CAAAC	A	131	133	419	420
23S_rRNA_794_+	AAACC	A	146	146	418	419
23S_rRNA_795_+	AACCG	C	151	151	426	426
23S_rRNA_796_+	ACCGG	C	149	151	426	427
23S_rRNA_797_+	CCGGG	G	147	149	425	425
23S_rRNA_798_+	CGGGA	G	148	150	423	424
23S_rRNA_799_+	GGGAG	G	148	150	424	427
23S_rRNA_800_+	GGAGA	A	142	143	411	414
23S_rRNA_801_+	GAGAU	G	143	146	420	420
23S_rRNA_802_+	AGAUA	A	140	145	420	422
23S_rRNA_803_+	GAUAG	U	139	145	424	424
23S_rRNA_804_+	AUAGC	A	144	148	427	428
23S_rRNA_805_+	UAGCU	G	143	147	428	431
23S_rRNA_806_+	AGCUG	C	144	148	431	433
23S_rRNA_807_+	GCUGG	U	143	147	425	427
23S_rRNA_808_+	CUGGU	G	145	149	429	430
23S_rRNA_809_+	UGGUU	G	143	151	431	431
23S_rRNA_810_+	GGUUC	U	129	141	424	425
23S_rRNA_811_+	GUUCU	U	144	144	420	423
23S_rRNA_812_+	UUCUC	C	142	145	425	426
23S_rRNA_813_+	UCUCC	U	143	145	419	420
23S_rRNA_814_+	CUCCC	C	146	147	431	432
23S_rRNA_815_+	UCCCC	C	147	147	433	433
23S_rRNA_816_+	CCCCG	C	146	146	430	430
23S_rRNA_817_+	CCCGA	C	141	147	430	431
23S_rRNA_818_+	CCGAA	G	135	140	428	430
23S_rRNA_819_+	CGAAA	A	135	140	430	431
23S_rRNA_820_+	GAAAG	A	139	139	431	431
23S_rRNA_821_+	AAAGC	A	139	141	434	435
23S_rRNA_822_+	AAGCU	G	143	144	439	439
23S_rRNA_823_+	AGCUA	C	137	142	436	437
23S_rRNA_824_+	GCUAU	U	134	136	431	433
23S_rRNA_825_+	CUAUU	A	122	134	438	440
23S_rRNA_826_+	UAUUU	U	131	132	438	439
23S_rRNA_827_+	AUUUA	U	126	139	440	440
23S_rRNA_828_+	UUUAG	U	137	144	441	442
23S_rRNA_829_+	UUAGG	A	125	141	437	440
23S_rRNA_830_+	UAGGU	G	127	134	443	443
23S_rRNA_831_+	AGGUA	G	137	143	445	447
23S_rRNA_832_+	GGUAG	U	141	141	436	436
23S_rRNA_833_+	GUAGC	A	136	144	436	437
23S_rRNA_834_+	UAGCG	G	137	138	439	440
23S_rRNA_835_+	AGCGC	C	137	140	439	441
23S_rRNA_836_+	GCGCC	G	142	143	440	442
23S_rRNA_837_+	CGCCU	C	142	144	441	441
23S_rRNA_838_+	GCCUC	C	139	140	437	439
23S_rRNA_839_+	CCUCG	U	132	136	431	433
23S_rRNA_840_+	CUCGU	C	138	139	440	441
23S_rRNA_841_+	UCGUG	G	134	135	441	441
23S_rRNA_842_+	CGUGA	U	134	135	428	431
23S_rRNA_843_+	GUGAA	G	134	137	437	437
23S_rRNA_844_+	UGAAC	A	131	133	428	430
23S_rRNA_845_+	GAACU	A	119	129	427	427
23S_rRNA_846_+	AACUC	C	12	118	69	406
23S_rRNA_847_+	ACUCA	U	121	123	415	417
23S_rRNA_848_+	CUCAU	C	131	132	424	424
23S_rRNA_849_+	UCAUC	A	130	130	422	423
23S_rRNA_850_+	CAUCU	U	131	131	419	420
23S_rRNA_851_+	AUCUC	C	132	132	415	417
23S_rRNA_852_+	UCUCC	U	126	129	410	413
23S_rRNA_853_+	CUCCG	C	133	133	418	421
23S_rRNA_854_+	UCCGG	C	132	136	422	424
23S_rRNA_855_+	CCGGG	G	134	135	420	421
23S_rRNA_856_+	CGGGG	G	137	137	420	424
23S_rRNA_857_+	GGGGG	G	137	137	418	420
23S_rRNA_858_+	GGGGU	G	135	137	413	418
23S_rRNA_859_+	GGGUA	G	131	138	416	418
23S_rRNA_860_+	GGUAG	U	125	131	414	415
23S_rRNA_861_+	GUAGA	A	125	131	417	417
23S_rRNA_862_+	UAGAG	G	130	135	412	415
23S_rRNA_863_+	AGAGC	A	136	138	414	415
23S_rRNA_864_+	GAGCA	G	134	138	423	423
23S_rRNA_865_+	AGCAC	C	135	136	423	424
23S_rRNA_866_+	GCACU	A	133	134	423	423
23S_rRNA_867_+	CACUG	C	136	137	419	420
23S_rRNA_868_+	ACUGU	U	136	138	410	413
23S_rRNA_869_+	CUGUU	G	135	137	415	416
23S_rRNA_870_+	UGUUU	U	134	134	408	409
23S_rRNA_871_+	GUUUC	U	128	132	410	412
23S_rRNA_872_+	UUUCG	U	130	132	412	416
23S_rRNA_873_+	UUCGG	C	130	133	416	418
23S_rRNA_874_+	UCGGC	G	131	135	418	420
23S_rRNA_875_+	CGGCA	G	129	133	419	420
23S_rRNA_876_+	GGCAA	C	129	131	413	416
23S_rRNA_877_+	GCAAG	A	128	129	410	411
23S_rRNA_878_+	CAAGG	A	129	133	406	408
23S_rRNA_879_+	AAGGG	G	132	132	409	414
23S_rRNA_880_+	AGGGG	G	133	135	410	412
23S_rRNA_881_+	GGGGG	G	138	138	408	411
23S_rRNA_882_+	GGGGU	G	136	138	405	408
23S_rRNA_883_+	GGGUC	G	137	138	402	404
23S_rRNA_884_+	GGUCA	U	131	133	384	386
23S_rRNA_885_+	GUCAU	C	131	135	402	402
23S_rRNA_886_+	UCAUC	A	122	132	399	402
23S_rRNA_887_+	CAUCC	U	120	129	403	405
23S_rRNA_888_+	AUCCC	C	130	131	408	408
23S_rRNA_889_+	UCCCG	C	136	137	411	411
23S_rRNA_890_+	CCCGA	C	136	139	410	411
23S_rRNA_891_+	CCGAC	G	136	137	411	411
23S_rRNA_892_+	CGACU	A	135	136	408	408
23S_rRNA_893_+	GACUU	C	134	138	410	411
23S_rRNA_894_+	ACUUA	U	128	134	407	408
23S_rRNA_895_+	CUUAC	U	121	133	406	407
23S_rRNA_896_+	UUACC	A	109	132	410	411
23S_rRNA_897_+	UACCA	C	141	141	414	415
23S_rRNA_898_+	ACCAA	C	140	141	418	418
23S_rRNA_899_+	CCAAC	A	138	140	409	411
23S_rRNA_900_+	CAACC	A	140	141	413	415
23S_rRNA_901_+	AACCC	C	142	143	418	421
23S_rRNA_902_+	ACCCG	C	144	144	422	422
23S_rRNA_903_+	CCCGA	C	146	146	420	420
23S_rRNA_904_+	CCGAU	G	147	148	418	419
23S_rRNA_905_+	CGAUG	A	145	145	411	412
23S_rRNA_906_+	GAUGC	U	145	146	409	411
23S_rRNA_907_+	AUGCA	G	146	146	413	413
23S_rRNA_908_+	UGCAA	C	135	147	414	417
23S_rRNA_909_+	GCAAA	A	129	132	414	416
23S_rRNA_910_+	CAAAC	A	127	132	417	417
23S_rRNA_911_+	AAACU	A	132	144	418	422
23S_rRNA_912_+	AACUG	C	134	139	424	426
23S_rRNA_913_+	ACUGC	U	133	139	419	421
23S_rRNA_914_+	CUGCG	G	140	144	426	427
23S_rRNA_915_+	UGCGA	C	148	148	426	430
23S_rRNA_916_+	GCGAA	G	140	147	424	426
23S_rRNA_917_+	CGAAU	A	135	148	427	429
23S_rRNA_918_+	GAAUA	A	143	144	429	430
23S_rRNA_919_+	AAUAC	U	139	142	427	430
23S_rRNA_920_+	AUACC	A	143	146	432	432
23S_rRNA_921_+	UACCG	C	147	147	436	436
23S_rRNA_922_+	ACCGG	C	147	148	434	435
23S_rRNA_923_+	CCGGA	G	145	146	434	434
23S_rRNA_924_+	CGGAG	G	145	146	435	435
23S_rRNA_925_+	GGAGA	A	144	146	429	430
23S_rRNA_926_+	GAGAA	G	137	146	429	431
23S_rRNA_927_+	AGAAU	A	141	141	433	434
23S_rRNA_928_+	GAAUG	A	139	147	438	438
23S_rRNA_929_+	AAUGU	U	139	143	437	438
23S_rRNA_930_+	AUGUU	G	137	142	438	440
23S_rRNA_931_+	UGUUA	U	131	140	432	434
23S_rRNA_932_+	GUUAU	U	132	137	435	436
23S_rRNA_933_+	UUAUC	A	125	135	432	432
23S_rRNA_934_+	UAUCA	U	142	144	433	433
23S_rRNA_935_+	AUCAC	C	143	145	435	435
23S_rRNA_936_+	UCACG	A	146	146	428	432
23S_rRNA_937_+	CACGG	C	143	149	432	435
23S_rRNA_938_+	ACGGG	G	143	144	435	437
23S_rRNA_939_+	CGGGA	G	141	142	436	437
23S_rRNA_940_+	GGGAG	G	140	148	433	434
23S_rRNA_941_+	GGAGA	A	134	137	427	428
23S_rRNA_942_+	GAGAC	G	136	149	426	430
23S_rRNA_943_+	AGACA	A	140	141	425	426
23S_rRNA_944_+	GACAC	C	130	141	432	434
23S_rRNA_945_+	ACACA	A	150	150	427	430
23S_rRNA_946_+	CACAC	C	152	152	432	433
23S_rRNA_947_+	ACACG	A	151	151	430	431
23S_rRNA_948_+	CACGG	C	150	151	429	434
23S_rRNA_949_+	ACGGC	G	145	148	425	429
23S_rRNA_950_+	CGGCG	G	140	145	423	427
23S_rRNA_951_+	GGCGG	C	143	143	425	426
23S_rRNA_952_+	GCGGG	G	145	146	427	429
23S_rRNA_953_+	CGGGU	G	143	144	429	430
23S_rRNA_954_+	GGGUG	G	137	141	423	426
23S_rRNA_955_+	GGUGC	U	136	137	412	413
23S_rRNA_956_+	GUGCU	G	137	142	418	419
23S_rRNA_957_+	UGCUA	C	129	136	418	419
23S_rRNA_958_+	GCUAA	U	124	141	416	418
23S_rRNA_959_+	CUAAC	A	125	134	419	419
23S_rRNA_960_+	UAACG	A	142	143	420	421
23S_rRNA_961_+	AACGU	C	146	147	424	426
23S_rRNA_962_+	ACGUC	G	148	150	428	428
23S_rRNA_963_+	CGUCC	U	147	147	425	426
23S_rRNA_964_+	GUCCG	C	147	147	429	429
23S_rRNA_965_+	UCCGU	C	147	148	432	432
23S_rRNA_966_+	CCGUC	G	147	148	434	434
23S_rRNA_967_+	CGUCG	U	146	146	430	431
23S_rRNA_968_+	GUCGU	C	148	148	434	434
23S_rRNA_969_+	UCGUG	G	149	149	434	436
23S_rRNA_970_+	CGUGA	U	146	147	432	432
23S_rRNA_971_+	GUGAA	G	146	147	437	437
23S_rRNA_972_+	UGAAG	A	143	144	434	434
23S_rRNA_973_+	GAAGA	A	139	143	428	430
23S_rRNA_974_+	AAGAG	G	141	146	432	435
23S_rRNA_975_+	AGAGG	A	139	143	437	438
23S_rRNA_976_+	GAGGG	G	141	144	436	438
23S_rRNA_977_+	AGGGA	G	144	146	441	442
23S_rRNA_978_+	GGGAA	G	136	145	437	441
23S_rRNA_979_+	GGAAA	A	133	137	432	434
23S_rRNA_980_+	GAAAC	A	131	139	430	432
23S_rRNA_981_+	AAACA	A	143	145	428	429
23S_rRNA_982_+	AACAA	C	139	145	426	430
23S_rRNA_983_+	ACAAC	A	147	148	427	429
23S_rRNA_984_+	CAACC	A	142	148	428	431
23S_rRNA_985_+	AACCC	C	143	147	439	440
23S_rRNA_986_+	ACCCA	C	142	144	437	438
23S_rRNA_987_+	CCCAG	C	143	144	434	436
23S_rRNA_988_+	CCAGA	A	135	140	428	430
23S_rRNA_989_+	CAGAC	G	131	135	429	433
23S_rRNA_990_+	AGACC	A	133	137	427	431
23S_rRNA_991_+	GACCG	C	142	143	438	441
23S_rRNA_992_+	ACCGC	C	138	145	437	440
23S_rRNA_993_+	CCGCC	G	135	143	435	436
23S_rRNA_994_+	CGCCA	C	143	148	435	437
23S_rRNA_995_+	GCCAG	C	145	149	434	436
23S_rRNA_996_+	CCAGC	A	147	148	432	433
23S_rRNA_997_+	CAGCU	G	149	151	438	440
23S_rRNA_998_+	AGCUA	C	151	151	437	438
23S_rRNA_999_+	GCUAA	U	150	150	433	435
23S_rRNA_1000_+	CUAAG	A	146	147	436	436
23S_rRNA_1001_+	UAAGG	A	147	147	435	435
23S_rRNA_1002_+	AAGGU	G	147	148	436	437
23S_rRNA_1003_+	AGGUC	G	149	149	439	439
23S_rRNA_1004_+	GGUCC	U	141	143	431	434
23S_rRNA_1005_+	GUCCC	C	143	144	437	439
23S_rRNA_1006_+	UCCCA	C	143	144	439	441
23S_rRNA_1007_+	CCCAA	C	141	144	438	440
23S_rRNA_1008_+	CCAAA	A	140	141	435	438
23S_rRNA_1009_+	CAAAG	A	140	141	438	438
23S_rRNA_1010_+	AAAGU	A	133	139	440	440
23S_rRNA_1011_+	AAGUC	G	127	133	438	439
23S_rRNA_1012_+	AGUCA	U	126	135	437	438
23S_rRNA_1013_+	GUCAU	C	137	138	439	440
23S_rRNA_1014_+	UCAUG	A	136	138	435	438
23S_rRNA_1015_+	CAUGG	U	134	137	432	436
23S_rRNA_1016_+	AUGGU	G	136	136	438	439
23S_rRNA_1017_+	UGGUU	G	133	134	438	441
23S_rRNA_1018_+	GGUUA	U	131	135	430	432
23S_rRNA_1019_+	GUUAA	U	126	132	429	430
23S_rRNA_1020_+	UUAAG	A	127	130	429	430
23S_rRNA_1021_+	UAAGU	A	125	133	426	430
23S_rRNA_1022_+	AAGUG	G	118	129	430	432
23S_rRNA_1023_+	AGUGG	U	120	126	425	432
23S_rRNA_1024_+	GUGGG	G	132	136	432	433
23S_rRNA_1025_+	UGGGA	G	133	138	436	438
23S_rRNA_1026_+	GGGAA	G	131	141	433	438
23S_rRNA_1027_+	GGAAA	A	132	132	418	420
23S_rRNA_1028_+	GAAAC	A	128	133	421	422
23S_rRNA_1029_+	AAACG	A	131	136	417	421
23S_rRNA_1030_+	AACGA	C	127	133	423	425
23S_rRNA_1031_+	ACGAU	G	130	137	424	424
23S_rRNA_1032_+	CGAUG	A	122	136	418	419
23S_rRNA_1033_+	GAUGU	U	120	123	415	416
23S_rRNA_1034_+	AUGUG	G	130	134	419	422
23S_rRNA_1035_+	UGUGG	U	128	134	412	419
23S_rRNA_1036_+	GUGGG	G	134	137	418	420
23S_rRNA_1037_+	UGGGA	G	136	140	421	424
23S_rRNA_1038_+	GGGAA	G	137	142	420	423
23S_rRNA_1039_+	GGAAG	A	139	139	411	412
23S_rRNA_1040_+	GAAGG	A	141	141	412	412
23S_rRNA_1041_+	AAGGC	G	136	140	413	415
23S_rRNA_1042_+	AGGCC	G	142	143	416	418
23S_rRNA_1043_+	GGCCC	C	141	142	411	411
23S_rRNA_1044_+	GCCCA	C	142	145	411	413
23S_rRNA_1045_+	CCCAG	C	143	144	410	411
23S_rRNA_1046_+	CCAGA	A	140	143	403	403
23S_rRNA_1047_+	CAGAC	G	144	144	406	407
23S_rRNA_1048_+	AGACA	A	146	147	409	410
23S_rRNA_1049_+	GACAG	C	145	149	410	414
23S_rRNA_1050_+	ACAGC	A	144	144	411	414
23S_rRNA_1051_+	CAGCC	G	147	147	413	415
23S_rRNA_1052_+	AGCCA	C	147	147	416	422
23S_rRNA_1053_+	GCCAG	C	144	146	418	420
23S_rRNA_1054_+	CCAGG	A	141	142	412	412
23S_rRNA_1055_+	CAGGA	G	144	145	417	417
23S_rRNA_1056_+	AGGAU	G	145	146	421	422
23S_rRNA_1057_+	GGAUG	A	143	148	419	420
23S_rRNA_1058_+	GAUGU	U	142	142	417	420
23S_rRNA_1059_+	AUGUU	G	142	144	419	423
23S_rRNA_1060_+	UGUUG	U	142	145	418	421
23S_rRNA_1061_+	GUUGG	U	142	147	418	420
23S_rRNA_1062_+	UUGGC	G	145	147	424	427
23S_rRNA_1063_+	UGGCU	G	143	146	428	430
23S_rRNA_1064_+	GGCUU	C	134	141	422	425
23S_rRNA_1065_+	GCUUA	U	131	136	419	421
23S_rRNA_1066_+	CUUAG	U	117	140	418	418
23S_rRNA_1067_+	UUAGA	A	116	127	417	417
23S_rRNA_1068_+	UAGAA	G	120	126	420	421
23S_rRNA_1069_+	AGAAG	A	135	138	423	423
23S_rRNA_1070_+	GAAGC	A	143	144	425	425
23S_rRNA_1071_+	AAGCA	G	137	145	427	427
23S_rRNA_1072_+	AGCAG	C	141	148	431	432
23S_rRNA_1073_+	GCAGC	A	149	149	428	429
23S_rRNA_1074_+	CAGCC	G	150	150	428	431
23S_rRNA_1075_+	AGCCA	C	145	149	431	434
23S_rRNA_1076_+	GCCAU	C	147	147	430	432
23S_rRNA_1077_+	CCAUC	A	142	142	425	426
23S_rRNA_1078_+	CAUCA	U	141	142	419	424
23S_rRNA_1079_+	AUCAU	C	144	145	425	426
23S_rRNA_1080_+	UCAUU	A	145	147	427	428
23S_rRNA_1081_+	CAUUU	U	145	146	429	429
23S_rRNA_1082_+	AUUUA	U	137	144	427	427
23S_rRNA_1083_+	UUUAA	U	141	147	424	427
23S_rRNA_1084_+	UUAAA	A	143	144	428	429
23S_rRNA_1085_+	UAAAG	A	142	145	427	429
23S_rRNA_1086_+	AAAGA	A	138	143	425	428
23S_rRNA_1087_+	AAGAA	G	129	142	422	432
23S_rRNA_1088_+	AGAAA	A	138	140	427	427
23S_rRNA_1089_+	GAAAG	A	138	148	436	437
23S_rRNA_1090_+	AAAGC	A	146	149	434	435
23S_rRNA_1091_+	AAGCG	G	144	146	438	442
23S_rRNA_1092_+	AGCGU	C	143	147	443	444
23S_rRNA_1093_+	GCGUA	G	133	145	442	442
23S_rRNA_1094_+	CGUAA	U	121	135	435	437
23S_rRNA_1095_+	GUAAU	A	121	134	432	433
23S_rRNA_1096_+	UAAUA	A	127	133	435	436
23S_rRNA_1097_+	AAUAG	U	134	136	434	434
23S_rRNA_1098_+	AUAGC	A	144	145	433	433
23S_rRNA_1099_+	UAGCU	G	145	149	434	436
23S_rRNA_1100_+	AGCUC	C	146	146	435	436
23S_rRNA_1101_+	GCUCA	U	141	143	429	429
23S_rRNA_1102_+	CUCAC	C	147	147	432	433
23S_rRNA_1103_+	UCACU	A	143	148	430	430
23S_rRNA_1104_+	CACUG	C	143	145	429	430
23S_rRNA_1105_+	ACUGG	U	136	142	423	425
23S_rRNA_1106_+	CUGGU	G	134	137	430	432
23S_rRNA_1107_+	UGGUC	G	128	140	435	435
23S_rRNA_1108_+	GGUCG	U	127	136	424	425
23S_rRNA_1109_+	GUCGA	C	131	139	427	430
23S_rRNA_1110_+	UCGAG	G	136	140	426	428
23S_rRNA_1111_+	CGAGU	A	137	141	422	424
23S_rRNA_1112_+	GAGUC	G	141	145	428	430
23S_rRNA_1113_+	AGUCG	U	141	145	428	429
23S_rRNA_1114_+	GUCGG	C	147	148	434	434
23S_rRNA_1115_+	UCGGC	G	148	150	434	437
23S_rRNA_1116_+	CGGCC	G	150	150	435	439
23S_rRNA_1117_+	GGCCU	C	142	148	441	442
23S_rRNA_1118_+	GCCUG	C	140	144	438	438
23S_rRNA_1119_+	CCUGC	U	139	140	430	433
23S_rRNA_1120_+	CUGCG	G	143	143	433	435
23S_rRNA_1121_+	UGCGC	C	133	143	431	433
23S_rRNA_1122_+	GCGCG	G	140	144	435	436
23S_rRNA_1123_+	CGCGG	C	135	145	436	439
23S_rRNA_1124_+	GCGGA	G	127	140	438	440
23S_rRNA_1125_+	CGGAA	G	132	136	432	435
23S_rRNA_1126_+	GGAAG	A	122	134	427	430
23S_rRNA_1127_+	GAAGA	A	122	129	431	433
23S_rRNA_1128_+	AAGAU	G	130	131	431	432
23S_rRNA_1129_+	AGAUG	A	121	135	436	437
23S_rRNA_1130_+	GAUGU	U	111	120	437	438
23S_rRNA_1131_+	AUGUA	G	119	128	441	444
23S_rRNA_1132_+	UGUAA	U	124	133	432	438
23S_rRNA_1133_+	GUAAC	A	125	131	427	431
23S_rRNA_1134_+	UAACG	A	131	136	432	435
23S_rRNA_1135_+	AACGG	C	126	135	438	439
23S_rRNA_1136_+	ACGGG	G	139	141	430	433
23S_rRNA_1137_+	CGGGG	G	140	141	432	435
23S_rRNA_1138_+	GGGGC	G	143	144	431	434
23S_rRNA_1139_+	GGGCU	G	141	144	433	434
23S_rRNA_1140_+	GGCUA	C	135	137	416	420
23S_rRNA_1141_+	GCUAA	U	134	138	413	413
23S_rRNA_1142_+	CUAAA	A	142	143	417	417
23S_rRNA_1143_+	UAAAC	A	145	145	418	420
23S_rRNA_1144_+	AAACC	A	149	149	419	420
23S_rRNA_1145_+	AACCA	C	149	149	421	423
23S_rRNA_1146_+	ACCAU	C	146	146	422	422
23S_rRNA_1147_+	CCAUG	A	144	147	422	423
23S_rRNA_1148_+	CAUGC	U	144	145	424	425
23S_rRNA_1149_+	AUGCA	G	146	148	431	431
23S_rRNA_1150_+	UGCAC	C	149	149	431	431
23S_rRNA_1151_+	GCACC	A	149	149	423	426
23S_rRNA_1152_+	CACCG	C	151	151	432	432
23S_rRNA_1153_+	ACCGA	C	152	152	433	433
23S_rRNA_1154_+	CCGAA	G	152	152	437	437
23S_rRNA_1155_+	CGAAG	A	146	148	433	434
23S_rRNA_1156_+	GAAGC	A	147	149	436	436
23S_rRNA_1157_+	AAGCU	G	154	154	437	439
23S_rRNA_1158_+	AGCUG	C	152	154	438	439
23S_rRNA_1159_+	GCUGC	U	150	152	433	435
23S_rRNA_1160_+	CUGCG	G	155	155	441	444
23S_rRNA_1161_+	UGCGG	C	151	153	439	440
23S_rRNA_1162_+	GCGGC	G	153	154	441	441
23S_rRNA_1163_+	CGGCA	G	151	153	441	441
23S_rRNA_1164_+	GGCAG	C	152	153	441	442
23S_rRNA_1165_+	GCAGC	A	147	150	437	437
23S_rRNA_1166_+	CAGCG	G	149	149	441	441
23S_rRNA_1167_+	AGCGA	C	150	152	443	445
23S_rRNA_1168_+	GCGAC	G	148	149	446	446
23S_rRNA_1169_+	CGACG	A	145	147	439	440
23S_rRNA_1170_+	GACGC	C	144	147	443	445
23S_rRNA_1171_+	ACGCU	G	113	139	349	436
23S_rRNA_1172_+	CGCUU	C	96	137	347	434
23S_rRNA_1173_+	GCUUA	U	72	96	341	343
23S_rRNA_1174_+	CUUAU	U	101	110	436	436
23S_rRNA_1175_+	UUAUG	A	102	125	439	440
23S_rRNA_1176_+	UAUGC	U	110	117	442	442
23S_rRNA_1177_+	AUGCG	G	138	139	445	445
23S_rRNA_1178_+	UGCGU	C	112	139	352	448
23S_rRNA_1179_+	GCGUU	G	143	143	447	448
23S_rRNA_1180_+	CGUUG	U	142	142	443	444
23S_rRNA_1181_+	GUUGU	U	144	144	444	446
23S_rRNA_1182_+	UUGUU	G	145	148	447	448
23S_rRNA_1183_+	UGUUG	U	146	146	440	443
23S_rRNA_1184_+	GUUGG	U	140	148	442	443
23S_rRNA_1185_+	UUGGG	G	143	146	441	445
23S_rRNA_1186_+	UGGGU	G	144	149	443	446
23S_rRNA_1187_+	GGGUA	G	143	149	439	446
23S_rRNA_1188_+	GGUAG	U	141	145	429	436
23S_rRNA_1189_+	GUAGG	A	145	146	428	436
23S_rRNA_1190_+	UAGGG	G	147	149	434	437
23S_rRNA_1191_+	AGGGG	G	149	149	440	443
23S_rRNA_1192_+	GGGGA	G	147	147	432	437
23S_rRNA_1193_+	GGGAG	G	144	145	432	434
23S_rRNA_1194_+	GGAGC	A	141	142	413	416
23S_rRNA_1195_+	GAGCG	G	142	144	420	420
23S_rRNA_1196_+	AGCGU	C	139	142	420	423
23S_rRNA_1197_+	GCGUU	G	134	141	419	420
23S_rRNA_1198_+	CGUUC	U	140	142	414	416
23S_rRNA_1199_+	GUUCU	U	142	142	412	414
23S_rRNA_1200_+	UUCUG	C	142	142	411	412
23S_rRNA_1201_+	UCUGU	U	139	143	407	411
23S_rRNA_1202_+	CUGUA	G	134	137	414	415
23S_rRNA_1203_+	UGUAA	U	115	137	406	410
23S_rRNA_1204_+	GUAAG	A	115	120	412	414
23S_rRNA_1205_+	UAAGC	A	130	134	412	413
23S_rRNA_1206_+	AAGCC	G	136	136	414	418
23S_rRNA_1207_+	AGCCU	C	136	136	420	420
23S_rRNA_1208_+	GCCUG	C	125	135	419	420
23S_rRNA_1209_+	CCUGU	U	104	121	407	410
23S_rRNA_1210_+	CUGUG	G	102	120	409	410
23S_rRNA_1211_+	UGUGA	U	42	121	123	394
23S_rRNA_1212_+	GUGAA	G	130	134	409	411
23S_rRNA_1213_+	UGAAG	A	133	133	414	414
23S_rRNA_1214_+	GAAGG	A	138	138	416	417
23S_rRNA_1215_+	AAGGU	G	138	140	422	422
23S_rRNA_1216_+	AGGUG	G	140	140	421	424
23S_rRNA_1217_+	GGUGU	U	136	137	415	416
23S_rRNA_1218_+	GUGUA	G	133	135	413	416
23S_rRNA_1219_+	UGUAC	U	134	135	404	407
23S_rRNA_1220_+	GUACU	A	28	132	64	388
23S_rRNA_1221_+	UACUG	C	135	139	409	411
23S_rRNA_1222_+	ACUGU	U	134	136	412	413
23S_rRNA_1223_+	CUGUG	G	137	138	422	423
23S_rRNA_1224_+	UGUGA	U	137	141	416	417
23S_rRNA_1225_+	GUGAG	G	141	143	426	429
23S_rRNA_1226_+	UGAGG	A	136	139	426	426
23S_rRNA_1227_+	GAGGU	G	134	136	426	427
23S_rRNA_1228_+	AGGUA	G	134	138	426	427
23S_rRNA_1229_+	GGUAU	U	26	129	66	395
23S_rRNA_1230_+	GUAUG	A	141	141	412	415
23S_rRNA_1231_+	UAUGC	U	141	142	417	417
23S_rRNA_1232_+	AUGCU	G	144	144	426	427
23S_rRNA_1233_+	UGCUG	C	140	141	424	425
23S_rRNA_1234_+	GCUGG	U	137	140	419	424
23S_rRNA_1235_+	CUGGA	G	135	139	425	428
23S_rRNA_1236_+	UGGAG	G	133	140	429	431
23S_rRNA_1237_+	GGAGG	A	138	140	426	427
23S_rRNA_1238_+	GAGGU	G	147	148	427	431
23S_rRNA_1239_+	AGGUA	G	149	149	431	433
23S_rRNA_1240_+	GGUAU	U	141	144	425	426
23S_rRNA_1241_+	GUAUC	A	136	143	427	428
23S_rRNA_1242_+	UAUCA	U	138	138	430	430
23S_rRNA_1243_+	AUCAG	C	141	141	431	437
23S_rRNA_1244_+	UCAGA	A	138	138	427	429
23S_rRNA_1245_+	CAGAA	G	138	139	431	435
23S_rRNA_1246_+	AGAAG	A	137	138	431	433
23S_rRNA_1247_+	GAAGU	A	126	135	434	437
23S_rRNA_1248_+	AAGUG	G	115	130	439	440
23S_rRNA_1249_+	AGUGC	U	127	133	439	442
23S_rRNA_1250_+	GUGCG	G	136	138	443	445
23S_rRNA_1251_+	UGCGA	C	130	138	440	443
23S_rRNA_1252_+	GCGAA	G	131	135	439	442
23S_rRNA_1253_+	CGAAU	A	132	137	432	434
23S_rRNA_1254_+	GAAUG	A	133	138	435	436
23S_rRNA_1255_+	AAUGC	U	126	134	432	433
23S_rRNA_1256_+	AUGCU	G	138	138	435	437
23S_rRNA_1257_+	UGCUG	C	135	136	432	433
23S_rRNA_1258_+	GCUGA	U	134	135	421	425
23S_rRNA_1259_+	CUGAC	G	136	136	426	429
23S_rRNA_1260_+	UGACA	A	134	134	426	427
23S_rRNA_1261_+	GACAU	C	131	132	429	431
23S_rRNA_1262_+	ACAUA	A	127	130	426	427
23S_rRNA_1263_+	CAUAA	U	106	127	422	428
23S_rRNA_1264_+	AUAAG	A	122	126	423	423
23S_rRNA_1265_+	UAAGU	A	123	126	428	429
23S_rRNA_1266_+	AAGUA	G	117	124	428	431
23S_rRNA_1267_+	AGUAA	U	123	127	425	429
23S_rRNA_1268_+	GUAAC	A	127	127	428	429
23S_rRNA_1269_+	UAACG	A	126	130	426	428
23S_rRNA_1270_+	AACGA	C	125	128	434	434
23S_rRNA_1271_+	ACGAU	G	119	127	427	429
23S_rRNA_1272_+	CGAUA	A	106	115	412	415
23S_rRNA_1273_+	GAUAA	U	104	109	408	414
23S_rRNA_1274_+	AUAAA	A	123	123	407	409
23S_rRNA_1275_+	UAAAG	A	117	125	410	414
23S_rRNA_1276_+	AAAGC	A	127	127	415	415
23S_rRNA_1277_+	AAGCG	G	126	128	420	421
23S_rRNA_1278_+	AGCGG	C	128	128	420	422
23S_rRNA_1279_+	GCGGG	G	127	127	419	421
23S_rRNA_1280_+	CGGGU	G	123	125	421	424
23S_rRNA_1281_+	GGGUG	G	121	123	417	422
23S_rRNA_1282_+	GGUGA	U	115	118	402	406
23S_rRNA_1283_+	GUGAA	G	116	121	401	406
23S_rRNA_1284_+	UGAAA	A	119	119	400	401
23S_rRNA_1285_+	GAAAA	A	119	120	402	404
23S_rRNA_1286_+	AAAAG	A	124	125	402	404
23S_rRNA_1287_+	AAAGC	A	126	126	406	406
23S_rRNA_1288_+	AAGCC	G	127	128	409	409
23S_rRNA_1289_+	AGCCC	C	135	135	416	416
23S_rRNA_1290_+	GCCCG	C	133	134	417	420
23S_rRNA_1291_+	CCCGC	C	133	134	422	422
23S_rRNA_1292_+	CCGCU	G	137	137	425	425
23S_rRNA_1293_+	CGCUC	C	139	139	423	423
23S_rRNA_1294_+	GCUCG	U	137	138	415	419
23S_rRNA_1295_+	CUCGC	C	141	141	424	424
23S_rRNA_1296_+	UCGCC	G	139	140	425	426
23S_rRNA_1297_+	CGCCG	C	141	141	423	426
23S_rRNA_1298_+	GCCGG	C	131	139	425	429
23S_rRNA_1299_+	CCGGA	G	128	135	425	429
23S_rRNA_1300_+	CGGAA	G	119	141	422	427
23S_rRNA_1301_+	GGAAG	A	133	137	419	420
23S_rRNA_1302_+	GAAGA	A	140	141	418	420
23S_rRNA_1303_+	AAGAC	G	138	141	419	420
23S_rRNA_1304_+	AGACC	A	142	144	424	424
23S_rRNA_1305_+	GACCA	C	143	143	425	428
23S_rRNA_1306_+	ACCAA	C	138	143	422	427
23S_rRNA_1307_+	CCAAG	A	140	142	414	420
23S_rRNA_1308_+	CAAGG	A	141	146	415	417
23S_rRNA_1309_+	AAGGG	G	144	144	420	422
23S_rRNA_1310_+	AGGGU	G	144	144	424	425
23S_rRNA_1311_+	GGGUU	G	138	142	424	426
23S_rRNA_1312_+	GGUUC	U	134	138	405	408
23S_rRNA_1313_+	GUUCC	U	135	137	404	409
23S_rRNA_1314_+	UUCCU	C	142	143	414	415
23S_rRNA_1315_+	UCCUG	C	140	142	413	415
23S_rRNA_1316_+	CCUGU	U	137	139	405	408
23S_rRNA_1317_+	CUGUC	G	138	139	409	412
23S_rRNA_1318_+	UGUCC	U	130	136	403	406
23S_rRNA_1319_+	GUCCA	C	124	139	411	411
23S_rRNA_1320_+	UCCAA	C	118	125	412	413
23S_rRNA_1321_+	CCAAC	A	99	113	412	413
23S_rRNA_1322_+	CAACG	A	103	115	412	412
23S_rRNA_1323_+	AACGU	C	122	127	416	418
23S_rRNA_1324_+	ACGUU	G	122	127	417	418
23S_rRNA_1325_+	CGUUA	U	118	126	415	415
23S_rRNA_1326_+	GUUAA	U	112	129	413	413
23S_rRNA_1327_+	UUAAU	A	128	134	411	412
23S_rRNA_1328_+	UAAUC	A	130	136	409	409
23S_rRNA_1329_+	AAUCG	U	117	137	406	409
23S_rRNA_1330_+	AUCGG	C	142	145	408	410
23S_rRNA_1331_+	UCGGG	G	143	146	407	408
23S_rRNA_1332_+	CGGGG	G	146	148	411	413
23S_rRNA_1333_+	GGGGC	G	149	149	414	416
23S_rRNA_1334_+	GGGCA	G	149	150	410	410
23S_rRNA_1335_+	GGCAG	C	141	144	405	408
23S_rRNA_1336_+	GCAGG	A	145	146	404	405
23S_rRNA_1337_+	CAGGG	G	145	147	409	410
23S_rRNA_1338_+	AGGGU	G	150	150	416	416
23S_rRNA_1339_+	GGGUG	G	149	151	414	415
23S_rRNA_1340_+	GGUGA	U	146	151	412	413
23S_rRNA_1341_+	GUGAG	G	151	151	417	418
23S_rRNA_1342_+	UGAGU	A	147	148	413	415
23S_rRNA_1343_+	GAGUC	G	147	150	421	421
23S_rRNA_1344_+	AGUCG	U	144	145	415	417
23S_rRNA_1345_+	GUCGA	C	150	153	423	423
23S_rRNA_1346_+	UCGAC	G	148	151	420	423
23S_rRNA_1347_+	CGACC	A	148	149	414	417
23S_rRNA_1348_+	GACCC	C	151	151	416	419
23S_rRNA_1349_+	ACCCC	C	152	152	418	419
23S_rRNA_1350_+	CCCCU	C	151	152	422	423
23S_rRNA_1351_+	CCCUA	C	149	151	418	422
23S_rRNA_1352_+	CCUAA	U	138	142	407	410
23S_rRNA_1353_+	CUAAG	A	135	136	408	410
23S_rRNA_1354_+	UAAGG	A	140	141	415	415
23S_rRNA_1355_+	AAGGC	G	142	142	421	422
23S_rRNA_1356_+	AGGCG	G	141	142	423	425
23S_rRNA_1357_+	GGCGA	C	141	141	423	426
23S_rRNA_1358_+	GCGAG	G	138	140	426	427
23S_rRNA_1359_+	CGAGG	A	135	140	420	422
23S_rRNA_1360_+	GAGGC	G	139	140	422	424
23S_rRNA_1361_+	AGGCC	G	145	146	420	427
23S_rRNA_1362_+	GGCCG	C	146	146	425	425
23S_rRNA_1363_+	GCCGA	C	138	145	419	425
23S_rRNA_1364_+	CCGAA	G	130	136	423	425
23S_rRNA_1365_+	CGAAA	A	132	134	420	421
23S_rRNA_1366_+	GAAAG	A	138	140	423	423
23S_rRNA_1367_+	AAAGG	A	145	146	423	427
23S_rRNA_1368_+	AAGGC	G	147	147	432	434
23S_rRNA_1369_+	AGGCG	G	147	147	435	437
23S_rRNA_1370_+	GGCGU	C	145	145	432	435
23S_rRNA_1371_+	GCGUA	G	144	145	432	433
23S_rRNA_1372_+	CGUAG	U	140	140	429	430
23S_rRNA_1373_+	GUAGU	A	145	145	430	432
23S_rRNA_1374_+	UAGUC	G	149	149	433	435
23S_rRNA_1375_+	AGUCG	U	150	150	433	434
23S_rRNA_1376_+	GUCGA	C	150	150	438	439
23S_rRNA_1377_+	UCGAU	G	147	149	440	441
23S_rRNA_1378_+	CGAUG	A	134	145	440	441
23S_rRNA_1379_+	GAUGG	U	121	136	443	443
23S_rRNA_1380_+	AUGGG	G	147	147	442	443
23S_rRNA_1381_+	UGGGA	G	150	150	445	446
23S_rRNA_1382_+	GGGAA	G	137	150	436	445
23S_rRNA_1383_+	GGAAA	A	147	147	443	444
23S_rRNA_1384_+	GAAAC	A	150	151	446	446
23S_rRNA_1385_+	AAACA	A	154	154	446	447
23S_rRNA_1386_+	AACAG	C	152	153	448	451
23S_rRNA_1387_+	ACAGG	A	148	149	444	446
23S_rRNA_1388_+	CAGGU	G	151	153	449	449
23S_rRNA_1389_+	AGGUU	G	152	154	453	453
23S_rRNA_1390_+	GGUUA	U	145	149	441	442
23S_rRNA_1391_+	GUUAA	U	136	143	440	442
23S_rRNA_1392_+	UUAAU	A	135	141	440	440
23S_rRNA_1393_+	UAAUA	A	141	142	443	445
23S_rRNA_1394_+	AAUAU	U	144	145	442	443
23S_rRNA_1395_+	AUAUU	A	147	150	441	442
23S_rRNA_1396_+	UAUUC	U	147	147	444	444
23S_rRNA_1397_+	AUUCC	U	147	148	439	440
23S_rRNA_1398_+	UUCCU	C	149	149	447	447
23S_rRNA_1399_+	UCCUG	C	146	148	446	446
23S_rRNA_1400_+	CCUGU	U	145	145	442	442
23S_rRNA_1401_+	CUGUA	G	148	150	449	449
23S_rRNA_1402_+	UGUAC	U	148	149	441	443
23S_rRNA_1403_+	GUACU	A	150	150	443	444
23S_rRNA_1404_+	UACUU	C	149	149	441	443
23S_rRNA_1405_+	ACUUG	U	146	148	436	438
23S_rRNA_1406_+	CUUGG	U	146	146	437	441
23S_rRNA_1407_+	UUGGU	G	146	148	439	441
23S_rRNA_1408_+	UGGUG	G	146	147	439	440
23S_rRNA_1409_+	GGUGU	U	145	145	434	435
23S_rRNA_1410_+	GUGUU	G	142	142	438	439
23S_rRNA_1411_+	UGUUA	U	140	140	425	425
23S_rRNA_1412_+	GUUAC	U	139	139	428	429
23S_rRNA_1413_+	UUACU	A	133	142	430	430
23S_rRNA_1414_+	UACUG	C	129	130	430	431
23S_rRNA_1415_+	ACUGC	U	121	128	423	425
23S_rRNA_1416_+	CUGCG	G	137	138	431	432
23S_rRNA_1417_+	UGCGA	C	136	138	426	428
23S_rRNA_1418_+	GCGAA	G	133	137	422	424
23S_rRNA_1419_+	CGAAG	A	130	135	416	418
23S_rRNA_1420_+	GAAGG	A	133	136	411	417
23S_rRNA_1421_+	AAGGG	G	135	140	415	417
23S_rRNA_1422_+	AGGGG	G	136	141	417	422
23S_rRNA_1423_+	GGGGG	G	139	140	418	422
23S_rRNA_1424_+	GGGGG	G	140	140	418	423
23S_rRNA_1425_+	GGGGA	G	139	139	415	417
23S_rRNA_1426_+	GGGAC	G	134	137	411	414
23S_rRNA_1427_+	GGACG	A	125	131	400	402
23S_rRNA_1428_+	GACGG	C	124	126	406	409
23S_rRNA_1429_+	ACGGA	G	133	133	403	404
23S_rRNA_1430_+	CGGAG	G	134	134	400	402
23S_rRNA_1431_+	GGAGA	A	132	134	395	396
23S_rRNA_1432_+	GAGAA	G	132	134	396	399
23S_rRNA_1433_+	AGAAG	A	132	133	395	399
23S_rRNA_1434_+	GAAGG	A	132	132	400	401
23S_rRNA_1435_+	AAGGC	G	133	133	399	401
23S_rRNA_1436_+	AGGCU	G	134	136	399	404
23S_rRNA_1437_+	GGCUA	C	131	135	399	400
23S_rRNA_1438_+	GCUAU	U	126	126	391	392
23S_rRNA_1439_+	CUAUG	A	128	129	396	398
23S_rRNA_1440_+	UAUGU	U	132	132	396	398
23S_rRNA_1441_+	AUGUU	G	133	134	401	402
23S_rRNA_1442_+	UGUUG	U	134	134	397	401
23S_rRNA_1443_+	GUUGG	U	135	136	401	403
23S_rRNA_1444_+	UUGGC	G	137	137	411	411
23S_rRNA_1445_+	UGGCC	G	137	137	405	411
23S_rRNA_1446_+	GGCCG	C	136	136	408	410
23S_rRNA_1447_+	GCCGG	C	134	136	408	410
23S_rRNA_1448_+	CCGGG	G	138	138	411	414
23S_rRNA_1449_+	CGGGC	G	139	139	415	416
23S_rRNA_1450_+	GGGCG	G	136	138	417	417
23S_rRNA_1451_+	GGCGA	C	133	134	420	421
23S_rRNA_1452_+	GCGAC	G	120	132	419	420
23S_rRNA_1453_+	CGACG	A	102	121	417	418
23S_rRNA_1454_+	GACGG	C	120	128	421	421
23S_rRNA_1455_+	ACGGU	G	117	129	423	423
23S_rRNA_1456_+	CGGUU	G	118	125	425	427
23S_rRNA_1457_+	GGUUG	U	107	120	411	414
23S_rRNA_1458_+	GUUGU	U	108	120	411	414
23S_rRNA_1459_+	UUGUC	G	124	128	419	420
23S_rRNA_1460_+	UGUCC	U	124	131	416	418
23S_rRNA_1461_+	GUCCC	C	139	139	424	426
23S_rRNA_1462_+	UCCCG	C	143	143	419	423
23S_rRNA_1463_+	CCCGG	C	142	143	421	425
23S_rRNA_1464_+	CCGGU	G	144	144	420	422
23S_rRNA_1465_+	CGGUU	G	144	145	424	426
23S_rRNA_1466_+	GGUUU	U	141	142	420	420
23S_rRNA_1467_+	GUUUA	U	145	145	424	424
23S_rRNA_1468_+	UUUAA	U	144	145	428	428
23S_rRNA_1469_+	UUAAG	A	140	143	428	428
23S_rRNA_1470_+	UAAGC	A	147	147	430	430
23S_rRNA_1471_+	AAGCG	G	147	147	433	435
23S_rRNA_1472_+	AGCGU	C	142	146	434	436
23S_rRNA_1473_+	GCGUG	G	143	143	432	435
23S_rRNA_1474_+	CGUGU	U	130	138	422	425
23S_rRNA_1475_+	GUGUA	G	143	143	430	433
23S_rRNA_1476_+	UGUAG	U	141	143	423	425
23S_rRNA_1477_+	GUAGG	A	141	143	424	426
23S_rRNA_1478_+	UAGGC	G	145	146	429	431
23S_rRNA_1479_+	AGGCU	G	146	146	429	432
23S_rRNA_1480_+	GGCUG	C	142	143	422	423
23S_rRNA_1481_+	GCUGG	U	142	142	406	410
23S_rRNA_1482_+	CUGGU	G	144	144	415	417
23S_rRNA_1483_+	UGGUU	G	129	143	380	417
23S_rRNA_1484_+	GGUUU	U	141	141	408	411
23S_rRNA_1485_+	GUUUU	U	140	140	410	413
23S_rRNA_1486_+	UUUUC	U	140	140	412	413
23S_rRNA_1487_+	UUUCC	U	140	140	412	413
23S_rRNA_1488_+	UUCCA	C	140	142	419	421
23S_rRNA_1489_+	UCCAG	C	135	140	418	422
23S_rRNA_1490_+	CCAGG	A	129	132	414	415
23S_rRNA_1491_+	CAGGC	G	133	133	418	420
23S_rRNA_1492_+	AGGCA	G	129	134	420	421
23S_rRNA_1493_+	GGCAA	C	122	134	422	424
23S_rRNA_1494_+	GCAAA	A	126	126	419	420
23S_rRNA_1495_+	CAAAU	A	124	127	424	424
23S_rRNA_1496_+	AAAUC	A	132	135	423	425
23S_rRNA_1497_+	AAUCC	U	121	132	422	424
23S_rRNA_1498_+	AUCCG	C	136	137	428	428
23S_rRNA_1499_+	UCCGG	C	137	138	430	431
23S_rRNA_1500_+	CCGGA	G	139	139	430	431
23S_rRNA_1501_+	CGGAA	G	138	139	431	432
23S_rRNA_1502_+	GGAAA	A	137	137	421	424
23S_rRNA_1503_+	GAAAA	A	138	139	426	426
23S_rRNA_1504_+	AAAAU	A	143	143	429	429
23S_rRNA_1505_+	AAAUC	A	143	143	431	432
23S_rRNA_1506_+	AAUCA	U	141	143	429	430
23S_rRNA_1507_+	AUCAA	C	137	142	432	433
23S_rRNA_1508_+	UCAAG	A	132	136	427	428
23S_rRNA_1509_+	CAAGG	A	137	140	430	430
23S_rRNA_1510_+	AAGGC	G	123	141	434	435
23S_rRNA_1511_+	AGGCU	G	144	148	435	438
23S_rRNA_1512_+	GGCUG	C	145	145	431	434
23S_rRNA_1513_+	GCUGA	U	143	145	425	426
23S_rRNA_1514_+	CUGAG	G	144	146	426	430
23S_rRNA_1515_+	UGAGG	A	139	145	425	428
23S_rRNA_1516_+	GAGGC	G	144	145	430	432
23S_rRNA_1517_+	AGGCG	G	153	153	430	435
23S_rRNA_1518_+	GGCGU	C	150	152	434	437
23S_rRNA_1519_+	GCGUG	G	150	151	436	437
23S_rRNA_1520_+	CGUGA	U	145	148	434	436
23S_rRNA_1521_+	GUGAU	G	152	152	437	438
23S_rRNA_1522_+	UGAUG	A	122	152	435	436
23S_rRNA_1523_+	GAUGA	U	119	125	433	436
23S_rRNA_1524_+	AUGAC	G	151	152	430	432
23S_rRNA_1525_+	UGACG	A	151	152	432	433
23S_rRNA_1526_+	GACGA	C	150	152	437	438
23S_rRNA_1527_+	ACGAG	G	149	151	436	438
23S_rRNA_1528_+	CGAGG	A	149	149	424	426
23S_rRNA_1529_+	GAGGC	G	152	152	429	431
23S_rRNA_1530_+	AGGCA	G	149	152	428	431
23S_rRNA_1531_+	GGCAC	C	144	144	419	421
23S_rRNA_1532_+	GCACU	A	145	145	416	417
23S_rRNA_1533_+	CACUA	C	143	147	419	420
23S_rRNA_1534_+	ACUAC	U	134	138	418	418
23S_rRNA_1535_+	CUACG	A	117	140	421	423
23S_rRNA_1536_+	UACGG	C	120	123	422	425
23S_rRNA_1537_+	ACGGU	G	138	145	424	426
23S_rRNA_1538_+	CGGUG	G	145	146	430	434
23S_rRNA_1539_+	GGUGC	U	141	143	430	431
23S_rRNA_1540_+	GUGCU	G	145	147	430	433
23S_rRNA_1541_+	UGCUG	C	144	144	426	429
23S_rRNA_1542_+	GCUGA	U	142	142	428	429
23S_rRNA_1543_+	CUGAA	G	139	141	433	434
23S_rRNA_1544_+	UGAAG	A	139	140	434	435
23S_rRNA_1545_+	GAAGC	A	144	145	431	433
23S_rRNA_1546_+	AAGCA	G	147	147	438	440
23S_rRNA_1547_+	AGCAA	C	148	149	442	443
23S_rRNA_1548_+	GCAAC	A	145	146	438	439
23S_rRNA_1549_+	CAACA	A	146	146	439	439
23S_rRNA_1550_+	AACAA	C	147	147	442	446
23S_rRNA_1551_+	ACAAA	A	143	146	437	438
23S_rRNA_1552_+	CAAAU	A	145	145	438	440
23S_rRNA_1553_+	AAAUG	A	140	145	442	446
23S_rRNA_1554_+	AAUGC	U	131	146	441	443
23S_rRNA_1555_+	AUGCC	G	143	146	442	446
23S_rRNA_1556_+	UGCCC	C	145	145	442	443
23S_rRNA_1557_+	GCCCU	C	148	149	446	447
23S_rRNA_1558_+	CCCUG	C	132	146	442	443
23S_rRNA_1559_+	CCUGC	U	125	128	438	440
23S_rRNA_1560_+	CUGCU	G	124	128	446	447
23S_rRNA_1561_+	UGCUU	C	136	141	443	447
23S_rRNA_1562_+	GCUUC	U	123	136	439	439
23S_rRNA_1563_+	CUUCC	U	136	138	442	443
23S_rRNA_1564_+	UUCCA	C	141	142	442	445
23S_rRNA_1565_+	UCCAG	C	135	141	446	451
23S_rRNA_1566_+	CCAGG	A	114	133	443	445
23S_rRNA_1567_+	CAGGA	G	113	117	449	449
23S_rRNA_1568_+	AGGAA	G	109	126	444	453
23S_rRNA_1569_+	GGAAA	A	123	129	438	441
23S_rRNA_1570_+	GAAAA	A	134	135	441	446
23S_rRNA_1571_+	AAAAG	A	144	147	445	447
23S_rRNA_1572_+	AAAGC	A	143	149	445	447
23S_rRNA_1573_+	AAGCC	G	137	148	445	448
23S_rRNA_1574_+	AGCCU	C	151	151	446	448
23S_rRNA_1575_+	GCCUC	C	149	151	441	444
23S_rRNA_1576_+	CCUCU	U	146	149	429	434
23S_rRNA_1577_+	CUCUA	C	145	146	437	439
23S_rRNA_1578_+	UCUAA	U	142	146	430	433
23S_rRNA_1579_+	CUAAG	A	149	149	442	442
23S_rRNA_1580_+	UAAGC	A	149	149	443	445
23S_rRNA_1581_+	AAGCA	G	144	149	443	446
23S_rRNA_1582_+	AGCAU	C	141	145	445	446
23S_rRNA_1583_+	GCAUC	A	115	140	436	441
23S_rRNA_1584_+	CAUCA	U	108	126	435	437
23S_rRNA_1585_+	AUCAG	C	134	137	442	443
23S_rRNA_1586_+	UCAGG	A	132	145	436	438
23S_rRNA_1587_+	CAGGU	G	135	136	442	442
23S_rRNA_1588_+	AGGUA	G	148	148	444	445
23S_rRNA_1589_+	GGUAA	U	148	148	433	436
23S_rRNA_1590_+	GUAAC	A	150	150	438	438
23S_rRNA_1591_+	UAACA	A	150	151	439	439
23S_rRNA_1592_+	AACAU	C	151	151	443	443
23S_rRNA_1593_+	ACAUC	A	148	149	439	440
23S_rRNA_1594_+	CAUCA	U	149	149	435	436
23S_rRNA_1595_+	AUCAA	C	152	153	433	438
23S_rRNA_1596_+	UCAAA	A	153	153	429	433
23S_rRNA_1597_+	CAAAU	A	153	153	436	436
23S_rRNA_1598_+	AAAUC	A	152	152	432	437
23S_rRNA_1599_+	AAUCG	U	151	152	435	436
23S_rRNA_1600_+	AUCGU	C	152	154	433	435
23S_rRNA_1601_+	UCGUA	G	147	151	437	438
23S_rRNA_1602_+	CGUAC	U	148	149	432	433
23S_rRNA_1603_+	GUACC	A	145	149	432	435
23S_rRNA_1604_+	UACCC	C	147	147	432	435
23S_rRNA_1605_+	ACCCC	C	143	146	432	436
23S_rRNA_1606_+	CCCCA	C	145	147	435	436
23S_rRNA_1607_+	CCCAA	C	130	145	432	434
23S_rRNA_1608_+	CCAAA	A	123	130	414	414
23S_rRNA_1609_+	CAAAC	A	136	139	418	418
23S_rRNA_1610_+	AAACC	A	141	144	418	419
23S_rRNA_1611_+	AACCG	C	141	145	425	425
23S_rRNA_1612_+	ACCGA	C	129	142	423	425
23S_rRNA_1613_+	CCGAC	G	100	129	423	426
23S_rRNA_1614_+	CGACA	A	110	113	419	421
23S_rRNA_1615_+	GACAC	C	112	115	423	426
23S_rRNA_1616_+	ACACA	A	135	138	421	422
23S_rRNA_1617_+	CACAG	C	143	143	427	430
23S_rRNA_1618_+	ACAGG	A	133	144	420	422
23S_rRNA_1619_+	CAGGU	G	135	137	427	427
23S_rRNA_1620_+	AGGUG	G	131	142	429	431
23S_rRNA_1621_+	GGUGG	U	128	135	423	425
23S_rRNA_1622_+	GUGGU	G	145	145	430	431
23S_rRNA_1623_+	UGGUC	G	147	147	427	431
23S_rRNA_1624_+	GGUCA	U	147	148	415	418
23S_rRNA_1625_+	GUCAG	C	146	147	424	426
23S_rRNA_1626_+	UCAGG	A	146	148	421	421
23S_rRNA_1627_+	CAGGU	G	143	147	422	427
23S_rRNA_1628_+	AGGUA	G	141	142	431	432
23S_rRNA_1629_+	GGUAG	U	130	140	425	426
23S_rRNA_1630_+	GUAGA	A	131	132	422	423
23S_rRNA_1631_+	UAGAG	G	134	136	424	425
23S_rRNA_1632_+	AGAGA	A	140	143	423	423
23S_rRNA_1633_+	GAGAA	G	131	140	423	425
23S_rRNA_1634_+	AGAAU	A	135	138	425	426
23S_rRNA_1635_+	GAAUA	A	140	143	428	428
23S_rRNA_1636_+	AAUAC	U	141	145	427	428
23S_rRNA_1637_+	AUACC	A	141	147	426	426
23S_rRNA_1638_+	UACCA	C	144	145	431	432
23S_rRNA_1639_+	ACCAA	C	147	148	429	432
23S_rRNA_1640_+	CCAAG	A	144	148	424	428
23S_rRNA_1641_+	CAAGG	A	145	150	423	427
23S_rRNA_1642_+	AAGGC	G	140	149	430	431
23S_rRNA_1643_+	AGGCG	G	146	149	435	436
23S_rRNA_1644_+	GGCGC	C	141	143	432	435
23S_rRNA_1645_+	GCGCU	G	147	150	431	435
23S_rRNA_1646_+	CGCUU	C	141	145	424	430
23S_rRNA_1647_+	GCUUG	U	133	142	419	421
23S_rRNA_1648_+	CUUGA	U	127	146	414	420
23S_rRNA_1649_+	UUGAG	G	138	139	422	422
23S_rRNA_1650_+	UGAGA	A	138	139	415	417
23S_rRNA_1651_+	GAGAG	G	144	145	421	423
23S_rRNA_1652_+	AGAGA	A	143	145	422	423
23S_rRNA_1653_+	GAGAA	G	142	144	424	427
23S_rRNA_1654_+	AGAAC	A	144	147	425	427
23S_rRNA_1655_+	GAACU	A	143	145	426	428
23S_rRNA_1656_+	AACUC	C	147	147	428	432
23S_rRNA_1657_+	ACUCG	U	142	143	425	426
23S_rRNA_1658_+	CUCGG	C	145	146	431	433
23S_rRNA_1659_+	UCGGG	G	145	145	432	435
23S_rRNA_1660_+	CGGGU	G	144	145	430	432
23S_rRNA_1661_+	GGGUG	G	143	145	430	431
23S_rRNA_1662_+	GGUGA	U	139	144	420	423
23S_rRNA_1663_+	GUGAA	G	137	140	433	434
23S_rRNA_1664_+	UGAAG	A	141	143	428	429
23S_rRNA_1665_+	GAAGG	A	139	144	426	426
23S_rRNA_1666_+	AAGGA	G	137	144	430	430
23S_rRNA_1667_+	AGGAA	G	140	148	430	432
23S_rRNA_1668_+	GGAAC	A	130	141	429	429
23S_rRNA_1669_+	GAACU	A	128	136	429	430
23S_rRNA_1670_+	AACUA	C	125	136	428	430
23S_rRNA_1671_+	ACUAG	U	123	134	426	427
23S_rRNA_1672_+	CUAGG	A	130	138	420	424
23S_rRNA_1673_+	UAGGC	G	133	136	427	427
23S_rRNA_1674_+	AGGCA	G	137	141	427	428
23S_rRNA_1675_+	GGCAA	C	124	138	421	424
23S_rRNA_1676_+	GCAAA	A	126	128	415	415
23S_rRNA_1677_+	CAAAA	A	133	135	418	418
23S_rRNA_1678_+	AAAAU	A	136	140	415	416
23S_rRNA_1679_+	AAAUG	A	135	139	415	417
23S_rRNA_1680_+	AAUGG	U	116	134	414	415
23S_rRNA_1681_+	AUGGU	G	123	134	422	423
23S_rRNA_1682_+	UGGUG	G	137	139	420	423
23S_rRNA_1683_+	GGUGC	U	133	139	415	417
23S_rRNA_1684_+	GUGCC	G	139	142	419	421
23S_rRNA_1685_+	UGCCG	C	139	141	421	421
23S_rRNA_1686_+	GCCGU	C	141	142	422	423
23S_rRNA_1687_+	CCGUA	G	143	143	425	425
23S_rRNA_1688_+	CGUAA	U	138	143	420	420
23S_rRNA_1689_+	GUAAC	A	140	140	418	418
23S_rRNA_1690_+	UAACU	A	141	144	422	422
23S_rRNA_1691_+	AACUU	C	141	146	423	425
23S_rRNA_1692_+	ACUUC	U	131	140	420	421
23S_rRNA_1693_+	CUUCG	U	140	144	420	423
23S_rRNA_1694_+	UUCGG	C	144	147	426	428
23S_rRNA_1695_+	UCGGG	G	144	147	424	429
23S_rRNA_1696_+	CGGGA	G	144	150	426	428
23S_rRNA_1697_+	GGGAG	G	141	147	426	427
23S_rRNA_1698_+	GGAGA	A	132	141	419	419
23S_rRNA_1699_+	GAGAA	G	137	144	420	424
23S_rRNA_1700_+	AGAAG	A	139	144	416	420
23S_rRNA_1701_+	GAAGG	A	146	147	417	419
23S_rRNA_1702_+	AAGGC	G	148	149	421	426
23S_rRNA_1703_+	AGGCA	G	149	149	426	427
23S_rRNA_1704_+	GGCAC	C	149	150	426	428
23S_rRNA_1705_+	GCACG	A	146	147	422	423
23S_rRNA_1706_+	CACGC	C	148	148	427	428
23S_rRNA_1707_+	ACGCU	G	144	145	430	430
23S_rRNA_1708_+	CGCUG	C	144	144	428	428
23S_rRNA_1709_+	GCUGA	U	143	144	422	425
23S_rRNA_1710_+	CUGAU	G	134	141	425	429
23S_rRNA_1711_+	UGAUA	A	131	133	421	423
23S_rRNA_1712_+	GAUAU	U	129	132	419	421
23S_rRNA_1713_+	AUAUG	A	129	136	420	422
23S_rRNA_1714_+	UAUGU	U	130	131	418	420
23S_rRNA_1715_+	AUGUA	G	135	136	419	424
23S_rRNA_1716_+	UGUAG	U	133	136	406	413
23S_rRNA_1717_+	GUAGG	A	138	140	405	408
23S_rRNA_1718_+	UAGGU	G	134	138	411	413
23S_rRNA_1719_+	AGGUG	G	135	139	414	414
23S_rRNA_1720_+	GGUGA	U	126	129	396	398
23S_rRNA_1721_+	GUGAA	G	127	129	390	401
23S_rRNA_1722_+	UGAAG	A	126	127	393	395
23S_rRNA_1723_+	GAAGC	A	96	110	262	327
23S_rRNA_1724_+	AAGCG	G	109	109	330	331
23S_rRNA_1725_+	AGCGA	C	96	110	270	335
23S_rRNA_1726_+	GCGAC	G	92	107	273	337
23S_rRNA_1727_+	CGACU	A	89	106	273	337
23S_rRNA_1728_+	GACUU	C	94	102	334	335
23S_rRNA_1729_+	ACUUG	U	86	94	332	333
23S_rRNA_1730_+	CUUGC	U	72	100	260	325
23S_rRNA_1731_+	UUGCU	G	101	104	328	329
23S_rRNA_1732_+	UGCUC	C	103	105	329	329
23S_rRNA_1733_+	GCUCG	U	92	106	261	327
23S_rRNA_1734_+	CUCGU	C	93	110	265	329
23S_rRNA_1735_+	UCGUG	G	94	110	265	330
23S_rRNA_1736_+	CGUGG	U	129	131	382	382
23S_rRNA_1737_+	GUGGA	G	134	134	390	391
23S_rRNA_1738_+	UGGAG	G	137	139	394	394
23S_rRNA_1739_+	GGAGC	A	134	137	391	392
23S_rRNA_1740_+	GAGCU	G	140	140	399	402
23S_rRNA_1741_+	AGCUG	C	140	140	402	403
23S_rRNA_1742_+	GCUGA	U	136	140	403	404
23S_rRNA_1743_+	CUGAA	G	137	138	410	411
23S_rRNA_1744_+	UGAAA	A	140	140	409	411
23S_rRNA_1745_+	GAAAU	A	143	145	417	417
23S_rRNA_1746_+	AAAUC	A	145	146	421	422
23S_rRNA_1747_+	AAUCA	U	144	144	423	424
23S_rRNA_1748_+	AUCAG	C	145	145	429	431
23S_rRNA_1749_+	UCAGU	A	139	145	431	432
23S_rRNA_1750_+	CAGUC	G	134	137	437	438
23S_rRNA_1751_+	AGUCG	U	135	136	437	438
23S_rRNA_1752_+	GUCGA	C	136	143	442	442
23S_rRNA_1753_+	UCGAA	G	139	143	440	442
23S_rRNA_1754_+	CGAAG	A	132	139	440	441
23S_rRNA_1755_+	GAAGA	A	139	141	432	434
23S_rRNA_1756_+	AAGAU	G	135	139	437	439
23S_rRNA_1757_+	AGAUA	A	139	145	438	440
23S_rRNA_1758_+	GAUAC	U	125	140	437	441
23S_rRNA_1759_+	AUACC	A	143	144	445	445
23S_rRNA_1760_+	UACCA	C	147	148	450	450
23S_rRNA_1761_+	ACCAG	C	149	150	449	450
23S_rRNA_1762_+	CCAGC	A	145	146	444	445
23S_rRNA_1763_+	CAGCU	G	145	147	445	448
23S_rRNA_1764_+	AGCUG	C	146	147	445	446
23S_rRNA_1765_+	GCUGG	U	143	143	434	440
23S_rRNA_1766_+	CUGGC	G	146	146	443	446
23S_rRNA_1767_+	UGGCU	G	142	144	442	445
23S_rRNA_1768_+	GGCUG	C	138	139	438	439
23S_rRNA_1769_+	GCUGC	U	132	136	428	432
23S_rRNA_1770_+	CUGCA	G	131	139	437	438
23S_rRNA_1771_+	UGCAA	C	128	134	435	436
23S_rRNA_1772_+	GCAAC	A	122	128	424	426
23S_rRNA_1773_+	CAACU	A	130	132	420	421
23S_rRNA_1774_+	AACUG	C	133	137	421	423
23S_rRNA_1775_+	ACUGU	U	131	135	420	420
23S_rRNA_1776_+	CUGUU	G	127	135	427	429
23S_rRNA_1777_+	UGUUU	U	128	132	421	423
23S_rRNA_1778_+	GUUUA	U	130	134	424	425
23S_rRNA_1779_+	UUUAU	U	126	132	422	425
23S_rRNA_1780_+	UUAUU	A	111	125	422	424
23S_rRNA_1781_+	UAUUA	U	126	130	426	426
23S_rRNA_1782_+	AUUAA	U	115	133	415	424
23S_rRNA_1783_+	UUAAA	A	137	139	421	422
23S_rRNA_1784_+	UAAAA	A	138	140	427	427
23S_rRNA_1785_+	AAAAA	A	140	140	429	429
23S_rRNA_1786_+	AAAAC	A	141	142	430	430
23S_rRNA_1787_+	AAACA	A	137	139	428	430
23S_rRNA_1788_+	AACAC	C	134	139	432	433
23S_rRNA_1789_+	ACACA	A	140	141	428	428
23S_rRNA_1790_+	CACAG	C	145	145	431	434
23S_rRNA_1791_+	ACAGC	A	137	141	423	424
23S_rRNA_1792_+	CAGCA	G	131	138	424	426
23S_rRNA_1793_+	AGCAC	C	140	140	426	428
23S_rRNA_1794_+	GCACU	A	138	140	420	420
23S_rRNA_1795_+	CACUG	C	139	143	422	423
23S_rRNA_1796_+	ACUGU	U	136	138	420	421
23S_rRNA_1797_+	CUGUG	G	132	134	429	429
23S_rRNA_1798_+	UGUGC	U	131	137	424	427
23S_rRNA_1799_+	GUGCA	G	126	136	429	431
23S_rRNA_1800_+	UGCAA	C	123	135	421	428
23S_rRNA_1801_+	GCAAA	A	124	128	422	423
23S_rRNA_1802_+	CAAAC	A	126	132	423	427
23S_rRNA_1803_+	AAACA	A	137	137	426	429
23S_rRNA_1804_+	AACAC	C	136	138	433	438
23S_rRNA_1805_+	ACACG	A	140	143	432	434
23S_rRNA_1806_+	CACGA	C	137	141	438	439
23S_rRNA_1807_+	ACGAA	G	133	140	434	436
23S_rRNA_1808_+	CGAAA	A	130	133	430	430
23S_rRNA_1809_+	GAAAG	A	134	135	430	430
23S_rRNA_1810_+	AAAGU	A	140	141	425	428
23S_rRNA_1811_+	AAGUG	G	142	143	428	430
23S_rRNA_1812_+	AGUGG	U	141	142	427	431
23S_rRNA_1813_+	GUGGA	G	139	140	434	436
23S_rRNA_1814_+	UGGAC	G	138	140	438	441
23S_rRNA_1815_+	GGACG	A	139	141	430	434
23S_rRNA_1816_+	GACGU	C	138	139	439	442
23S_rRNA_1817_+	ACGUA	G	124	136	436	438
23S_rRNA_1818_+	CGUAU	U	125	128	429	430
23S_rRNA_1819_+	GUAUA	A	126	126	433	434
23S_rRNA_1820_+	UAUAC	U	134	136	435	435
23S_rRNA_1821_+	AUACG	A	134	134	436	437
23S_rRNA_1822_+	UACGG	C	136	138	435	438
23S_rRNA_1823_+	ACGGU	G	133	134	431	435
23S_rRNA_1824_+	CGGUG	G	135	138	435	438
23S_rRNA_1825_+	GGUGU	U	133	133	427	429
23S_rRNA_1826_+	GUGUG	G	139	141	435	435
23S_rRNA_1827_+	UGUGA	U	134	139	430	433
23S_rRNA_1828_+	GUGAC	G	135	140	440	440
23S_rRNA_1829_+	UGACG	A	136	138	432	434
23S_rRNA_1830_+	GACGC	C	138	141	436	438
23S_rRNA_1831_+	ACGCC	G	141	142	433	436
23S_rRNA_1832_+	CGCCU	C	139	139	432	434
23S_rRNA_1833_+	GCCUG	C	132	139	424	431
23S_rRNA_1834_+	CCUGC	U	123	130	410	416
23S_rRNA_1835_+	CUGCC	G	75	128	345	417
23S_rRNA_1836_+	UGCCC	C	136	136	432	432
23S_rRNA_1837_+	GCCCG	C	137	138	430	433
23S_rRNA_1838_+	CCCGG	C	136	137	433	435
23S_rRNA_1839_+	CCGGU	G	134	136	433	435
23S_rRNA_1840_+	CGGUG	G	133	136	430	431
23S_rRNA_1841_+	GGUGC	U	129	129	424	425
23S_rRNA_1842_+	GUGCC	G	136	138	423	426
23S_rRNA_1843_+	UGCCG	C	137	139	425	427
23S_rRNA_1844_+	GCCGG	C	137	139	430	430
23S_rRNA_1845_+	CCGGA	G	134	138	430	432
23S_rRNA_1846_+	CGGAA	G	133	136	433	435
23S_rRNA_1847_+	GGAAG	A	127	133	427	427
23S_rRNA_1848_+	GAAGG	A	132	134	422	422
23S_rRNA_1849_+	AAGGU	G	142	144	425	426
23S_rRNA_1850_+	AGGUU	G	138	144	429	430
23S_rRNA_1851_+	GGUUA	U	132	136	422	424
23S_rRNA_1852_+	GUUAA	U	127	135	421	424
23S_rRNA_1853_+	UUAAU	A	130	131	422	423
23S_rRNA_1854_+	UAAUU	A	125	131	423	426
23S_rRNA_1855_+	AAUUG	U	134	138	416	422
23S_rRNA_1856_+	AUUGA	U	132	137	416	418
23S_rRNA_1857_+	UUGAU	G	138	141	419	421
23S_rRNA_1858_+	UGAUG	A	140	143	416	420
23S_rRNA_1859_+	GAUGG	U	139	142	416	421
23S_rRNA_1860_+	AUGGG	G	141	142	424	425
23S_rRNA_1861_+	UGGGG	G	144	144	421	424
23S_rRNA_1862_+	GGGGU	G	142	144	419	419
23S_rRNA_1863_+	GGGUU	G	140	144	412	414
23S_rRNA_1864_+	GGUUA	U	121	131	375	378
23S_rRNA_1865_+	GUUAG	U	101	130	281	372
23S_rRNA_1866_+	UUAGC	A	134	136	372	374
23S_rRNA_1867_+	UAGCG	G	134	135	368	370
23S_rRNA_1868_+	AGCGC	C	140	140	379	380
23S_rRNA_1869_+	GCGCA	G	140	142	375	376
23S_rRNA_1870_+	CGCAA	C	142	143	373	377
23S_rRNA_1871_+	GCAAG	A	139	140	377	377
23S_rRNA_1872_+	CAAGC	A	139	141	377	379
23S_rRNA_1873_+	AAGCG	G	142	143	385	386
23S_rRNA_1874_+	AGCGA	C	141	142	394	395
23S_rRNA_1875_+	GCGAA	G	140	143	391	392
23S_rRNA_1876_+	CGAAG	A	128	128	377	377
23S_rRNA_1877_+	GAAGC	A	142	142	392	392
23S_rRNA_1878_+	AAGCU	G	136	143	393	395
23S_rRNA_1879_+	AGCUC	C	134	135	396	396
23S_rRNA_1880_+	GCUCU	U	129	131	395	395
23S_rRNA_1881_+	CUCUU	C	136	138	394	396
23S_rRNA_1882_+	UCUUG	U	136	139	391	392
23S_rRNA_1883_+	CUUGA	U	122	138	401	401
23S_rRNA_1884_+	UUGAU	G	132	136	405	407
23S_rRNA_1885_+	UGAUC	A	130	137	409	410
23S_rRNA_1886_+	GAUCG	U	137	137	408	410
23S_rRNA_1887_+	AUCGA	C	140	141	414	414
23S_rRNA_1888_+	UCGAA	G	140	140	414	416
23S_rRNA_1889_+	CGAAG	A	139	140	409	412
23S_rRNA_1890_+	GAAGC	A	139	139	417	417
23S_rRNA_1891_+	AAGCC	G	136	143	420	422
23S_rRNA_1892_+	AGCCC	C	143	143	424	424
23S_rRNA_1893_+	GCCCC	C	142	142	426	426
23S_rRNA_1894_+	CCCCG	C	139	140	429	429
23S_rRNA_1895_+	CCCGG	C	139	140	428	429
23S_rRNA_1896_+	CCGGU	G	137	138	425	426
23S_rRNA_1897_+	CGGUA	G	139	139	425	427
23S_rRNA_1898_+	GGUAA	U	122	133	424	425
23S_rRNA_1899_+	GUAAA	A	124	128	428	428
23S_rRNA_1900_+	UAAAC	A	124	128	428	429
23S_rRNA_1901_+	AAACG	A	138	140	429	429
23S_rRNA_1902_+	AACGG	C	139	140	435	437
23S_rRNA_1903_+	ACGGC	G	140	140	434	434
23S_rRNA_1904_+	CGGCG	G	138	138	437	440
23S_rRNA_1905_+	GGCGG	C	138	140	439	441
23S_rRNA_1906_+	GCGGC	G	140	141	436	440
23S_rRNA_1907_+	CGGCC	G	138	140	440	442
23S_rRNA_1908_+	GGCCG	C	138	138	443	444
23S_rRNA_1909_+	GCCGU	C	140	141	443	443
23S_rRNA_1910_+	CCGUA	G	136	141	444	444
23S_rRNA_1911_+	CGUAA	U	135	138	442	442
23S_rRNA_1912_+	GUAAC	A	132	140	438	441
23S_rRNA_1913_+	UAACU	A	132	136	436	439
23S_rRNA_1914_+	AACUA	C	130	131	437	439
23S_rRNA_1915_+	ACUAU	U	53	129	113	416
23S_rRNA_1916_+	CUAUA	A	136	139	431	432
23S_rRNA_1917_+	UAUAA	U	134	136	434	435
23S_rRNA_1918_+	AUAAC	A	140	141	443	444
23S_rRNA_1919_+	UAACG	A	143	143	447	448
23S_rRNA_1920_+	AACGG	C	144	146	452	452
23S_rRNA_1921_+	ACGGU	G	145	148	450	451
23S_rRNA_1922_+	CGGUC	G	146	147	449	450
23S_rRNA_1923_+	GGUCC	U	139	142	441	444
23S_rRNA_1924_+	GUCCU	C	143	143	444	446
23S_rRNA_1925_+	UCCUA	C	141	142	439	441
23S_rRNA_1926_+	CCUAA	U	135	139	430	433
23S_rRNA_1927_+	CUAAG	A	137	140	431	434
23S_rRNA_1928_+	UAAGG	A	139	139	436	438
23S_rRNA_1929_+	AAGGU	G	136	140	441	442
23S_rRNA_1930_+	AGGUA	G	143	144	444	447
23S_rRNA_1931_+	GGUAG	U	141	141	433	435
23S_rRNA_1932_+	GUAGC	A	139	142	432	433
23S_rRNA_1933_+	UAGCG	G	140	142	441	441
23S_rRNA_1934_+	AGCGA	C	137	144	442	443
23S_rRNA_1935_+	GCGAA	G	134	141	435	437
23S_rRNA_1936_+	CGAAA	A	136	139	429	432
23S_rRNA_1937_+	GAAAU	A	141	142	433	436
23S_rRNA_1938_+	AAAUU	A	141	146	437	438
23S_rRNA_1939_+	AAUUC	U	132	143	432	434
23S_rRNA_1940_+	AUUCC	U	135	144	431	432
23S_rRNA_1941_+	UUCCU	C	142	143	432	432
23S_rRNA_1942_+	UCCUU	C	140	141	430	431
23S_rRNA_1943_+	CCUUG	U	138	141	425	427
23S_rRNA_1944_+	CUUGU	U	138	141	423	424
23S_rRNA_1945_+	UUGUC	G	142	143	428	430
23S_rRNA_1946_+	UGUCG	U	140	143	425	425
23S_rRNA_1947_+	GUCGG	C	140	144	427	430
23S_rRNA_1948_+	UCGGG	G	141	141	429	433
23S_rRNA_1949_+	CGGGU	G	139	142	430	433
23S_rRNA_1950_+	GGGUA	G	136	144	428	432
23S_rRNA_1951_+	GGUAA	U	132	138	416	421
23S_rRNA_1952_+	GUAAG	A	137	138	421	422
23S_rRNA_1953_+	UAAGU	A	132	138	424	426
23S_rRNA_1954_+	AAGUU	G	132	139	434	434
23S_rRNA_1955_+	AGUUC	U	133	139	430	431
23S_rRNA_1956_+	GUUCC	U	144	146	428	429
23S_rRNA_1957_+	UUCCG	C	147	147	431	432
23S_rRNA_1958_+	UCCGA	C	145	146	432	433
23S_rRNA_1959_+	CCGAC	G	145	147	434	435
23S_rRNA_1960_+	CGACC	A	145	147	430	431
23S_rRNA_1961_+	GACCU	C	147	148	436	437
23S_rRNA_1962_+	ACCUG	C	146	146	434	434
23S_rRNA_1963_+	CCUGC	U	140	146	436	436
23S_rRNA_1964_+	CUGCA	G	138	148	439	441
23S_rRNA_1965_+	UGCAC	C	136	141	439	441
23S_rRNA_1966_+	GCACG	A	129	137	437	438
23S_rRNA_1967_+	CACGA	C	139	143	440	442
23S_rRNA_1968_+	ACGAA	G	138	145	438	442
23S_rRNA_1969_+	CGAAU	A	141	146	435	438
23S_rRNA_1970_+	GAAUG	A	143	148	440	444
23S_rRNA_1971_+	AAUGG	U	140	147	439	441
23S_rRNA_1972_+	AUGGC	G	148	151	447	447
23S_rRNA_1973_+	UGGCG	G	150	152	444	448
23S_rRNA_1974_+	GGCGU	C	147	148	446	447
23S_rRNA_1975_+	GCGUA	G	147	152	448	449
23S_rRNA_1976_+	CGUAA	U	141	149	440	443
23S_rRNA_1977_+	GUAAU	A	137	143	440	442
23S_rRNA_1978_+	UAAUG	A	133	142	446	449
23S_rRNA_1979_+	AAUGA	U	133	138	444	446
23S_rRNA_1980_+	AUGAU	G	121	139	447	448
23S_rRNA_1981_+	UGAUG	A	144	148	445	446
23S_rRNA_1982_+	GAUGG	U	142	145	439	446
23S_rRNA_1983_+	AUGGC	G	145	149	438	440
23S_rRNA_1984_+	UGGCC	G	148	150	440	444
23S_rRNA_1985_+	GGCCA	C	150	151	442	444
23S_rRNA_1986_+	GCCAG	C	149	151	444	446
23S_rRNA_1987_+	CCAGG	A	141	147	429	430
23S_rRNA_1988_+	CAGGC	G	142	145	432	436
23S_rRNA_1989_+	AGGCU	G	146	148	438	441
23S_rRNA_1990_+	GGCUG	C	150	150	440	440
23S_rRNA_1991_+	GCUGU	U	143	148	430	433
23S_rRNA_1992_+	CUGUC	G	141	150	437	439
23S_rRNA_1993_+	UGUCU	U	142	145	433	433
23S_rRNA_1994_+	GUCUC	C	144	145	432	434
23S_rRNA_1995_+	UCUCC	U	146	147	429	430
23S_rRNA_1996_+	CUCCA	C	150	150	434	436
23S_rRNA_1997_+	UCCAC	C	147	148	433	435
23S_rRNA_1998_+	CCACC	A	142	144	427	430
23S_rRNA_1999_+	CACCC	C	145	145	437	437
23S_rRNA_2000_+	ACCCG	C	144	145	436	437
23S_rRNA_2001_+	CCCGA	C	138	146	433	437
23S_rRNA_2002_+	CCGAG	G	139	139	438	438
23S_rRNA_2003_+	CGAGA	A	136	140	425	425
23S_rRNA_2004_+	GAGAC	G	137	142	430	431
23S_rRNA_2005_+	AGACU	A	139	147	430	431
23S_rRNA_2006_+	GACUC	C	152	152	434	434
23S_rRNA_2007_+	ACUCA	U	149	150	426	430
23S_rRNA_2008_+	CUCAG	C	144	148	433	437
23S_rRNA_2009_+	UCAGU	A	141	146	429	431
23S_rRNA_2010_+	CAGUG	G	143	147	433	436
23S_rRNA_2011_+	AGUGA	U	139	145	430	432
23S_rRNA_2012_+	GUGAA	G	132	145	433	436
23S_rRNA_2013_+	UGAAA	A	128	135	430	430
23S_rRNA_2014_+	GAAAU	A	124	132	433	435
23S_rRNA_2015_+	AAAUU	A	131	142	440	440
23S_rRNA_2016_+	AAUUG	U	130	138	436	436
23S_rRNA_2017_+	AUUGA	U	128	139	431	434
23S_rRNA_2018_+	UUGAA	G	136	141	435	435
23S_rRNA_2019_+	UGAAC	A	140	143	429	431
23S_rRNA_2020_+	GAACU	A	143	145	437	437
23S_rRNA_2021_+	AACUC	C	144	145	437	439
23S_rRNA_2022_+	ACUCG	U	140	143	432	433
23S_rRNA_2023_+	CUCGC	C	145	147	435	435
23S_rRNA_2024_+	UCGCU	G	141	148	437	438
23S_rRNA_2025_+	CGCUG	C	132	146	438	438
23S_rRNA_2026_+	GCUGU	U	130	134	431	431
23S_rRNA_2027_+	CUGUG	G	123	131	441	441
23S_rRNA_2028_+	UGUGA	U	136	143	437	440
23S_rRNA_2029_+	GUGAA	G	138	146	439	439
23S_rRNA_2030_+	UGAAG	A	134	141	434	437
23S_rRNA_2031_+	GAAGA	A	140	145	433	435
23S_rRNA_2032_+	AAGAU	G	141	143	436	437
23S_rRNA_2033_+	AGAUG	A	136	146	435	436
23S_rRNA_2034_+	GAUGC	U	122	138	444	444
23S_rRNA_2035_+	AUGCA	G	146	149	450	450
23S_rRNA_2036_+	UGCAG	C	148	148	445	448
23S_rRNA_2037_+	GCAGU	A	133	146	440	443
23S_rRNA_2038_+	CAGUG	G	135	137	443	444
23S_rRNA_2039_+	AGUGU	U	130	136	441	444
23S_rRNA_2040_+	GUGUA	G	142	147	436	443
23S_rRNA_2041_+	UGUAC	U	129	142	433	437
23S_rRNA_2042_+	GUACC	A	132	140	434	437
23S_rRNA_2043_+	UACCC	C	147	147	439	440
23S_rRNA_2044_+	ACCCG	C	146	147	440	446
23S_rRNA_2045_+	CCCGC	C	142	145	439	443
23S_rRNA_2046_+	CCGCG	G	143	143	431	437
23S_rRNA_2047_+	CGCGG	C	148	148	434	439
23S_rRNA_2048_+	GCGGC	G	145	147	431	433
23S_rRNA_2049_+	CGGCA	G	141	147	428	433
23S_rRNA_2050_+	GGCAA	C	133	139	429	434
23S_rRNA_2051_+	GCAAG	A	132	138	428	429
23S_rRNA_2052_+	CAAGA	A	144	146	428	428
23S_rRNA_2053_+	AAGAC	G	142	144	433	435
23S_rRNA_2054_+	AGACG	A	142	145	435	437
23S_rRNA_2055_+	GACGG	C	138	145	439	441
23S_rRNA_2056_+	ACGGA	G	133	139	435	439
23S_rRNA_2057_+	CGGAA	G	119	144	432	438
23S_rRNA_2058_+	GGAAA	A	121	127	426	427
23S_rRNA_2059_+	GAAAG	A	131	133	428	430
23S_rRNA_2060_+	AAAGA	A	142	142	427	429
23S_rRNA_2061_+	AAGAC	G	125	142	429	429
23S_rRNA_2062_+	AGACC	A	134	141	427	428
23S_rRNA_2063_+	GACCC	C	142	144	432	433
23S_rRNA_2064_+	ACCCC	C	141	144	435	437
23S_rRNA_2065_+	CCCCG	C	138	142	432	435
23S_rRNA_2066_+	CCCGU	C	117	135	430	435
23S_rRNA_2067_+	CCGUG	G	112	116	429	429
23S_rRNA_2068_+	CGUGA	U	111	114	417	422
23S_rRNA_2069_+	GUGAA	G	122	125	419	426
23S_rRNA_2070_+	UGAAC	A	124	127	424	427
23S_rRNA_2071_+	GAACC	A	116	128	421	423
23S_rRNA_2072_+	AACCU	C	143	144	433	433
23S_rRNA_2073_+	ACCUU	C	136	144	419	427
23S_rRNA_2074_+	CCUUU	U	132	133	418	420
23S_rRNA_2075_+	CUUUA	U	135	136	426	427
23S_rRNA_2076_+	UUUAC	U	134	142	423	425
23S_rRNA_2077_+	UUACU	A	141	142	422	425
23S_rRNA_2078_+	UACUA	C	142	143	417	421
23S_rRNA_2079_+	ACUAU	U	141	141	417	420
23S_rRNA_2080_+	CUAUA	A	138	141	417	417
23S_rRNA_2081_+	UAUAG	U	137	137	416	419
23S_rRNA_2082_+	AUAGC	A	139	141	415	415
23S_rRNA_2083_+	UAGCU	G	142	142	420	420
23S_rRNA_2084_+	AGCUU	C	141	142	418	418
23S_rRNA_2085_+	GCUUG	U	140	140	411	413
23S_rRNA_2086_+	CUUGA	U	134	139	411	414
23S_rRNA_2087_+	UUGAC	G	135	135	414	415
23S_rRNA_2088_+	UGACA	A	134	134	409	410
23S_rRNA_2089_+	GACAC	C	135	135	413	414
23S_rRNA_2090_+	ACACU	A	136	136	406	410
23S_rRNA_2091_+	CACUG	C	136	137	411	412
23S_rRNA_2092_+	ACUGA	U	133	136	407	408
23S_rRNA_2093_+	CUGAA	G	139	140	416	417
23S_rRNA_2094_+	UGAAC	A	137	138	411	414
23S_rRNA_2095_+	GAACA	A	142	142	406	410
23S_rRNA_2096_+	AACAU	C	142	142	409	413
23S_rRNA_2097_+	ACAUU	A	135	137	407	410
23S_rRNA_2098_+	CAUUG	U	136	136	410	411
23S_rRNA_2099_+	AUUGA	U	131	132	406	410
23S_rRNA_2100_+	UUGAG	G	135	136	410	412
23S_rRNA_2101_+	UGAGC	A	134	134	408	413
23S_rRNA_2102_+	GAGCC	G	134	135	412	417
23S_rRNA_2103_+	AGCCU	C	135	136	417	418
23S_rRNA_2104_+	GCCUU	C	132	133	414	416
23S_rRNA_2105_+	CCUUG	U	128	130	406	409
23S_rRNA_2106_+	CUUGA	U	129	130	409	412
23S_rRNA_2107_+	UUGAU	G	131	131	411	412
23S_rRNA_2108_+	UGAUG	A	128	130	405	406
23S_rRNA_2109_+	GAUGU	U	128	128	402	406
23S_rRNA_2110_+	AUGUG	G	127	129	403	407
23S_rRNA_2111_+	UGUGU	U	126	128	397	400
23S_rRNA_2112_+	GUGUA	G	126	127	399	401
23S_rRNA_2113_+	UGUAG	U	125	127	392	395
23S_rRNA_2114_+	GUAGG	A	120	123	389	392
23S_rRNA_2115_+	UAGGA	G	110	121	393	395
23S_rRNA_2116_+	AGGAU	G	107	124	397	403
23S_rRNA_2117_+	GGAUA	A	119	120	390	392
23S_rRNA_2118_+	GAUAG	U	122	122	393	394
23S_rRNA_2119_+	AUAGG	A	122	123	390	391
23S_rRNA_2120_+	UAGGU	G	124	126	391	397
23S_rRNA_2121_+	AGGUG	G	125	126	389	395
23S_rRNA_2122_+	GGUGG	U	115	117	380	389
23S_rRNA_2123_+	GUGGG	G	127	128	389	391
23S_rRNA_2124_+	UGGGA	G	127	130	392	394
23S_rRNA_2125_+	GGGAG	G	114	129	391	393
23S_rRNA_2126_+	GGAGG	A	98	111	382	385
23S_rRNA_2127_+	GAGGC	G	128	128	389	391
23S_rRNA_2128_+	AGGCU	G	126	128	396	396
23S_rRNA_2129_+	GGCUU	C	99	130	392	398
23S_rRNA_2130_+	GCUUU	U	88	99	392	393
23S_rRNA_2131_+	CUUUG	U	112	122	406	408
23S_rRNA_2132_+	UUUGA	U	123	133	363	406
23S_rRNA_2133_+	UUGAA	G	134	136	403	405
23S_rRNA_2134_+	UGAAG	A	140	141	405	407
23S_rRNA_2135_+	GAAGU	A	141	142	407	408
23S_rRNA_2136_+	AAGUG	G	146	146	409	412
23S_rRNA_2137_+	AGUGU	U	146	146	404	408
23S_rRNA_2138_+	GUGUG	G	146	147	413	415
23S_rRNA_2139_+	UGUGG	U	146	148	405	409
23S_rRNA_2140_+	GUGGA	G	147	148	409	411
23S_rRNA_2141_+	UGGAC	G	147	149	413	416
23S_rRNA_2142_+	GGACG	A	144	146	407	410
23S_rRNA_2143_+	GACGC	C	145	146	413	416
23S_rRNA_2144_+	ACGCC	G	145	147	412	415
23S_rRNA_2145_+	CGCCA	C	144	147	411	413
23S_rRNA_2146_+	GCCAG	C	143	146	409	411
23S_rRNA_2147_+	CCAGU	A	145	147	404	408
23S_rRNA_2148_+	CAGUC	G	146	146	411	413
23S_rRNA_2149_+	AGUCU	U	146	149	413	414
23S_rRNA_2150_+	GUCUG	C	147	147	412	414
23S_rRNA_2151_+	UCUGC	U	145	146	408	410
23S_rRNA_2152_+	CUGCA	G	147	147	416	421
23S_rRNA_2153_+	UGCAU	C	146	149	420	421
23S_rRNA_2154_+	GCAUG	A	148	150	418	421
23S_rRNA_2155_+	CAUGG	U	147	148	417	418
23S_rRNA_2156_+	AUGGA	G	150	150	426	428
23S_rRNA_2157_+	UGGAG	G	151	151	429	430
23S_rRNA_2158_+	GGAGC	A	152	152	427	429
23S_rRNA_2159_+	GAGCC	G	152	153	433	435
23S_rRNA_2160_+	AGCCG	C	154	154	439	439
23S_rRNA_2161_+	GCCGA	C	150	152	435	437
23S_rRNA_2162_+	CCGAC	G	151	151	434	436
23S_rRNA_2163_+	CGACC	A	149	150	435	435
23S_rRNA_2164_+	GACCU	C	151	151	439	442
23S_rRNA_2165_+	ACCUU	C	147	150	437	438
23S_rRNA_2166_+	CCUUG	U	149	149	434	434
23S_rRNA_2167_+	CUUGA	U	149	151	431	433
23S_rRNA_2168_+	UUGAA	G	152	154	432	438
23S_rRNA_2169_+	UGAAA	A	151	151	428	428
23S_rRNA_2170_+	GAAAU	A	150	151	432	434
23S_rRNA_2171_+	AAAUA	A	152	153	437	439
23S_rRNA_2172_+	AAUAC	U	151	153	438	440
23S_rRNA_2173_+	AUACC	A	147	147	431	433
23S_rRNA_2174_+	UACCA	C	152	152	439	447
23S_rRNA_2175_+	ACCAC	C	150	151	441	443
23S_rRNA_2176_+	CCACC	A	147	151	435	436
23S_rRNA_2177_+	CACCC	C	151	153	444	446
23S_rRNA_2178_+	ACCCU	C	150	155	435	444
23S_rRNA_2179_+	CCCUU	C	148	153	432	440
23S_rRNA_2180_+	CCUUU	U	146	147	425	427
23S_rRNA_2181_+	CUUUA	U	146	149	431	433
23S_rRNA_2182_+	UUUAA	U	143	147	428	430
23S_rRNA_2183_+	UUAAU	A	148	148	431	431
23S_rRNA_2184_+	UAAUG	A	148	151	432	433
23S_rRNA_2185_+	AAUGU	U	142	147	427	430
23S_rRNA_2186_+	AUGUU	G	145	146	427	432
23S_rRNA_2187_+	UGUUU	U	146	146	427	428
23S_rRNA_2188_+	GUUUG	U	141	145	429	431
23S_rRNA_2189_+	UUUGA	U	147	147	429	432
23S_rRNA_2190_+	UUGAU	G	146	147	434	434
23S_rRNA_2191_+	UGAUG	A	147	149	430	432
23S_rRNA_2192_+	GAUGU	U	146	147	429	430
23S_rRNA_2193_+	AUGUU	G	146	148	437	438
23S_rRNA_2194_+	UGUUC	U	144	144	432	436
23S_rRNA_2195_+	GUUCU	U	142	144	432	434
23S_rRNA_2196_+	UUCUA	C	141	143	431	431
23S_rRNA_2197_+	UCUAA	U	131	139	421	427
23S_rRNA_2198_+	CUAAC	A	138	139	433	433
23S_rRNA_2199_+	UAACG	A	142	144	435	436
23S_rRNA_2200_+	AACGU	C	139	143	437	438
23S_rRNA_2201_+	ACGUU	G	132	139	431	434
23S_rRNA_2202_+	CGUUG	U	127	129	427	428
23S_rRNA_2203_+	GUUGA	U	73	134	351	421
23S_rRNA_2204_+	UUGAC	G	135	138	429	429
23S_rRNA_2205_+	UGACC	A	137	137	427	429
23S_rRNA_2206_+	GACCC	C	139	139	435	435
23S_rRNA_2207_+	ACCCG	C	136	138	433	436
23S_rRNA_2208_+	CCCGU	C	132	136	438	438
23S_rRNA_2209_+	CCGUA	G	127	133	441	441
23S_rRNA_2210_+	CGUAA	U	111	135	433	435
23S_rRNA_2211_+	GUAAU	A	96	123	359	427
23S_rRNA_2212_+	UAAUC	A	116	131	434	434
23S_rRNA_2213_+	AAUCC	U	113	123	435	435
23S_rRNA_2214_+	AUCCG	C	125	127	439	440
23S_rRNA_2215_+	UCCGG	C	142	143	436	444
23S_rRNA_2216_+	CCGGG	G	140	142	439	439
23S_rRNA_2217_+	CGGGU	G	142	142	441	441
23S_rRNA_2218_+	GGGUU	G	138	143	435	445
23S_rRNA_2219_+	GGUUG	U	142	142	441	441
23S_rRNA_2220_+	GUUGC	U	143	143	443	443
23S_rRNA_2221_+	UUGCG	G	143	144	442	444
23S_rRNA_2222_+	UGCGG	C	146	147	443	444
23S_rRNA_2223_+	GCGGA	G	147	147	443	444
23S_rRNA_2224_+	CGGAC	G	145	146	441	443
23S_rRNA_2225_+	GGACA	A	143	145	438	439
23S_rRNA_2226_+	GACAG	C	143	145	446	446
23S_rRNA_2227_+	ACAGU	A	143	147	441	444
23S_rRNA_2228_+	CAGUG	G	146	146	445	446
23S_rRNA_2229_+	AGUGU	U	144	144	443	445
23S_rRNA_2230_+	GUGUC	G	146	146	442	447
23S_rRNA_2231_+	UGUCU	U	142	144	437	440
23S_rRNA_2232_+	GUCUG	C	143	144	434	438
23S_rRNA_2233_+	UCUGG	U	139	145	438	442
23S_rRNA_2234_+	CUGGU	G	136	137	442	442
23S_rRNA_2235_+	UGGUG	G	133	137	442	444
23S_rRNA_2236_+	GGUGG	U	117	133	439	439
23S_rRNA_2237_+	GUGGG	G	124	124	440	442
23S_rRNA_2238_+	UGGGU	G	114	135	440	441
23S_rRNA_2239_+	GGGUA	G	130	135	435	436
23S_rRNA_2240_+	GGUAG	U	133	133	420	420
23S_rRNA_2241_+	GUAGU	A	134	136	409	409
23S_rRNA_2242_+	UAGUU	G	134	141	412	414
23S_rRNA_2243_+	AGUUU	U	133	134	412	413
23S_rRNA_2244_+	GUUUG	U	135	139	413	413
23S_rRNA_2245_+	UUUGA	U	139	141	412	412
23S_rRNA_2246_+	UUGAC	G	135	137	413	415
23S_rRNA_2247_+	UGACU	A	134	136	408	411
23S_rRNA_2248_+	GACUG	C	135	137	414	418
23S_rRNA_2249_+	ACUGG	U	129	135	404	411
23S_rRNA_2250_+	CUGGG	G	131	134	408	411
23S_rRNA_2251_+	UGGGG	G	134	136	412	417
23S_rRNA_2252_+	GGGGC	G	129	136	411	415
23S_rRNA_2253_+	GGGCG	G	132	136	411	415
23S_rRNA_2254_+	GGCGG	C	131	136	402	407
23S_rRNA_2255_+	GCGGU	G	129	134	403	405
23S_rRNA_2256_+	CGGUC	G	133	138	401	403
23S_rRNA_2257_+	GGUCU	U	134	136	392	392
23S_rRNA_2258_+	GUCUC	C	136	137	388	390
23S_rRNA_2259_+	UCUCC	U	137	137	388	388
23S_rRNA_2260_+	CUCCU	C	140	141	397	397
23S_rRNA_2261_+	UCCUC	C	138	139	397	397
23S_rRNA_2262_+	CCUCC	U	136	137	393	394
23S_rRNA_2263_+	CUCCU	C	140	140	401	401
23S_rRNA_2264_+	UCCUA	C	134	139	399	399
23S_rRNA_2265_+	CCUAA	U	110	132	392	398
23S_rRNA_2266_+	CUAAA	A	104	112	395	395
23S_rRNA_2267_+	UAAAG	A	107	115	394	395
23S_rRNA_2268_+	AAAGA	A	126	127	400	401
23S_rRNA_2269_+	AAGAG	G	115	128	406	406
23S_rRNA_2270_+	AGAGU	A	133	136	405	405
23S_rRNA_2271_+	GAGUA	G	130	139	408	409
23S_rRNA_2272_+	AGUAA	U	131	139	405	408
23S_rRNA_2273_+	GUAAC	A	138	140	406	408
23S_rRNA_2274_+	UAACG	A	137	140	406	409
23S_rRNA_2275_+	AACGG	C	137	141	410	412
23S_rRNA_2276_+	ACGGA	G	144	144	415	415
23S_rRNA_2277_+	CGGAG	G	143	143	415	417
23S_rRNA_2278_+	GGAGG	A	147	147	414	415
23S_rRNA_2279_+	GAGGA	G	148	148	417	419
23S_rRNA_2280_+	AGGAG	G	148	149	421	424
23S_rRNA_2281_+	GGAGC	A	148	148	420	423
23S_rRNA_2282_+	GAGCA	G	149	149	421	423
23S_rRNA_2283_+	AGCAC	C	151	152	424	425
23S_rRNA_2284_+	GCACG	A	144	148	422	423
23S_rRNA_2285_+	CACGA	C	143	147	429	430
23S_rRNA_2286_+	ACGAA	G	130	141	430	432
23S_rRNA_2287_+	CGAAG	A	142	145	427	428
23S_rRNA_2288_+	GAAGG	A	142	146	428	429
23S_rRNA_2289_+	AAGGU	G	142	145	430	432
23S_rRNA_2290_+	AGGUU	G	145	146	432	434
23S_rRNA_2291_+	GGUUG	U	139	143	424	425
23S_rRNA_2292_+	GUUGG	U	141	145	423	425
23S_rRNA_2293_+	UUGGC	G	148	149	429	430
23S_rRNA_2294_+	UGGCU	G	147	148	433	434
23S_rRNA_2295_+	GGCUA	C	147	148	428	431
23S_rRNA_2296_+	GCUAA	U	138	145	424	425
23S_rRNA_2297_+	CUAAU	A	145	145	424	424
23S_rRNA_2298_+	UAAUC	A	142	144	427	427
23S_rRNA_2299_+	AAUCC	U	142	143	426	427
23S_rRNA_2300_+	AUCCU	C	143	143	429	429
23S_rRNA_2301_+	UCCUG	C	143	143	424	424
23S_rRNA_2302_+	CCUGG	U	133	141	416	418
23S_rRNA_2303_+	CUGGU	G	133	134	422	422
23S_rRNA_2304_+	UGGUC	G	135	137	424	424
23S_rRNA_2305_+	GGUCG	U	124	133	409	411
23S_rRNA_2306_+	GUCGG	C	132	137	420	422
23S_rRNA_2307_+	UCGGA	G	135	140	421	424
23S_rRNA_2308_+	CGGAC	G	134	141	419	422
23S_rRNA_2309_+	GGACA	A	133	138	415	416
23S_rRNA_2310_+	GACAU	C	137	137	418	418
23S_rRNA_2311_+	ACAUC	A	131	138	414	415
23S_rRNA_2312_+	CAUCA	U	134	135	419	419
23S_rRNA_2313_+	AUCAG	C	143	143	426	427
23S_rRNA_2314_+	UCAGG	A	141	142	423	426
23S_rRNA_2315_+	CAGGA	G	138	141	428	432
23S_rRNA_2316_+	AGGAG	G	135	140	431	435
23S_rRNA_2317_+	GGAGG	A	128	135	432	433
23S_rRNA_2318_+	GAGGU	G	126	132	428	431
23S_rRNA_2319_+	AGGUU	G	126	138	431	432
23S_rRNA_2320_+	GGUUA	U	127	136	416	418
23S_rRNA_2321_+	GUUAG	U	131	134	413	415
23S_rRNA_2322_+	UUAGU	A	126	138	410	412
23S_rRNA_2323_+	UAGUG	G	134	136	417	417
23S_rRNA_2324_+	AGUGC	U	136	139	413	414
23S_rRNA_2325_+	GUGCA	G	139	141	415	420
23S_rRNA_2326_+	UGCAA	C	130	139	416	422
23S_rRNA_2327_+	GCAAU	A	125	131	413	414
23S_rRNA_2328_+	CAAUG	A	120	135	419	421
23S_rRNA_2329_+	AAUGG	U	120	130	412	419
23S_rRNA_2330_+	AUGGC	G	127	139	421	425
23S_rRNA_2331_+	UGGCA	G	140	144	429	429
23S_rRNA_2332_+	GGCAU	C	136	141	428	428
23S_rRNA_2333_+	GCAUA	A	132	138	423	426
23S_rRNA_2334_+	CAUAA	U	131	138	421	422
23S_rRNA_2335_+	AUAAG	A	136	137	421	423
23S_rRNA_2336_+	UAAGC	A	148	148	420	422
23S_rRNA_2337_+	AAGCC	G	150	151	424	424
23S_rRNA_2338_+	AGCCA	C	150	151	428	429
23S_rRNA_2339_+	GCCAG	C	148	148	425	427
23S_rRNA_2340_+	CCAGC	A	147	147	423	424
23S_rRNA_2341_+	CAGCU	G	148	148	428	430
23S_rRNA_2342_+	AGCUU	C	144	147	430	431
23S_rRNA_2343_+	GCUUG	U	136	145	426	426
23S_rRNA_2344_+	CUUGA	U	131	144	428	430
23S_rRNA_2345_+	UUGAC	G	135	144	430	431
23S_rRNA_2346_+	UGACU	A	146	148	427	430
23S_rRNA_2347_+	GACUG	C	149	149	427	432
23S_rRNA_2348_+	ACUGC	U	147	148	423	427
23S_rRNA_2349_+	CUGCG	G	148	148	435	436
23S_rRNA_2350_+	UGCGA	C	145	148	432	433
23S_rRNA_2351_+	GCGAG	G	148	149	432	434
23S_rRNA_2352_+	CGAGC	A	148	150	422	427
23S_rRNA_2353_+	GAGCG	G	153	154	427	429
23S_rRNA_2354_+	AGCGU	C	152	154	432	433
23S_rRNA_2355_+	GCGUG	G	145	149	426	430
23S_rRNA_2356_+	CGUGA	U	137	143	414	416
23S_rRNA_2357_+	GUGAC	G	134	146	424	425
23S_rRNA_2358_+	UGACG	A	131	141	420	422
23S_rRNA_2359_+	GACGG	C	135	141	425	426
23S_rRNA_2360_+	ACGGC	G	134	142	424	425
23S_rRNA_2361_+	CGGCG	G	143	151	424	424
23S_rRNA_2362_+	GGCGC	C	149	149	416	416
23S_rRNA_2363_+	GCGCG	G	149	149	416	416
23S_rRNA_2364_+	CGCGA	C	147	148	411	414
23S_rRNA_2365_+	GCGAG	G	146	148	416	416
23S_rRNA_2366_+	CGAGC	A	146	146	409	410
23S_rRNA_2367_+	GAGCA	G	146	149	414	415
23S_rRNA_2368_+	AGCAG	C	148	150	417	419
23S_rRNA_2369_+	GCAGG	A	140	146	410	413
23S_rRNA_2370_+	CAGGU	G	140	141	414	418
23S_rRNA_2371_+	AGGUG	G	136	146	418	422
23S_rRNA_2372_+	GGUGC	U	137	143	416	420
23S_rRNA_2373_+	GUGCG	G	143	145	422	422
23S_rRNA_2374_+	UGCGA	C	147	147	423	423
23S_rRNA_2375_+	GCGAA	G	130	150	421	425
23S_rRNA_2376_+	CGAAA	A	138	142	417	419
23S_rRNA_2377_+	GAAAG	A	146	146	424	424
23S_rRNA_2378_+	AAAGC	A	151	151	425	425
23S_rRNA_2379_+	AAGCA	G	146	153	428	430
23S_rRNA_2380_+	AGCAG	C	149	152	429	432
23S_rRNA_2381_+	GCAGG	A	150	155	420	425
23S_rRNA_2382_+	CAGGU	G	153	154	426	430
23S_rRNA_2383_+	AGGUC	G	155	155	431	433
23S_rRNA_2384_+	GGUCA	U	147	151	418	422
23S_rRNA_2385_+	GUCAU	C	139	150	426	427
23S_rRNA_2386_+	UCAUA	A	135	141	421	424
23S_rRNA_2387_+	CAUAG	U	134	137	421	424
23S_rRNA_2388_+	AUAGU	A	142	146	420	422
23S_rRNA_2389_+	UAGUG	G	140	146	431	431
23S_rRNA_2390_+	AGUGA	U	141	149	430	431
23S_rRNA_2391_+	GUGAU	G	142	146	430	431
23S_rRNA_2392_+	UGAUC	A	142	150	424	426
23S_rRNA_2393_+	GAUCC	U	141	145	418	423
23S_rRNA_2394_+	AUCCG	C	144	145	425	428
23S_rRNA_2395_+	UCCGG	C	146	148	425	429
23S_rRNA_2396_+	CCGGU	G	146	147	426	427
23S_rRNA_2397_+	CGGUG	G	147	148	424	428
23S_rRNA_2398_+	GGUGG	U	146	146	413	415
23S_rRNA_2399_+	GUGGU	G	149	149	421	422
23S_rRNA_2400_+	UGGUU	G	136	148	420	422
23S_rRNA_2401_+	GGUUC	U	130	132	418	418
23S_rRNA_2402_+	GUUCU	U	137	141	418	419
23S_rRNA_2403_+	UUCUG	C	137	139	416	418
23S_rRNA_2404_+	UCUGA	U	129	138	411	413
23S_rRNA_2405_+	CUGAA	G	118	137	422	423
23S_rRNA_2406_+	UGAAU	A	132	141	418	419
23S_rRNA_2407_+	GAAUG	A	130	143	424	424
23S_rRNA_2408_+	AAUGG	U	123	135	424	425
23S_rRNA_2409_+	AUGGA	G	128	133	426	426
23S_rRNA_2410_+	UGGAA	G	133	136	423	427
23S_rRNA_2411_+	GGAAG	A	134	136	415	417
23S_rRNA_2412_+	GAAGG	A	133	136	420	421
23S_rRNA_2413_+	AAGGG	G	138	140	421	426
23S_rRNA_2414_+	AGGGC	G	139	140	424	427
23S_rRNA_2415_+	GGGCC	G	143	144	425	427
23S_rRNA_2416_+	GGCCA	C	141	142	421	422
23S_rRNA_2417_+	GCCAU	C	145	145	425	425
23S_rRNA_2418_+	CCAUC	A	143	146	424	425
23S_rRNA_2419_+	CAUCG	U	142	143	423	423
23S_rRNA_2420_+	AUCGC	C	145	145	426	427
23S_rRNA_2421_+	UCGCU	G	144	145	427	427
23S_rRNA_2422_+	CGCUC	C	142	143	425	427
23S_rRNA_2423_+	GCUCA	U	134	139	416	420
23S_rRNA_2424_+	CUCAA	C	135	139	429	430
23S_rRNA_2425_+	UCAAC	A	136	138	424	427
23S_rRNA_2426_+	CAACG	A	138	140	425	425
23S_rRNA_2427_+	AACGG	C	140	144	426	430
23S_rRNA_2428_+	ACGGA	G	138	139	425	426
23S_rRNA_2429_+	CGGAU	G	128	142	429	429
23S_rRNA_2430_+	GGAUA	A	124	129	424	425
23S_rRNA_2431_+	GAUAA	U	117	122	424	426
23S_rRNA_2432_+	AUAAA	A	141	141	425	426
23S_rRNA_2433_+	UAAAA	A	136	142	429	429
23S_rRNA_2434_+	AAAAG	A	138	138	428	431
23S_rRNA_2435_+	AAAGG	A	143	143	425	426
23S_rRNA_2436_+	AAGGU	G	138	142	428	432
23S_rRNA_2437_+	AGGUA	G	138	139	431	434
23S_rRNA_2438_+	GGUAC	U	126	133	425	426
23S_rRNA_2439_+	GUACU	A	121	125	427	428
23S_rRNA_2440_+	UACUC	C	129	132	427	429
23S_rRNA_2441_+	ACUCC	U	130	131	414	423
23S_rRNA_2442_+	CUCCG	C	125	126	425	427
23S_rRNA_2443_+	UCCGG	C	121	127	410	431
23S_rRNA_2444_+	CCGGG	G	122	124	414	416
23S_rRNA_2445_+	CGGGG	G	119	128	414	421
23S_rRNA_2446_+	GGGGA	G	122	123	430	431
23S_rRNA_2447_+	GGGAU	G	115	120	429	430
23S_rRNA_2448_+	GGAUA	A	107	111	417	425
23S_rRNA_2449_+	GAUAA	U	107	109	416	419
23S_rRNA_2450_+	AUAAC	A	112	115	418	419
23S_rRNA_2451_+	UAACA	A	117	119	422	423
23S_rRNA_2452_+	AACAG	C	115	121	428	428
23S_rRNA_2453_+	ACAGG	A	116	124	423	423
23S_rRNA_2454_+	CAGGC	G	114	116	425	425
23S_rRNA_2455_+	AGGCU	G	123	123	429	430
23S_rRNA_2456_+	GGCUG	C	122	122	414	414
23S_rRNA_2457_+	GCUGA	U	116	117	400	405
23S_rRNA_2458_+	CUGAU	G	117	119	407	409
23S_rRNA_2459_+	UGAUA	A	112	113	400	401
23S_rRNA_2460_+	GAUAC	U	117	117	401	402
23S_rRNA_2461_+	AUACC	A	120	120	403	403
23S_rRNA_2462_+	UACCG	C	120	121	403	403
23S_rRNA_2463_+	ACCGC	C	120	121	403	405
23S_rRNA_2464_+	CCGCC	G	115	119	400	407
23S_rRNA_2465_+	CGCCC	C	121	121	404	407
23S_rRNA_2466_+	GCCCA	C	123	123	407	410
23S_rRNA_2467_+	CCCAA	C	121	122	410	411
23S_rRNA_2468_+	CCAAG	A	117	120	404	406
23S_rRNA_2469_+	CAAGA	A	120	120	405	407
23S_rRNA_2470_+	AAGAG	G	123	124	412	413
23S_rRNA_2471_+	AGAGU	A	124	124	413	415
23S_rRNA_2472_+	GAGUU	G	115	125	417	420
23S_rRNA_2473_+	AGUUC	U	106	117	412	414
23S_rRNA_2474_+	GUUCA	U	104	121	418	418
23S_rRNA_2475_+	UUCAU	C	110	122	423	423
23S_rRNA_2476_+	UCAUA	A	110	116	424	425
23S_rRNA_2477_+	CAUAU	U	108	118	421	422
23S_rRNA_2478_+	AUAUC	A	125	129	423	425
23S_rRNA_2479_+	UAUCG	U	128	131	425	427
23S_rRNA_2480_+	AUCGA	C	130	131	428	432
23S_rRNA_2481_+	UCGAC	G	131	132	432	434
23S_rRNA_2482_+	CGACG	A	128	131	426	428
23S_rRNA_2483_+	GACGG	C	136	137	429	431
23S_rRNA_2484_+	ACGGC	G	137	137	431	431
23S_rRNA_2485_+	CGGCG	G	136	137	432	434
23S_rRNA_2486_+	GGCGG	C	135	137	426	429
23S_rRNA_2487_+	GCGGU	G	137	138	423	424
23S_rRNA_2488_+	CGGUG	G	140	140	422	425
23S_rRNA_2489_+	GGUGU	U	139	139	417	418
23S_rRNA_2490_+	GUGUU	G	137	139	423	427
23S_rRNA_2491_+	UGUUU	U	137	137	421	421
23S_rRNA_2492_+	GUUUG	U	138	139	427	427
23S_rRNA_2493_+	UUUGG	U	135	138	424	425
23S_rRNA_2494_+	UUGGC	G	140	141	431	431
23S_rRNA_2495_+	UGGCA	G	137	141	430	431
23S_rRNA_2496_+	GGCAC	C	136	139	431	432
23S_rRNA_2497_+	GCACC	A	134	136	428	431
23S_rRNA_2498_+	CACCU	C	142	142	433	435
23S_rRNA_2499_+	ACCUC	C	136	139	430	431
23S_rRNA_2500_+	CCUCG	U	121	138	422	427
23S_rRNA_2501_+	CUCGA	C	129	141	429	432
23S_rRNA_2502_+	UCGAU	G	136	140	436	438
23S_rRNA_2503_+	CGAUG	A	134	138	427	429
23S_rRNA_2504_+	GAUGU	U	137	138	430	431
23S_rRNA_2505_+	AUGUC	G	141	144	433	433
23S_rRNA_2506_+	UGUCG	U	141	142	427	430
23S_rRNA_2507_+	GUCGG	C	143	143	430	432
23S_rRNA_2508_+	UCGGC	G	144	144	431	433
23S_rRNA_2509_+	CGGCU	G	142	144	433	434
23S_rRNA_2510_+	GGCUC	C	137	140	428	430
23S_rRNA_2511_+	GCUCA	U	133	133	423	424
23S_rRNA_2512_+	CUCAU	C	129	136	427	430
23S_rRNA_2513_+	UCAUC	A	122	130	423	425
23S_rRNA_2514_+	CAUCA	U	129	134	424	425
23S_rRNA_2515_+	AUCAC	C	137	137	427	427
23S_rRNA_2516_+	UCACA	A	131	134	419	420
23S_rRNA_2517_+	CACAU	C	139	139	424	424
23S_rRNA_2518_+	ACAUC	A	133	138	419	420
23S_rRNA_2519_+	CAUCC	U	135	135	422	424
23S_rRNA_2520_+	AUCCU	C	138	138	431	431
23S_rRNA_2521_+	UCCUG	C	135	136	426	428
23S_rRNA_2522_+	CCUGG	U	130	133	422	426
23S_rRNA_2523_+	CUGGG	G	130	132	427	428
23S_rRNA_2524_+	UGGGG	G	133	133	432	432
23S_rRNA_2525_+	GGGGC	G	102	135	281	421
23S_rRNA_2526_+	GGGCU	G	138	139	419	420
23S_rRNA_2527_+	GGCUG	C	135	137	418	418
23S_rRNA_2528_+	GCUGA	U	124	133	411	413
23S_rRNA_2529_+	CUGAA	G	125	129	418	418
23S_rRNA_2530_+	UGAAG	A	121	127	413	416
23S_rRNA_2531_+	GAAGU	A	125	132	416	416
23S_rRNA_2532_+	AAGUA	G	122	131	424	424
23S_rRNA_2533_+	AGUAG	U	114	131	422	423
23S_rRNA_2534_+	GUAGG	A	140	140	423	424
23S_rRNA_2535_+	UAGGU	G	138	139	424	429
23S_rRNA_2536_+	AGGUC	G	143	144	431	431
23S_rRNA_2537_+	GGUCC	U	137	137	420	423
23S_rRNA_2538_+	GUCCC	C	143	143	426	428
23S_rRNA_2539_+	UCCCA	C	142	142	428	428
23S_rRNA_2540_+	CCCAA	C	141	142	430	430
23S_rRNA_2541_+	CCAAG	A	140	141	427	427
23S_rRNA_2542_+	CAAGG	A	140	143	422	425
23S_rRNA_2543_+	AAGGG	G	115	144	321	419
23S_rRNA_2544_+	AGGGU	G	142	144	428	429
23S_rRNA_2545_+	GGGUA	G	137	141	430	431
23S_rRNA_2546_+	GGUAU	U	128	135	430	431
23S_rRNA_2547_+	GUAUG	A	137	139	432	433
23S_rRNA_2548_+	UAUGG	U	139	140	429	432
23S_rRNA_2549_+	AUGGC	G	141	143	435	437
23S_rRNA_2550_+	UGGCU	G	143	144	438	439
23S_rRNA_2551_+	GGCUG	C	133	144	436	437
23S_rRNA_2552_+	GCUGU	U	114	130	426	431
23S_rRNA_2553_+	CUGUU	G	108	110	432	433
23S_rRNA_2554_+	UGUUC	U	123	130	424	428
23S_rRNA_2555_+	GUUCG	U	129	137	423	426
23S_rRNA_2556_+	UUCGC	C	127	141	429	431
23S_rRNA_2557_+	UCGCC	G	141	143	430	432
23S_rRNA_2558_+	CGCCA	C	143	143	431	433
23S_rRNA_2559_+	GCCAU	C	142	142	429	430
23S_rRNA_2560_+	CCAUU	A	127	142	426	429
23S_rRNA_2561_+	CAUUU	U	128	129	428	428
23S_rRNA_2562_+	AUUUA	U	127	131	426	427
23S_rRNA_2563_+	UUUAA	U	136	140	428	428
23S_rRNA_2564_+	UUAAA	A	139	142	424	427
23S_rRNA_2565_+	UAAAG	A	140	142	429	429
23S_rRNA_2566_+	AAAGU	A	142	145	428	430
23S_rRNA_2567_+	AAGUG	G	137	143	432	433
23S_rRNA_2568_+	AGUGG	U	137	140	423	429
23S_rRNA_2569_+	GUGGU	G	140	141	422	425
23S_rRNA_2570_+	UGGUA	G	136	142	428	430
23S_rRNA_2571_+	GGUAC	U	130	136	423	423
23S_rRNA_2572_+	GUACG	A	115	132	425	426
23S_rRNA_2573_+	UACGC	C	112	121	423	429
23S_rRNA_2574_+	ACGCG	G	115	123	421	425
23S_rRNA_2575_+	CGCGA	C	130	139	424	427
23S_rRNA_2576_+	GCGAG	G	142	142	424	426
23S_rRNA_2577_+	CGAGC	A	141	141	418	423
23S_rRNA_2578_+	GAGCU	G	144	145	426	428
23S_rRNA_2579_+	AGCUG	C	143	144	420	423
23S_rRNA_2580_+	GCUGG	U	136	141	414	418
23S_rRNA_2581_+	CUGGG	G	141	142	422	425
23S_rRNA_2582_+	UGGGU	G	140	144	425	425
23S_rRNA_2583_+	GGGUU	G	122	146	420	424
23S_rRNA_2584_+	GGUUU	U	116	119	419	419
23S_rRNA_2585_+	GUUUA	U	123	134	423	423
23S_rRNA_2586_+	UUUAG	U	128	144	423	424
23S_rRNA_2587_+	UUAGA	A	139	144	420	422
23S_rRNA_2588_+	UAGAA	G	146	147	423	425
23S_rRNA_2589_+	AGAAC	A	146	148	424	424
23S_rRNA_2590_+	GAACG	A	143	148	424	426
23S_rRNA_2591_+	AACGU	C	142	143	425	427
23S_rRNA_2592_+	ACGUC	G	144	144	426	429
23S_rRNA_2593_+	CGUCG	U	143	144	425	425
23S_rRNA_2594_+	GUCGU	C	137	143	428	431
23S_rRNA_2595_+	UCGUG	G	137	140	433	433
23S_rRNA_2596_+	CGUGA	U	131	138	428	431
23S_rRNA_2597_+	GUGAG	G	141	143	434	434
23S_rRNA_2598_+	UGAGA	A	133	140	422	425
23S_rRNA_2599_+	GAGAC	G	140	142	428	429
23S_rRNA_2600_+	AGACA	A	144	144	432	434
23S_rRNA_2601_+	GACAG	C	139	144	438	439
23S_rRNA_2602_+	ACAGU	A	140	142	435	435
23S_rRNA_2603_+	CAGUU	G	143	144	435	440
23S_rRNA_2604_+	AGUUC	U	142	144	432	435
23S_rRNA_2605_+	GUUCG	U	144	145	435	436
23S_rRNA_2606_+	UUCGG	C	143	145	441	441
23S_rRNA_2607_+	UCGGU	G	142	143	437	439
23S_rRNA_2608_+	CGGUC	G	132	139	438	440
23S_rRNA_2609_+	GGUCC	U	121	137	438	438
23S_rRNA_2610_+	GUCCC	C	144	144	441	442
23S_rRNA_2611_+	UCCCU	C	148	148	439	441
23S_rRNA_2612_+	CCCUA	C	142	146	441	442
23S_rRNA_2613_+	CCUAU	U	136	140	435	437
23S_rRNA_2614_+	CUAUC	A	131	139	434	434
23S_rRNA_2615_+	UAUCU	U	138	142	431	434
23S_rRNA_2616_+	AUCUG	C	139	141	430	431
23S_rRNA_2617_+	UCUGC	U	140	142	428	428
23S_rRNA_2618_+	CUGCC	G	141	141	434	439
23S_rRNA_2619_+	UGCCG	C	142	143	431	433
23S_rRNA_2620_+	GCCGU	C	145	145	432	435
23S_rRNA_2621_+	CCGUG	G	143	145	431	434
23S_rRNA_2622_+	CGUGG	U	140	140	430	431
23S_rRNA_2623_+	GUGGG	G	144	144	437	438
23S_rRNA_2624_+	UGGGC	G	144	145	437	439
23S_rRNA_2625_+	GGGCG	G	138	141	433	438
23S_rRNA_2626_+	GGCGC	C	136	136	438	439
23S_rRNA_2627_+	GCGCU	G	139	141	437	437
23S_rRNA_2628_+	CGCUG	C	138	142	435	435
23S_rRNA_2629_+	GCUGG	U	133	143	429	431
23S_rRNA_2630_+	CUGGA	G	140	145	435	437
23S_rRNA_2631_+	UGGAG	G	139	144	438	438
23S_rRNA_2632_+	GGAGA	A	131	135	428	429
23S_rRNA_2633_+	GAGAA	G	143	144	432	432
23S_rRNA_2634_+	AGAAC	A	142	144	432	433
23S_rRNA_2635_+	GAACU	A	142	144	429	431
23S_rRNA_2636_+	AACUG	C	141	144	431	432
23S_rRNA_2637_+	ACUGA	U	126	138	420	428
23S_rRNA_2638_+	CUGAG	G	128	138	431	435
23S_rRNA_2639_+	UGAGG	A	128	137	415	427
23S_rRNA_2640_+	GAGGG	G	134	136	415	421
23S_rRNA_2641_+	AGGGG	G	130	141	421	426
23S_rRNA_2642_+	GGGGG	G	146	147	424	425
23S_rRNA_2643_+	GGGGG	G	141	141	416	422
23S_rRNA_2644_+	GGGGC	G	141	144	410	413
23S_rRNA_2645_+	GGGCU	G	139	143	407	410
23S_rRNA_2646_+	GGCUG	C	140	140	404	406
23S_rRNA_2647_+	GCUGC	U	132	138	397	398
23S_rRNA_2648_+	CUGCU	G	142	143	407	409
23S_rRNA_2649_+	UGCUC	C	144	144	403	404
23S_rRNA_2650_+	GCUCC	U	140	140	399	401
23S_rRNA_2651_+	CUCCU	C	141	141	406	408
23S_rRNA_2652_+	UCCUA	C	138	140	406	408
23S_rRNA_2653_+	CCUAG	U	131	137	406	407
23S_rRNA_2654_+	CUAGU	A	133	135	411	411
23S_rRNA_2655_+	UAGUA	G	136	136	412	413
23S_rRNA_2656_+	AGUAC	U	138	139	411	411
23S_rRNA_2657_+	GUACG	A	139	139	412	416
23S_rRNA_2658_+	UACGA	C	136	139	416	421
23S_rRNA_2659_+	ACGAG	G	134	136	413	417
23S_rRNA_2660_+	CGAGA	A	133	134	408	413
23S_rRNA_2661_+	GAGAG	G	136	137	420	422
23S_rRNA_2662_+	AGAGG	A	131	135	419	420
23S_rRNA_2663_+	GAGGA	G	133	135	424	426
23S_rRNA_2664_+	AGGAC	G	138	139	430	430
23S_rRNA_2665_+	GGACC	A	140	141	425	426
23S_rRNA_2666_+	GACCG	C	140	141	431	432
23S_rRNA_2667_+	ACCGG	C	138	139	426	429
23S_rRNA_2668_+	CCGGA	G	139	139	430	432
23S_rRNA_2669_+	CGGAG	G	140	140	427	429
23S_rRNA_2670_+	GGAGU	A	138	140	424	426
23S_rRNA_2671_+	GAGUG	G	139	141	423	425
23S_rRNA_2672_+	AGUGG	U	135	139	422	423
23S_rRNA_2673_+	GUGGA	G	144	147	428	428
23S_rRNA_2674_+	UGGAC	G	144	146	428	430
23S_rRNA_2675_+	GGACG	A	145	145	425	426
23S_rRNA_2676_+	GACGC	C	147	147	432	435
23S_rRNA_2677_+	ACGCA	G	144	145	434	434
23S_rRNA_2678_+	CGCAU	C	145	145	433	434
23S_rRNA_2679_+	GCAUC	A	145	147	430	432
23S_rRNA_2680_+	CAUCA	U	142	143	431	431
23S_rRNA_2681_+	AUCAC	C	145	146	435	435
23S_rRNA_2682_+	UCACU	A	140	144	429	433
23S_rRNA_2683_+	CACUG	C	141	143	432	433
23S_rRNA_2684_+	ACUGG	U	141	143	419	429
23S_rRNA_2685_+	CUGGU	G	134	140	425	427
23S_rRNA_2686_+	UGGUG	G	134	138	433	435
23S_rRNA_2687_+	GGUGU	U	119	133	424	429
23S_rRNA_2688_+	GUGUU	G	120	128	423	427
23S_rRNA_2689_+	UGUUC	U	123	134	416	417
23S_rRNA_2690_+	GUUCG	U	123	142	420	421
23S_rRNA_2691_+	UUCGG	C	143	143	421	423
23S_rRNA_2692_+	UCGGG	G	143	144	424	425
23S_rRNA_2693_+	CGGGU	G	143	144	425	427
23S_rRNA_2694_+	GGGUU	G	138	142	427	428
23S_rRNA_2695_+	GGUUG	U	130	137	415	416
23S_rRNA_2696_+	GUUGU	U	132	134	414	414
23S_rRNA_2697_+	UUGUC	G	139	140	418	420
23S_rRNA_2698_+	UGUCA	U	140	141	416	416
23S_rRNA_2699_+	GUCAU	C	142	144	414	415
23S_rRNA_2700_+	UCAUG	A	135	142	414	415
23S_rRNA_2701_+	CAUGC	U	131	140	415	415
23S_rRNA_2702_+	AUGCC	G	135	142	411	415
23S_rRNA_2703_+	UGCCA	C	143	146	412	415
23S_rRNA_2704_+	GCCAA	C	141	145	417	418
23S_rRNA_2705_+	CCAAU	A	136	142	411	412
23S_rRNA_2706_+	CAAUG	A	140	145	415	416
23S_rRNA_2707_+	AAUGG	U	144	146	414	415
23S_rRNA_2708_+	AUGGC	G	148	148	415	417
23S_rRNA_2709_+	UGGCA	G	149	151	414	418
23S_rRNA_2710_+	GGCAC	C	146	148	418	422
23S_rRNA_2711_+	GCACU	A	140	145	420	421
23S_rRNA_2712_+	CACUG	C	140	144	421	421
23S_rRNA_2713_+	ACUGC	U	140	143	415	417
23S_rRNA_2714_+	CUGCC	G	142	144	415	419
23S_rRNA_2715_+	UGCCC	C	148	148	418	419
23S_rRNA_2716_+	GCCCG	C	148	148	424	424
23S_rRNA_2717_+	CCCGG	C	147	148	426	427
23S_rRNA_2718_+	CCGGU	G	147	148	426	429
23S_rRNA_2719_+	CGGUA	G	145	149	430	430
23S_rRNA_2720_+	GGUAG	U	145	146	425	426
23S_rRNA_2721_+	GUAGC	A	146	147	423	425
23S_rRNA_2722_+	UAGCU	G	150	150	429	432
23S_rRNA_2723_+	AGCUA	C	148	149	430	431
23S_rRNA_2724_+	GCUAA	U	119	147	421	429
23S_rRNA_2725_+	CUAAA	A	119	119	420	420
23S_rRNA_2726_+	UAAAU	A	119	119	426	427
23S_rRNA_2727_+	AAAUG	A	146	147	435	438
23S_rRNA_2728_+	AAUGC	U	147	147	434	437
23S_rRNA_2729_+	AUGCG	G	145	147	437	440
23S_rRNA_2730_+	UGCGG	C	146	149	440	441
23S_rRNA_2731_+	GCGGA	G	144	150	437	438
23S_rRNA_2732_+	CGGAA	G	142	146	435	436
23S_rRNA_2733_+	GGAAG	A	133	138	426	429
23S_rRNA_2734_+	GAAGA	A	140	141	421	425
23S_rRNA_2735_+	AAGAG	G	145	149	429	430
23S_rRNA_2736_+	AGAGA	A	149	150	427	429
23S_rRNA_2737_+	GAGAU	G	140	149	428	433
23S_rRNA_2738_+	AGAUA	A	139	142	423	425
23S_rRNA_2739_+	GAUAA	U	128	137	423	425
23S_rRNA_2740_+	AUAAG	A	140	143	427	430
23S_rRNA_2741_+	UAAGU	A	154	154	433	436
23S_rRNA_2742_+	AAGUG	G	155	155	430	436
23S_rRNA_2743_+	AGUGC	U	153	155	425	427
23S_rRNA_2744_+	GUGCU	G	149	151	434	439
23S_rRNA_2745_+	UGCUG	C	146	149	438	438
23S_rRNA_2746_+	GCUGA	U	141	146	434	436
23S_rRNA_2747_+	CUGAA	G	127	150	437	441
23S_rRNA_2748_+	UGAAA	A	130	133	434	434
23S_rRNA_2749_+	GAAAG	A	130	134	436	437
23S_rRNA_2750_+	AAAGC	A	149	151	435	436
23S_rRNA_2751_+	AAGCA	G	148	150	441	441
23S_rRNA_2752_+	AGCAU	C	152	152	442	443
23S_rRNA_2753_+	GCAUC	A	147	150	439	441
23S_rRNA_2754_+	CAUCU	U	145	147	433	437
23S_rRNA_2755_+	AUCUA	C	149	149	436	436
23S_rRNA_2756_+	UCUAA	U	143	149	430	434
23S_rRNA_2757_+	CUAAG	A	147	147	432	433
23S_rRNA_2758_+	UAAGC	A	150	151	429	432
23S_rRNA_2759_+	AAGCA	G	150	151	437	438
23S_rRNA_2760_+	AGCAC	C	154	154	438	441
23S_rRNA_2761_+	GCACG	A	153	153	437	439
23S_rRNA_2762_+	CACGA	C	152	153	439	443
23S_rRNA_2763_+	ACGAA	G	148	154	440	442
23S_rRNA_2764_+	CGAAA	A	138	145	433	435
23S_rRNA_2765_+	GAAAC	A	142	146	437	440
23S_rRNA_2766_+	AAACU	A	150	151	444	445
23S_rRNA_2767_+	AACUU	C	148	151	443	446
23S_rRNA_2768_+	ACUUG	U	145	149	436	438
23S_rRNA_2769_+	CUUGC	U	138	145	433	435
23S_rRNA_2770_+	UUGCC	G	142	149	427	439
23S_rRNA_2771_+	UGCCC	C	147	147	433	433
23S_rRNA_2772_+	GCCCC	C	145	147	436	438
23S_rRNA_2773_+	CCCCG	C	147	148	437	439
23S_rRNA_2774_+	CCCGA	C	137	149	434	439
23S_rRNA_2775_+	CCGAG	G	131	134	435	436
23S_rRNA_2776_+	CGAGA	A	123	131	422	426
23S_rRNA_2777_+	GAGAU	G	137	140	433	434
23S_rRNA_2778_+	AGAUG	A	123	141	434	437
23S_rRNA_2779_+	GAUGA	U	113	127	436	439
23S_rRNA_2780_+	AUGAG	G	136	141	441	444
23S_rRNA_2781_+	UGAGU	A	143	144	438	440
23S_rRNA_2782_+	GAGUU	G	150	151	444	445
23S_rRNA_2783_+	AGUUC	U	151	151	440	443
23S_rRNA_2784_+	GUUCU	U	149	152	442	443
23S_rRNA_2785_+	UUCUC	C	148	150	437	439
23S_rRNA_2786_+	UCUCC	U	147	149	432	434
23S_rRNA_2787_+	CUCCC	C	148	150	443	443
23S_rRNA_2788_+	UCCCU	C	151	151	441	445
23S_rRNA_2789_+	CCCUG	C	149	150	439	439
23S_rRNA_2790_+	CCUGA	U	140	143	433	434
23S_rRNA_2791_+	CUGAC	G	141	142	435	435
23S_rRNA_2792_+	UGACU	A	138	140	431	431
23S_rRNA_2793_+	GACUC	C	124	141	395	429
23S_rRNA_2794_+	ACUCC	U	95	120	300	386
23S_rRNA_2795_+	CUCCU	C	137	137	419	421
23S_rRNA_2796_+	UCCUU	C	113	135	335	421
23S_rRNA_2797_+	CCUUG	U	127	132	415	417
23S_rRNA_2798_+	CUUGA	U	100	131	414	416
23S_rRNA_2799_+	UUGAG	G	73	107	300	392
23S_rRNA_2800_+	UGAGA	A	108	109	379	382
23S_rRNA_2801_+	GAGAG	G	128	128	382	385
23S_rRNA_2802_+	AGAGU	A	99	131	289	384
23S_rRNA_2803_+	GAGUC	G	138	140	415	416
23S_rRNA_2804_+	AGUCC	U	133	137	413	419
23S_rRNA_2805_+	GUCCU	C	137	137	426	426
23S_rRNA_2806_+	UCCUG	C	135	136	426	428
23S_rRNA_2807_+	CCUGA	U	132	138	421	427
23S_rRNA_2808_+	CUGAA	G	135	140	431	435
23S_rRNA_2809_+	UGAAG	A	131	137	430	436
23S_rRNA_2810_+	GAAGG	A	136	139	439	440
23S_rRNA_2811_+	AAGGA	G	133	140	439	443
23S_rRNA_2812_+	AGGAA	G	134	141	444	447
23S_rRNA_2813_+	GGAAC	A	142	143	428	428
23S_rRNA_2814_+	GAACG	A	144	144	430	430
23S_rRNA_2815_+	AACGU	C	141	146	416	432
23S_rRNA_2816_+	ACGUU	G	139	141	435	436
23S_rRNA_2817_+	CGUUG	U	138	139	433	434
23S_rRNA_2818_+	GUUGA	U	132	141	431	434
23S_rRNA_2819_+	UUGAA	G	128	137	422	422
23S_rRNA_2820_+	UGAAG	A	127	136	420	421
23S_rRNA_2821_+	GAAGA	A	130	140	420	425
23S_rRNA_2822_+	AAGAC	G	132	138	428	429
23S_rRNA_2823_+	AGACG	A	133	137	428	430
23S_rRNA_2824_+	GACGA	C	137	140	436	436
23S_rRNA_2825_+	ACGAC	G	147	147	431	435
23S_rRNA_2826_+	CGACG	A	140	141	428	430
23S_rRNA_2827_+	GACGA	C	142	143	432	434
23S_rRNA_2828_+	ACGAC	G	142	142	433	434
23S_rRNA_2829_+	CGACG	A	138	143	434	434
23S_rRNA_2830_+	GACGU	C	136	139	436	437
23S_rRNA_2831_+	ACGUU	G	136	138	433	435
23S_rRNA_2832_+	CGUUG	U	131	137	425	427
23S_rRNA_2833_+	GUUGA	U	132	138	426	427
23S_rRNA_2834_+	UUGAU	G	128	135	431	431
23S_rRNA_2835_+	UGAUA	A	127	134	421	426
23S_rRNA_2836_+	GAUAG	U	132	134	424	429
23S_rRNA_2837_+	AUAGG	A	139	142	422	424
23S_rRNA_2838_+	UAGGC	G	138	139	427	430
23S_rRNA_2839_+	AGGCC	G	140	140	427	433
23S_rRNA_2840_+	GGCCG	C	138	138	426	430
23S_rRNA_2841_+	GCCGG	C	137	140	418	429
23S_rRNA_2842_+	CCGGG	G	133	134	416	417
23S_rRNA_2843_+	CGGGU	G	132	136	415	418
23S_rRNA_2844_+	GGGUG	G	132	137	411	413
23S_rRNA_2845_+	GGUGU	U	127	129	397	398
23S_rRNA_2846_+	GUGUG	G	136	137	400	403
23S_rRNA_2847_+	UGUGU	U	130	133	390	395
23S_rRNA_2848_+	GUGUA	G	138	138	401	402
23S_rRNA_2849_+	UGUAA	U	132	135	394	397
23S_rRNA_2850_+	GUAAG	A	130	131	398	400
23S_rRNA_2851_+	UAAGC	A	134	135	397	402
23S_rRNA_2852_+	AAGCG	G	134	136	402	403
23S_rRNA_2853_+	AGCGC	C	137	137	404	406
23S_rRNA_2854_+	GCGCA	G	133	134	405	406
23S_rRNA_2855_+	CGCAG	C	136	137	407	407
23S_rRNA_2856_+	GCAGC	A	133	135	400	404
23S_rRNA_2857_+	CAGCG	G	131	135	406	406
23S_rRNA_2858_+	AGCGA	C	133	133	408	409
23S_rRNA_2859_+	GCGAU	G	130	132	410	410
23S_rRNA_2860_+	CGAUG	A	123	128	405	406
23S_rRNA_2861_+	GAUGC	U	129	131	404	404
23S_rRNA_2862_+	AUGCG	G	132	132	409	409
23S_rRNA_2863_+	UGCGU	C	133	133	410	411
23S_rRNA_2864_+	GCGUU	G	132	133	412	414
23S_rRNA_2865_+	CGUUG	U	127	127	411	411
23S_rRNA_2866_+	GUUGA	U	125	127	414	414
23S_rRNA_2867_+	UUGAG	G	127	128	412	415
23S_rRNA_2868_+	UGAGC	A	123	124	408	408
23S_rRNA_2869_+	GAGCU	G	126	127	412	413
23S_rRNA_2870_+	AGCUA	C	125	127	412	414
23S_rRNA_2871_+	GCUAA	U	124	125	408	408
23S_rRNA_2872_+	CUAAC	A	124	124	412	413
23S_rRNA_2873_+	UAACC	A	118	120	411	411
23S_rRNA_2874_+	AACCG	C	119	119	417	418
23S_rRNA_2875_+	ACCGG	C	119	120	415	415
23S_rRNA_2876_+	CCGGU	G	115	115	414	415
23S_rRNA_2877_+	CGGUA	G	116	116	413	415
23S_rRNA_2878_+	GGUAC	U	109	111	412	412
23S_rRNA_2879_+	GUACU	A	109	110	402	402
23S_rRNA_2880_+	UACUA	C	108	109	402	402
23S_rRNA_2881_+	ACUAA	U	100	103	396	399
23S_rRNA_2882_+	CUAAU	A	102	105	389	389
23S_rRNA_2883_+	UAAUG	A	98	99	386	387
23S_rRNA_2884_+	AAUGA	U	95	99	382	383
23S_rRNA_2885_+	AUGAA	G	97	101	375	375
23S_rRNA_2886_+	UGAAC	A	94	96	363	363
23S_rRNA_2887_+	GAACC	A	87	90	348	349
23S_rRNA_2888_+	AACCG	C	89	93	353	353
23S_rRNA_2889_+	ACCGU	C	87	88	337	340
23S_rRNA_2890_+	CCGUG	G	80	80	330	333
23S_rRNA_2891_+	CGUGA	U	71	74	313	316
23S_rRNA_2892_+	GUGAG	G	78	78	306	308
23S_rRNA_2893_+	UGAGG	A	71	77	295	296
23S_rRNA_2894_+	GAGGC	G	72	72	291	292
23S_rRNA_2895_+	AGGCU	G	75	75	280	284
23S_rRNA_2896_+	GGCUU	C	70	71	271	272
23S_rRNA_2897_+	GCUUA	U	68	68	258	258
23S_rRNA_2898_+	CUUAA	U	67	67	258	258
23S_rRNA_2899_+	UUAAC	A	63	64	250	250
23S_rRNA_2900_+	UAACC	A	60	60	243	243
23S_rRNA_2901_+	AACCU	C	61	61	240	240
23S_rRNA_2902_+	ACCUU	C	61	61	237	237
23S_rRNA_2903_+	CCUUN	U	56	56	219	219
23S_rRNA_2904_+	CUUNN	U	52	52	193	193
